id_AK,id_temp,FRN_NameAsPublished,FRN_Date
TR48,27,Absentee-Shawnee Tribe of Indians of Oklahoma,12/11/2024
AKNV,5,Agdaagux Tribe of King Cove,12/11/2024
TR48,4,"Agua Caliente Band of Cahuilla Indians of the Agua Caliente Indian Reservation, California",12/11/2024
TR48,8,Ak-Chin Indian Community,12/11/2024
AKNV,7,Akiachak Native Community,12/11/2024
AKNV,10,Akiak Native Community,12/11/2024
TR48,15,Alabama-Coushatta Tribe of Texas,12/11/2024
TR48,18,Alabama-Quassarte Tribal Town,12/11/2024
AKNV,14,Alatna Village,12/11/2024
AKNV,16,Algaaciq Native Village (St. Mary's),12/11/2024
AKNV,12,Allakaket Village,12/11/2024
TR48,20,"Alturas Indian Rancheria, California",12/11/2024
AKNV,19,Alutiiq Tribe of Old Harbor,12/11/2024
AKNV,22,Angoon Community Association,12/11/2024
AKNV,24,Anvik Village,12/11/2024
TR48,25,Apache Tribe of Oklahoma,12/11/2024
AKNV,26,Arctic Village (See Native Village of Venetie Tribal Government),12/11/2024
AKNV,2,Asa'carsarmiut Tribe,12/11/2024
TR48,28,"Assiniboine and Sioux Tribes of the Fort Peck Indian Reservation, Montana",12/11/2024
TR48,6,"Augustine Band of Cahuilla Indians, California",12/11/2024
TR48,52,"Bad River Band of the Lake Superior Tribe of Chippewa Indians of the Bad River Reservation, Wisconsin",12/11/2024
TR48,54,"Bay Mills Indian Community, Michigan",12/11/2024
TR48,34,"Bear River Band of the Rohnerville Rancheria, California",12/11/2024
AKNV,35,Beaver Village,12/11/2024
TR48,49,Berry Creek Rancheria of Maidu Indians of California,12/11/2024
TR48,37,"Big Lagoon Rancheria, California",12/11/2024
TR48,38,Big Pine Paiute Tribe of the Owens Valley,12/11/2024
TR48,39,Big Sandy Rancheria of Western Mono Indians of California,12/11/2024
TR48,40,"Big Valley Band of Pomo Indians of the Big Valley Rancheria, California",12/11/2024
AKNV,42,Birch Creek Tribe,12/11/2024
TR48,43,Bishop Paiute Tribe,12/11/2024
TR48,44,Blackfeet Tribe of the Blackfeet Indian Reservation of Montana,12/11/2024
TR48,47,"Blue Lake Rancheria, California",12/11/2024
TR48,51,Bridgeport Indian Colony,12/11/2024
TR48,48,Buena Vista Rancheria of Me-Wuk Indians of California,12/11/2024
TR48,53,Burns Paiute Tribe,12/11/2024
TR48,61,"Cabazon Band of Cahuilla Indians (previously listed as Cabazon Band of Mission Indians, California)",12/11/2024
TR48,63,"Cachil DeHe Band of Wintun Indians of the Colusa Indian Community of the Colusa Rancheria, California",12/11/2024
TR48,55,Caddo Nation of Oklahoma,12/11/2024
TR48,56,Cahto Tribe of the Laytonville Rancheria,12/11/2024
TR48,94,Cahuilla Band of Indians,12/11/2024
TR48,59,"California Valley Miwok Tribe, California",12/11/2024
TR48,100,"Campo Band of Diegueno Mission Indians of the Campo Indian Reservation, California",12/11/2024
TR48,57,"Capitan Grande Band of Diegueno Mission Indians of California (Barona Group of Capitan Grande Band of Mission Indians of the Barona Reservation, California; Viejas (Baron Long) Group of Capitan Grande Band of Mission Indians of the Viejas Reservation, California)",12/11/2024
TR48,58,Catawba Indian Nation,12/11/2024
TR48,60,Cayuga Nation,12/11/2024
TR48,64,"Cedarville Rancheria, California",12/11/2024
AKNV,506,Central Council of the Tlingit & Haida Indian Tribes,12/11/2024
AKNV,81,Chalkyitsik Village,12/11/2024
AKNV,86,Cheesh-Na Tribe,12/11/2024
TR48,82,"Chemehuevi Indian Tribe of the Chemehuevi Reservation, California",12/11/2024
TR48,84,"Cher-Ae Heights Indian Community of the Trinidad Rancheria, California",12/11/2024
TR48,78,Cherokee Nation,12/11/2024
AKNV,74,Chevak Native Village,12/11/2024
TR48,90,"Cheyenne and Arapaho Tribes, Oklahoma",12/11/2024
TR48,91,"Cheyenne River Sioux Tribe of the Cheyenne River Reservation, South Dakota",12/11/2024
TR48,69,Chickahominy Indian Tribe,12/11/2024
TR48,68,Chickahominy Indian Tribe—Eastern Division,12/11/2024
AKNV,70,Chickaloon Native Village,12/11/2024
TR48,85,Chicken Ranch Rancheria of Me-Wuk Indians of California,12/11/2024
AKNV,66,Chignik Bay Tribal Council,12/11/2024
AKNV,67,Chignik Lake Village,12/11/2024
AKNV,80,Chilkat Indian Village (Klukwan),12/11/2024
AKNV,95,Chilkoot Indian Association (Haines),12/11/2024
AKNV,77,Chinik Eskimo Community (Golovin),12/11/2024
TR48,71,"Chippewa Cree Indians of the Rocky Boy's Reservation, Montana",12/11/2024
TR48,89,Chitimacha Tribe of Louisiana,12/11/2024
AKNV,96,Chuloonawick Native Village,12/11/2024
AKNV,92,Circle Native Community,12/11/2024
TR48,93,"Citizen Potawatomi Nation, Oklahoma",12/11/2024
TR48,62,Cloverdale Rancheria of Pomo Indians of California,12/11/2024
TR48,103,Cocopah Tribe of Arizona,12/11/2024
TR48,114,Coeur D'Alene Tribe,12/11/2024
TR48,119,Cold Springs Rancheria of Mono Indians of California,12/11/2024
TR48,107,"Colorado River Indian Tribes of the Colorado River Indian Reservation, Arizona and California",12/11/2024
TR48,99,"Comanche Nation, Oklahoma",12/11/2024
TR48,118,Confederated Salish and Kootenai Tribes of the Flathead Reservation,12/11/2024
TR48,563,Confederated Tribes and Bands of the Yakama Nation,12/11/2024
TR48,444,Confederated Tribes of Siletz Indians of Oregon,12/11/2024
TR48,73,Confederated Tribes of the Chehalis Reservation,12/11/2024
TR48,105,Confederated Tribes of the Colville Reservation,12/11/2024
TR48,98,"Confederated Tribes of the Coos, Lower Umpqua and Siuslaw Indians",12/11/2024
TR48,65,"Confederated Tribes of the Goshute Reservation, Nevada and Utah",12/11/2024
TR48,153,Confederated Tribes of the Grand Ronde Community of Oregon,12/11/2024
TR48,529,Confederated Tribes of the Umatilla Indian Reservation,12/11/2024
TR48,560,Confederated Tribes of the Warm Springs Reservation of Oregon,12/11/2024
TR48,106,Coquille Indian Tribe,12/11/2024
TR48,109,Coushatta Tribe of Louisiana,12/11/2024
TR48,110,Cow Creek Band of Umpqua Tribe of Indians,12/11/2024
TR48,111,Cowlitz Indian Tribe,12/11/2024
TR48,120,Coyote Valley Band of Pomo Indians of California,12/11/2024
AKNV,112,Craig Tribal Association,12/11/2024
TR48,113,"Crow Creek Sioux Tribe of the Crow Creek Reservation, South Dakota",12/11/2024
TR48,116,Crow Tribe of Montana,12/11/2024
AKNV,117,Curyung Tribal Council,12/11/2024
TR48,123,"Delaware Nation, Oklahoma",12/11/2024
TR48,124,Delaware Tribe of Indians,12/11/2024
AKNV,126,Douglas Indian Association,12/11/2024
TR48,121,"Dry Creek Rancheria Band of Pomo Indians, California",12/11/2024
TR48,127,"Duckwater Shoshone Tribe of the Duckwater Reservation, Nevada",1/8/2024
TR48,127,"Duckwater Shoshone Tribe (previously listed as Duckwater Shoshone Tribe of the Duckwater Reservation, Nevada)",12/11/2024
TR48,129,Eastern Band of Cherokee Indians,12/11/2024
TR48,138,Eastern Shawnee Tribe of Oklahoma,12/11/2024
TR48,128,"Eastern Shoshone Tribe of the Wind River Reservation, Wyoming",12/11/2024
AKNV,130,Egegik Village,12/11/2024
AKNV,131,Eklutna Native Village,12/11/2024
TR48,133,"Elem Indian Colony of Pomo Indians of the Sulphur Bank Rancheria, California",12/11/2024
TR48,132,"Elk Valley Rancheria, California",12/11/2024
TR48,134,Ely Shoshone Tribe of Nevada,12/11/2024
AKNV,135,Emmonak Village,12/11/2024
TR48,136,Enterprise Rancheria of Maidu Indians of California,12/11/2024
AKNV,139,Evansville Village (aka Bettles Field),12/11/2024
TR48,137,"Ewiiaapaayp Band of Kumeyaay Indians, California",12/11/2024
TR48,151,"Federated Indians of Graton Rancheria, California",12/11/2024
TR48,143,Flandreau Santee Sioux Tribe of South Dakota,12/11/2024
TR48,142,"Forest County Potawatomi Community, Wisconsin",12/11/2024
TR48,36,Fort Belknap Indian Community of the Fort Belknap Reservation of Montana,12/11/2024
TR48,41,Fort Bidwell Indian Community of the Fort Bidwell Reservation of California,12/11/2024
TR48,181,"Fort Independence Indian Community of Paiute Indians of the Fort Independence Reservation, California",12/11/2024
TR48,141,"Fort McDermitt Paiute and Shoshone Tribes of the Fort McDermitt Indian Reservation, Nevada and Oregon",12/11/2024
TR48,260,"Fort McDowell Yavapai Nation, Arizona",12/11/2024
TR48,281,"Fort Mojave Indian Tribe of Arizona, California & Nevada",12/11/2024
TR48,451,Fort Sill Apache Tribe of Oklahoma,12/11/2024
TR48,148,"Gila River Indian Community of the Gila River Indian Reservation, Arizona",12/11/2024
TR48,155,"Grand Traverse Band of Ottawa and Chippewa Indians, Michigan",12/11/2024
TR48,152,Greenville Rancheria,12/11/2024
TR48,158,Grindstone Indian Rancheria of Wintun-Wailaki Indians of California,12/11/2024
TR48,156,Guidiville Rancheria of California,12/11/2024
AKNV,149,Gulkana Village Council,12/11/2024
TR48,167,"Habematolel Pomo of Upper Lake, California",12/11/2024
TR48,160,"Hannahville Indian Community, Michigan",12/11/2024
TR48,161,"Havasupai Tribe of the Havasupai Reservation, Arizona",12/11/2024
AKNV,164,Healy Lake Village,12/11/2024
TR48,168,Ho-Chunk Nation of Wisconsin,12/11/2024
TR48,169,Hoh Indian Tribe,12/11/2024
AKNV,162,Holy Cross Tribe,12/11/2024
AKNV,170,Hoonah Indian Association,12/11/2024
TR48,171,"Hoopa Valley Tribe, California",12/11/2024
TR48,173,Hopi Tribe of Arizona,12/11/2024
TR48,165,"Hopland Band of Pomo Indians, California",12/11/2024
TR48,166,Houlton Band of Maliseet Indians,12/11/2024
TR48,174,"Hualapai Indian Tribe of the Hualapai Indian Reservation, Arizona",12/11/2024
AKNV,175,Hughes Village,12/11/2024
AKNV,176,Huslia Village,12/11/2024
AKNV,163,Hydaburg Cooperative Association,12/11/2024
AKNV,177,Igiugig Village,12/11/2024
TR48,178,"Iipay Nation of Santa Ysabel, California",12/11/2024
TR48,179,"Inaja Band of Diegueno Mission Indians of the Inaja and Cosmit Reservation, California",12/11/2024
AKNV,182,Inupiat Community of the Arctic Slope,12/11/2024
TR48,184,Ione Band of Miwok Indians of California,12/11/2024
TR48,185,Iowa Tribe of Kansas and Nebraska,12/11/2024
TR48,186,Iowa Tribe of Oklahoma,12/11/2024
AKNV,187,Iqugmiut Traditional Council,12/11/2024
AKNV,189,Ivanof Bay Tribe,12/11/2024
TR48,192,Jackson Band of Miwuk Indians,12/11/2024
TR48,195,Jamestown S'Klallam Tribe,12/11/2024
TR48,190,Jamul Indian Village of California,12/11/2024
TR48,191,Jena Band of Choctaw Indians,12/11/2024
TR48,194,"Jicarilla Apache Nation, New Mexico",12/11/2024
AKNV,196,Kaguyak Village,12/11/2024
TR48,197,"Kaibab Band of Paiute Indians of the Kaibab Indian Reservation, Arizona",12/11/2024
AKNV,214,Kaktovik Village (aka Barter Island),12/11/2024
TR48,198,Kalispel Indian Community of the Kalispel Reservation,12/11/2024
TR48,202,Karuk Tribe,12/11/2024
TR48,230,"Kashia Band of Pomo Indians of the Stewarts Point Rancheria, California",12/11/2024
AKNV,229,Kasigluk Traditional Elders Council,12/11/2024
TR48,204,"Kaw Nation, Oklahoma",12/11/2024
AKNV,210,Kenaitze Indian Tribe,12/11/2024
AKNV,231,Ketchikan Indian Community,12/11/2024
TR48,236,"Keweenaw Bay Indian Community, Michigan",12/11/2024
TR48,211,Kialegee Tribal Town,12/11/2024
TR48,208,Kickapoo Traditional Tribe of Texas,12/11/2024
TR48,206,Kickapoo Tribe of Indians of the Kickapoo Reservation in Kansas,12/11/2024
TR48,207,Kickapoo Tribe of Oklahoma,12/11/2024
AKNV,220,King Island Native Community,12/11/2024
AKNV,221,King Salmon Tribe,12/11/2024
TR48,212,Kiowa Indian Tribe of Oklahoma,12/11/2024
TR48,215,Klamath Tribes,12/11/2024
AKNV,216,Klawock Cooperative Association,12/11/2024
TR48,209,Kletsel Dehe Wintun Nation of the Cortina Rancheria (previously listed as Kletsel Dehe Band of Wintun Indians),12/11/2024
AKNV,222,Knik Tribe,12/11/2024
TR48,224,Koi Nation of Northern California,12/11/2024
AKNV,225,Kokhanok Village,12/11/2024
TR48,232,Kootenai Tribe of Idaho,12/11/2024
AKNV,227,Koyukuk Native Village,12/11/2024
TR48,244,"La Jolla Band of Luiseno Indians, California",12/11/2024
TR48,248,"La Posta Band of Diegueno Mission Indians of the La Posta Indian Reservation, California",12/11/2024
TR48,104,Lac Courte Oreilles Band of Lake Superior Chippewa Indians of Wisconsin,12/11/2024
TR48,140,Lac du Flambeau Band of Lake Superior Chippewa Indians of the Lac du Flambeau Reservation of Wisconsin,12/11/2024
TR48,539,Lac Vieux Desert Band of Lake Superior Chippewa Indians of Michigan,12/11/2024
TR48,253,"Las Vegas Tribe of Paiute Indians of the Las Vegas Indian Colony, Nevada",12/11/2024
AKNV,242,Levelock Village,12/11/2024
AKNV,243,Lime Village,12/11/2024
TR48,249,"Little River Band of Ottawa Indians, Michigan",12/11/2024
TR48,250,Little Shell Tribe of Chippewa Indians of Montana,12/11/2024
TR48,251,"Little Traverse Bay Bands of Odawa Indians, Michigan",12/11/2024
TR48,247,Lone Pine Paiute-Shoshone Tribe,12/11/2024
TR48,240,"Los Coyotes Band of Cahuilla and Cupeno Indians, California",12/11/2024
AKNV,246,Louden Tribe (previously listed as Galena Village (aka Louden Village)),12/11/2024
TR48,254,"Lovelock Paiute Tribe of the Lovelock Indian Colony, Nevada",12/11/2024
TR48,255,"Lower Brule Sioux Tribe of the Lower Brule Reservation, South Dakota",12/11/2024
TR48,241,Lower Elwha Tribal Community,12/11/2024
TR48,256,Lower Sioux Indian Community in the State of Minnesota,12/11/2024
TR48,252,Lummi Tribe of the Lummi Reservation,12/11/2024
TR48,257,Lytton Rancheria of California,12/11/2024
TR48,258,Makah Indian Tribe of the Makah Indian Reservation,12/11/2024
TR48,265,"Manchester Band of Pomo Indians of the Manchester Rancheria, California",12/11/2024
AKNV,276,Manley Hot Springs Village,12/11/2024
AKNV,278,Manokotak Village,12/11/2024
TR48,292,"Manzanita Band of Diegueno Mission Indians of the Manzanita Reservation, California",12/11/2024
TR48,284,Mashantucket Pequot Indian Tribe,12/11/2024
TR48,291,Mashpee Wampanoag Tribe,12/11/2024
TR48,259,Match-e-be-nash-she-wish Band of Pottawatomi Indians of Michigan,12/11/2024
AKNV,261,McGrath Native Village,12/11/2024
TR48,263,"Mechoopda Indian Tribe of Chico Rancheria, California",12/11/2024
TR48,277,Menominee Indian Tribe of Wisconsin,12/11/2024
AKNV,279,Mentasta Traditional Council,12/11/2024
TR48,288,"Mesa Grande Band of Diegueno Mission Indians of the Mesa Grande Reservation, California",12/11/2024
TR48,287,"Mescalero Apache Tribe of the Mescalero Reservation, New Mexico",12/11/2024
AKNV,289,"Metlakatla Indian Community, Annette Island Reserve",12/11/2024
TR48,271,Miami Tribe of Oklahoma,12/11/2024
TR48,267,Miccosukee Tribe of Indians,12/11/2024
TR48,290,Middletown Rancheria of Pomo Indians of California,12/11/2024
TR48,273,Mi'kmaq Nation (previously listed as Aroostook Band of Micmacs),12/11/2024
TR48,274,"Minnesota Chippewa Tribe, Minnesota (Six component reservations: Bois Forte Band (Nett Lake); Fond du Lac Band; Grand Portage Band; Leech Lake Band; Mille Lacs Band; White Earth Band)",12/11/2024
TR48,262,Mississippi Band of Choctaw Indians,12/11/2024
TR48,282,"Moapa Band of Paiute Indians of the Moapa River Indian Reservation, Nevada",12/11/2024
TR48,280,Modoc Nation,12/11/2024
TR48,270,Mohegan Tribe of Indians of Connecticut,12/11/2024
TR48,275,Monacan Indian Nation,12/11/2024
TR48,286,Mooretown Rancheria of Maidu Indians of California,12/11/2024
TR48,283,"Morongo Band of Mission Indians, California",12/11/2024
TR48,264,Muckleshoot Indian Tribe,12/11/2024
AKNV,293,Naknek Native Village,12/11/2024
TR48,316,Nansemond Indian Nation,12/11/2024
TR48,323,Narragansett Indian Tribe,12/11/2024
AKNV,3,Native Village of Afognak,12/11/2024
AKNV,9,Native Village of Akhiok,12/11/2024
AKNV,11,Native Village of Akutan,12/11/2024
AKNV,17,Native Village of Aleknagik,12/11/2024
AKNV,21,Native Village of Ambler,12/11/2024
AKNV,29,Native Village of Atka,12/11/2024
AKNV,31,Native Village of Atqasuk,12/11/2024
AKNV,183,Native Village of Barrow Inupiat Traditional Government,12/11/2024
AKNV,45,Native Village of Belkofski,12/11/2024
AKNV,50,Native Village of Brevig Mission,12/11/2024
AKNV,33,Native Village of Buckland,12/11/2024
AKNV,101,Native Village of Cantwell,12/11/2024
AKNV,83,Native Village of Chenega (aka Chanega),12/11/2024
AKNV,76,Native Village of Chignik Lagoon,12/11/2024
AKNV,88,Native Village of Chitina,12/11/2024
AKNV,87,"Native Village of Chuathbaluk (Russian Mission, Kuskokwim)",12/11/2024
AKNV,108,Native Village of Council,12/11/2024
AKNV,122,Native Village of Deering,12/11/2024
AKNV,180,Native Village of Diomede (aka Inalik),12/11/2024
AKNV,540,Native Village of Eagle,12/11/2024
AKNV,332,Native Village of Eek,12/11/2024
AKNV,329,Native Village of Ekuk,12/11/2024
AKNV,541,Native Village of Ekwok,12/11/2024
AKNV,330,Native Village of Elim,12/11/2024
AKNV,331,Native Village of Eyak (Cordova),12/11/2024
AKNV,144,Native Village of False Pass,12/11/2024
AKNV,157,Native Village of Fort Yukon,12/11/2024
AKNV,145,Native Village of Gakona,12/11/2024
AKNV,146,Native Village of Gambell,12/11/2024
AKNV,147,Native Village of Georgetown,12/11/2024
AKNV,150,Native Village of Goodnews Bay,12/11/2024
AKNV,159,Native Village of Hamilton,12/11/2024
AKNV,172,Native Village of Hooper Bay,12/11/2024
AKNV,200,Native Village of Kanatak,12/11/2024
AKNV,201,Native Village of Karluk,12/11/2024
AKNV,544,Native Village of Kiana,12/11/2024
AKNV,213,Native Village of Kipnuk,12/11/2024
AKNV,234,Native Village of Kivalina,12/11/2024
AKNV,218,Native Village of Kluti Kaah (aka Copper Center),12/11/2024
AKNV,223,Native Village of Kobuk,12/11/2024
AKNV,219,Native Village of Kongiganak,12/11/2024
AKNV,233,Native Village of Kotzebue,12/11/2024
AKNV,228,Native Village of Koyuk,12/11/2024
AKNV,235,Native Village of Kwigillingok,12/11/2024
AKNV,400,Native Village of Kwinhagak (aka Quinhagak),12/11/2024
AKNV,239,Native Village of Larsen Bay,12/11/2024
AKNV,285,Native Village of Marshall (aka Fortuna Ledge),12/11/2024
AKNV,272,Native Village of Mary's Igloo,12/11/2024
AKNV,268,Native Village of Mekoryuk,12/11/2024
AKNV,546,Native Village of Minto,12/11/2024
AKNV,295,Native Village of Nanwalek (aka English Bay),12/11/2024
AKNV,322,Native Village of Napaimute,12/11/2024
AKNV,296,Native Village of Napakiak,12/11/2024
AKNV,297,Native Village of Napaskiak,12/11/2024
AKNV,311,Native Village of Nelson Lagoon,12/11/2024
AKNV,304,Native Village of Nightmute,12/11/2024
AKNV,308,Native Village of Nikolski,12/11/2024
AKNV,317,Native Village of Noatak,12/11/2024
AKNV,327,Native Village of Nuiqsut (aka Nooiksut),12/11/2024
AKNV,314,Native Village of Nunam Iqua,12/11/2024
AKNV,315,Native Village of Nunapitchuk,12/11/2024
AKNV,351,Native Village of Ouzinkie,12/11/2024
AKNV,547,Native Village of Paimiut,12/11/2024
AKNV,378,Native Village of Perryville,12/11/2024
AKNV,362,Native Village of Pilot Point,12/11/2024
AKNV,371,Native Village of Point Hope,12/11/2024
AKNV,372,Native Village of Point Lay,12/11/2024
AKNV,379,Native Village of Port Graham,12/11/2024
AKNV,380,Native Village of Port Heiden,12/11/2024
AKNV,381,Native Village of Port Lions,12/11/2024
AKNV,333,Native Village of Ruby,12/11/2024
AKNV,482,Native Village of Saint Michael,12/11/2024
AKNV,417,Native Village of Savoonga,12/11/2024
AKNV,425,Native Village of Scammon Bay,12/11/2024
AKNV,429,Native Village of Selawik,12/11/2024
AKNV,435,Native Village of Shaktoolik,12/11/2024
AKNV,473,Native Village of Shishmaref,12/11/2024
AKNV,438,Native Village of Shungnak,12/11/2024
AKNV,478,Native Village of Stevens,12/11/2024
AKNV,511,Native Village of Tanacross,12/11/2024
AKNV,334,Native Village of Tanana,12/11/2024
AKNV,495,Native Village of Tatitlek,12/11/2024
AKNV,496,Native Village of Tazlina,12/11/2024
AKNV,499,Native Village of Teller,12/11/2024
AKNV,501,Native Village of Tetlin,12/11/2024
AKNV,514,Native Village of Tuntutuliak,12/11/2024
AKNV,524,Native Village of Tununak,12/11/2024
AKNV,527,Native Village of Tyonek,12/11/2024
AKNV,532,Native Village of Unalakleet,12/11/2024
AKNV,335,Native Village of Unga,12/11/2024
AKNV,542,Native Village of Venetie Tribal Government (Arctic Village and Village of Venetie),12/11/2024
AKNV,549,Native Village of Wales,12/11/2024
AKNV,336,Native Village of White Mountain,12/11/2024
TR48,299,"Navajo Nation, Arizona, New Mexico, & Utah",12/11/2024
AKNV,300,Nenana Native Association,12/11/2024
AKNV,307,New Koliganek Village Council,12/11/2024
AKNV,326,New Stuyahok Village,12/11/2024
AKNV,305,Newhalen Village,12/11/2024
AKNV,301,Newtok Village,12/11/2024
TR48,302,Nez Perce Tribe,12/11/2024
AKNV,309,Nikolai Village,12/11/2024
AKNV,313,Ninilchik Village,12/11/2024
TR48,306,Nisqually Indian Tribe,12/11/2024
AKNV,318,Nome Eskimo Community,12/11/2024
AKNV,312,Nondalton Village,12/11/2024
TR48,319,Nooksack Indian Tribe,12/11/2024
AKNV,320,Noorvik Native Community,12/11/2024
TR48,298,"Northern Arapaho Tribe of the Wind River Reservation, Wyoming",12/11/2024
TR48,321,"Northern Cheyenne Tribe of the Northern Cheyenne Indian Reservation, Montana",12/11/2024
TR48,303,Northfork Rancheria of Mono Indians of California,12/11/2024
AKNV,324,Northway Village,12/11/2024
TR48,337,Northwestern Band of the Shoshone Nation,12/11/2024
TR48,325,"Nottawaseppi Huron Band of the Potawatomi, Michigan",12/11/2024
AKNV,328,Nulato Village,12/11/2024
AKNV,310,Nunakauyarmiut Tribe,12/11/2024
TR48,338,Oglala Sioux Tribe,12/11/2024
TR48,341,"Ohkay Owingeh, New Mexico",12/11/2024
TR48,342,Omaha Tribe of Nebraska,12/11/2024
TR48,343,Oneida Indian Nation,12/11/2024
TR48,344,Oneida Nation,12/11/2024
TR48,345,Onondaga Nation,12/11/2024
AKNV,154,Organized Village of Grayling (aka Holikachuk),12/11/2024
AKNV,545,Organized Village of Kake,12/11/2024
AKNV,203,Organized Village of Kasaan,12/11/2024
AKNV,237,Organized Village of Kwethluk,12/11/2024
AKNV,418,Organized Village of Saxman,12/11/2024
AKNV,349,Orutsararmiut Traditional Native Council,12/11/2024
AKNV,347,Oscarville Traditional Village,12/11/2024
TR48,348,"Otoe-Missouria Tribe of Indians, Oklahoma",12/11/2024
TR48,350,Ottawa Tribe of Oklahoma,12/11/2024
TR48,389,"Paiute Indian Tribe of Utah (Cedar Band of Paiutes, Kanosh Band of Paiutes, Koosharem Band of Paiutes, Indian Peaks Band of Paiutes, and Shivwits Band of Paiutes)",12/11/2024
TR48,387,"Paiute-Shoshone Tribe of the Fallon Reservation and Colony, Nevada",12/11/2024
TR48,352,Pala Band of Mission Indians,12/11/2024
TR48,354,Pamunkey Indian Tribe,12/11/2024
TR48,384,Pascua Yaqui Tribe of Arizona,12/11/2024
TR48,382,Paskenta Band of Nomlaki Indians of California,12/11/2024
TR48,383,Passamaquoddy Tribe,12/11/2024
AKNV,366,Pauloff Harbor Village,12/11/2024
TR48,353,"Pauma Band of Luiseno Mission Indians of the Pauma & Yuima Reservation, California",12/11/2024
TR48,355,Pawnee Nation of Oklahoma,12/11/2024
TR48,356,"Pechanga Band of Indians (previously listed as Pechanga Band of Luiseno Mission Indians of the Pechanga Reservation, California)",12/11/2024
AKNV,359,Pedro Bay Village,12/11/2024
TR48,368,Penobscot Nation,12/11/2024
TR48,360,Peoria Tribe of Indians of Oklahoma,12/11/2024
AKNV,386,Petersburg Indian Association,12/11/2024
TR48,392,Picayune Rancheria of Chukchansi Indians of California,12/11/2024
AKNV,363,Pilot Station Traditional Village,12/11/2024
TR48,391,"Pinoleville Pomo Nation, California",12/11/2024
TR48,364,"Pit River Tribe, California (includes XL Ranch, Big Bend, Likely, Lookout, Montgomery Creek, and Roaring Creek Rancherias)",12/11/2024
AKNV,385,Pitka's Point Traditional Council,12/11/2024
AKNV,365,Platinum Traditional Village,12/11/2024
TR48,357,Poarch Band of Creek Indians,12/11/2024
TR48,374,"Pokagon Band of Potawatomi Indians, Michigan and Indiana",12/11/2024
TR48,370,Ponca Tribe of Indians of Oklahoma,12/11/2024
TR48,369,Ponca Tribe of Nebraska,12/11/2024
TR48,361,Port Gamble S'Klallam Tribe,12/11/2024
AKNV,339,Portage Creek Village (aka Ohgsenakale),12/11/2024
TR48,388,"Potter Valley Tribe, California",12/11/2024
TR48,376,Prairie Band Potawatomi Nation,12/11/2024
TR48,375,Prairie Island Indian Community in the State of Minnesota,12/11/2024
AKNV,377,Pribilof Islands Aleut Communities of St. Paul & St. George Islands (Saint George Island and Saint Paul Island),12/11/2024
TR48,1,"Pueblo of Acoma, New Mexico",12/11/2024
TR48,102,"Pueblo of Cochiti, New Mexico",12/11/2024
TR48,188,"Pueblo of Isleta, New Mexico",12/11/2024
TR48,193,"Pueblo of Jemez, New Mexico",12/11/2024
TR48,238,"Pueblo of Laguna, New Mexico",12/11/2024
TR48,294,"Pueblo of Nambe, New Mexico",12/11/2024
TR48,358,"Pueblo of Picuris, New Mexico",12/11/2024
TR48,373,"Pueblo of Pojoaque, New Mexico",12/11/2024
TR48,430,"Pueblo of San Felipe, New Mexico",12/11/2024
TR48,443,"Pueblo of San Ildefonso, New Mexico",12/11/2024
TR48,416,"Pueblo of Sandia, New Mexico",12/11/2024
TR48,475,"Pueblo of Santa Ana, New Mexico",12/11/2024
TR48,424,"Pueblo of Santa Clara, New Mexico",12/11/2024
TR48,494,"Pueblo of Taos, New Mexico",12/11/2024
TR48,519,"Pueblo of Tesuque, New Mexico",12/11/2024
TR48,575,"Pueblo of Zia, New Mexico",12/11/2024
TR48,390,Puyallup Tribe of the Puyallup Reservation,12/11/2024
TR48,393,"Pyramid Lake Paiute Tribe of the Pyramid Lake Reservation, Nevada",12/11/2024
AKNV,394,Qagan Tayagungin Tribe of Sand Point,12/11/2024
AKNV,401,Qawalangin Tribe of Unalaska,12/11/2024
TR48,395,Quapaw Nation,12/11/2024
TR48,396,Quartz Valley Indian Community of the Quartz Valley Reservation of California,12/11/2024
TR48,397,"Quechan Tribe of the Fort Yuma Indian Reservation, California & Arizona",12/11/2024
TR48,398,Quileute Tribe of the Quileute Reservation,12/11/2024
TR48,399,Quinault Indian Nation,12/11/2024
TR48,407,"Ramona Band of Cahuilla, California",12/11/2024
AKNV,402,Rampart Village,12/11/2024
TR48,412,"Rappahannock Tribe, Inc.",12/11/2024
TR48,403,Red Cliff Band of Lake Superior Chippewa Indians of Wisconsin,12/11/2024
TR48,405,"Red Lake Band of Chippewa Indians, Minnesota",12/11/2024
TR48,404,"Redding Rancheria, California",12/11/2024
TR48,414,Redwood Valley or Little River Band of Pomo Indians of the Redwood Valley Rancheria California,12/11/2024
TR48,410,"Reno-Sparks Indian Colony, Nevada",12/11/2024
TR48,367,"Resighini Rancheria, California",1/8/2024
TR48,367,"Pulikla Tribe of Yurok People (previously listed as Resighini Rancheria, California)",12/11/2024
TR48,408,"Rincon Band of Luiseno Mission Indians of Rincon Reservation, California",12/11/2024
TR48,411,Robinson Rancheria,12/11/2024
TR48,413,"Rosebud Sioux Tribe of the Rosebud Indian Reservation, South Dakota",12/11/2024
TR48,409,"Round Valley Indian Tribes, Round Valley Reservation, California",12/11/2024
TR48,421,Sac & Fox Nation of Missouri in Kansas and Nebraska,12/11/2024
TR48,423,"Sac & Fox Nation, Oklahoma",12/11/2024
TR48,422,Sac & Fox Tribe of the Mississippi in Iowa,12/11/2024
TR48,431,Saginaw Chippewa Indian Tribe of Michigan,12/11/2024
AKNV,484,Saint Paul Island (See Pribilof Islands Aleut Communities of St. Paul & St. George Islands),12/11/2024
TR48,470,Saint Regis Mohawk Tribe,12/11/2024
AKNV,453,Salamatof Tribe,12/11/2024
TR48,471,"Salt River Pima-Maricopa Indian Community of the Salt River Reservation, Arizona",12/11/2024
TR48,415,Samish Indian Nation,12/11/2024
TR48,420,"San Carlos Apache Tribe of the San Carlos Reservation, Arizona",12/11/2024
TR48,460,San Juan Southern Paiute Tribe of Arizona,12/11/2024
TR48,467,San Pasqual Band of Diegueno Mission Indians of California,12/11/2024
TR48,472,"Santa Rosa Band of Cahuilla Indians, California",12/11/2024
TR48,476,"Santa Rosa Indian Community of the Santa Rosa Rancheria, California",12/11/2024
TR48,492,"Santa Ynez Band of Chumash Mission Indians of the Santa Ynez Reservation, California",12/11/2024
TR48,463,"Santee Sioux Nation, Nebraska",12/11/2024
TR48,428,Santo Domingo Pueblo,12/11/2024
TR48,449,Sauk-Suiattle Indian Tribe,12/11/2024
TR48,474,"Sault Ste. Marie Tribe of Chippewa Indians, Michigan",12/11/2024
TR48,426,Scotts Valley Band of Pomo Indians of California,12/11/2024
AKNV,452,Seldovia Village Tribe,12/11/2024
TR48,455,Seminole Tribe of Florida,12/11/2024
TR48,458,Seneca Nation of Indians,12/11/2024
TR48,457,Seneca-Cayuga Nation,12/11/2024
AKNV,434,Shageluk Native Village,12/11/2024
TR48,437,Shakopee Mdewakanton Sioux Community of Minnesota,12/11/2024
TR48,432,Shawnee Tribe,12/11/2024
TR48,440,Sherwood Valley Rancheria of Pomo Indians of California,12/11/2024
TR48,442,"Shingle Springs Band of Miwok Indians, Shingle Springs Rancheria (Verona Tract), California",12/11/2024
TR48,439,Shinnecock Indian Nation,12/11/2024
TR48,436,Shoalwater Bay Indian Tribe of the Shoalwater Bay Indian Reservation,12/11/2024
TR48,433,Shoshone-Bannock Tribes of the Fort Hall Reservation,12/11/2024
TR48,441,"Shoshone-Paiute Tribes of the Duck Valley Reservation, Nevada",12/11/2024
TR48,490,"Sisseton-Wahpeton Oyate of the Lake Traverse Reservation, South Dakota",12/11/2024
AKNV,445,Sitka Tribe of Alaska,12/11/2024
AKNV,446,Skagway Village,12/11/2024
TR48,448,Skokomish Indian Tribe,12/11/2024
TR48,450,Skull Valley Band of Goshute Indians of Utah,12/11/2024
TR48,462,Snoqualmie Indian Tribe,12/11/2024
TR48,464,"Soboba Band of Luiseno Indians, California",12/11/2024
TR48,447,"Sokaogon Chippewa Community, Wisconsin",12/11/2024
AKNV,461,South Naknek Village,12/11/2024
TR48,480,"Southern Ute Indian Tribe of the Southern Ute Reservation, Colorado",12/11/2024
TR48,468,"Spirit Lake Tribe, North Dakota",12/11/2024
TR48,466,Spokane Tribe of the Spokane Reservation,12/11/2024
TR48,469,Squaxin Island Tribe of the Squaxin Island Reservation,12/11/2024
TR48,427,St. Croix Chippewa Indians of Wisconsin,12/11/2024
AKNV,479,St. George Island (See Pribilof Islands Aleut Communities of St. Paul & St. George Islands),12/11/2024
AKNV,479,Saint George Island (See Pribilof Islands Aleut Communities of St. Paul & St. George Islands),1/8/2024
TR48,459,Standing Rock Sioux Tribe of North & South Dakota,12/11/2024
AKNV,477,Stebbins Community Association,12/11/2024
TR48,481,Stillaguamish Tribe of Indians of Washington,12/11/2024
TR48,419,"Stockbridge Munsee Community, Wisconsin",12/11/2024
TR48,485,Summit Lake Paiute Tribe of Nevada,12/11/2024
AKNV,486,Sun'aq Tribe of Kodiak,12/11/2024
TR48,487,Suquamish Indian Tribe of the Port Madison Reservation,12/11/2024
TR48,488,"Susanville Indian Rancheria, California",12/11/2024
TR48,489,Swinomish Indian Tribal Community,12/11/2024
TR48,491,Sycuan Band of the Kumeyaay Nation,12/11/2024
TR48,493,Table Mountain Rancheria,12/11/2024
AKNV,504,Takotna Village,12/11/2024
AKNV,512,Tangirnaq Native Village,12/11/2024
TR48,497,Tejon Indian Tribe,12/11/2024
AKNV,498,Telida Village,12/11/2024
TR48,500,Te-Moak Tribe of Western Shoshone Indians of Nevada (Four constituent bands: Battle Mountain Band; Elko Band; South Fork Band; and Wells Band),12/11/2024
TR48,79,The Chickasaw Nation,12/11/2024
TR48,72,The Choctaw Nation of Oklahoma,12/11/2024
TR48,266,The Muscogee (Creek) Nation,12/11/2024
TR48,346,The Osage Nation,12/11/2024
TR48,456,The Seminole Nation of Oklahoma,12/11/2024
TR48,507,Thlopthlocco Tribal Town,12/11/2024
TR48,269,"Three Affiliated Tribes of the Fort Berthold Reservation, North Dakota",12/11/2024
TR48,503,Timbisha Shoshone Tribe,12/11/2024
TR48,502,Tohono O'odham Nation of Arizona,12/11/2024
TR48,509,Tolowa Dee-ni' Nation,12/11/2024
TR48,515,Tonawanda Band of Seneca,12/11/2024
TR48,513,Tonkawa Tribe of Indians of Oklahoma,12/11/2024
TR48,520,Tonto Apache Tribe of Arizona,12/11/2024
TR48,510,"Torres Martinez Desert Cahuilla Indians, California",12/11/2024
AKNV,516,Traditional Village of Togiak,12/11/2024
TR48,521,Tulalip Tribes of Washington,12/11/2024
TR48,522,"Tule River Indian Tribe of the Tule River Reservation, California",12/11/2024
AKNV,508,Tuluksak Native Community,12/11/2024
TR48,523,Tunica-Biloxi Indian Tribe,12/11/2024
TR48,505,Tuolumne Band of Me-Wuk Indians of the Tuolumne Rancheria of California,12/11/2024
TR48,517,Turtle Mountain Band of Chippewa Indians of North Dakota,12/11/2024
TR48,518,Tuscarora Nation,12/11/2024
TR48,526,Twenty-Nine Palms Band of Mission Indians of California,12/11/2024
AKNV,525,Twin Hills Village,12/11/2024
AKNV,528,Ugashik Village,12/11/2024
AKNV,530,Umkumiut Native Village,12/11/2024
TR48,32,United Auburn Indian Community of the Auburn Rancheria of California,12/11/2024
TR48,205,United Keetoowah Band of Cherokee Indians in Oklahoma,12/11/2024
TR48,531,Upper Mattaponi Tribe,12/11/2024
TR48,533,"Upper Sioux Community, Minnesota",12/11/2024
TR48,534,Upper Skagit Indian Tribe,12/11/2024
TR48,536,"Ute Indian Tribe of the Uintah & Ouray Reservation, Utah",12/11/2024
TR48,535,Ute Mountain Ute Tribe,12/11/2024
TR48,537,"Utu Utu Gwaitu Paiute Tribe of the Benton Paiute Reservation, California",12/11/2024
AKNV,13,Village of Alakanuk,12/11/2024
AKNV,23,Village of Anaktuvuk Pass,12/11/2024
AKNV,538,Village of Aniak,12/11/2024
AKNV,30,Village of Atmautluak,12/11/2024
AKNV,46,Village of Bill Moore's Slough,12/11/2024
AKNV,75,Village of Chefornak,12/11/2024
AKNV,97,Village of Clarks Point,12/11/2024
AKNV,115,Village of Crooked Creek,12/11/2024
AKNV,125,Village of Dot Lake,12/11/2024
AKNV,543,Village of Iliamna,12/11/2024
AKNV,217,Village of Kalskag,12/11/2024
AKNV,199,Village of Kaltag,12/11/2024
AKNV,226,Village of Kotlik,12/11/2024
AKNV,245,Village of Lower Kalskag,12/11/2024
AKNV,340,Village of Ohogamiut,12/11/2024
AKNV,406,Village of Red Devil,12/11/2024
AKNV,454,Village of Sleetmute,12/11/2024
AKNV,465,Village of Solomon,12/11/2024
AKNV,483,Village of Stony River,12/11/2024
AKNV,548,Village of Venetie (See Native Village of Venetie Tribal Government),12/11/2024
AKNV,550,Village of Wainwright,12/11/2024
TR48,555,"Walker River Paiute Tribe of the Walker River Reservation, Nevada",12/11/2024
TR48,557,Wampanoag Tribe of Gay Head (Aquinnah),12/11/2024
TR48,551,"Washoe Tribe of Nevada & California (Carson Colony, Dresslerville Colony, Woodfords Community, Stewart Community, & Washoe Ranches)",12/11/2024
TR48,556,"White Mountain Apache Tribe of the Fort Apache Reservation, Arizona",12/11/2024
TR48,554,"Wichita and Affiliated Tribes (Wichita, Keechi, Waco, & Tawakonie), Oklahoma",12/11/2024
TR48,552,"Wilton Rancheria, California",12/11/2024
TR48,558,Winnebago Tribe of Nebraska,12/11/2024
TR48,559,Winnemucca Indian Colony of Nevada,12/11/2024
TR48,553,"Wiyot Tribe, California",12/11/2024
AKNV,561,Wrangell Cooperative Association,12/11/2024
TR48,562,Wyandotte Nation,12/11/2024
AKNV,566,Yakutat Tlingit Tribe,12/11/2024
TR48,569,Yankton Sioux Tribe of South Dakota,12/11/2024
TR48,570,"Yavapai-Apache Nation of the Camp Verde Indian Reservation, Arizona",12/11/2024
TR48,571,Yavapai-Prescott Indian Tribe,12/11/2024
TR48,572,"Yerington Paiute Tribe of the Yerington Colony & Campbell Ranch, Nevada",12/11/2024
TR48,564,"Yocha Dehe Wintun Nation, California",12/11/2024
TR48,568,"Yomba Shoshone Tribe of the Yomba Reservation, Nevada",12/11/2024
TR48,567,Ysleta del Sur Pueblo,12/11/2024
TR48,565,"Yuhaaviatam of San Manuel Nation (previously listed as San Manuel Band of Mission Indians, California)",12/11/2024
AKNV,573,Yupiit of Andreafski,12/11/2024
TR48,574,"Yurok Tribe of the Yurok Reservation, California",12/11/2024
TR48,576,"Zuni Tribe of the Zuni Reservation, New Mexico",12/11/2024
