"neid_prefix","neid_mid","FRN_NameAsPublished","FRN_Date"
TRBF,ABSXFP,"Assiniboine and Sioux Tribes of the Fort Peck Indian Reservation, Montana",12/11/2024
TRBF,ACLNTE,"Agua Caliente Band of Cahuilla Indians of the Agua Caliente Indian Reservation, California",12/11/2024
TRBF,ACOMAP,"Pueblo of Acoma, New Mexico",12/11/2024
TRBF,AGSTNE,"Augustine Band of Cahuilla Indians, California",12/11/2024
TRBF,AKCHIN,"Ak-Chin Indian Community",12/11/2024
TRBF,ALCOUS,"Alabama-Coushatta Tribe of Texas",12/11/2024
TRBF,ALQSRT,"Alabama-Quassarte Tribal Town",12/11/2024
TRBF,ALTURS,"Alturas Indian Rancheria, California",12/11/2024
TRBF,APCHOK,"Apache Tribe of Oklahoma",12/11/2024
TRBF,AQNNAH,"Wampanoag Tribe of Gay Head (Aquinnah)",12/11/2024
TRBF,ASHAWN,"Absentee-Shawnee Tribe of Indians of Oklahoma",12/11/2024
TRBF,AUBURN,"United Auburn Indian Community of the Auburn Rancheria of California",12/11/2024
TRBF,BADRVR,"Bad River Band of the Lake Superior Tribe of Chippewa Indians of the Bad River Reservation, Wisconsin",12/11/2024
TRBF,BEARRV,"Bear River Band of the Rohnerville Rancheria, California",12/11/2024
TRBF,BELKNP,"Fort Belknap Indian Community of the Fort Belknap Reservation of Montana",12/11/2024
TRBF,BERRYC,"Berry Creek Rancheria of Maidu Indians of California",12/11/2024
TRBF,BGLAGN,"Big Lagoon Rancheria, California",12/11/2024
TRBF,BGPINE,"Big Pine Paiute Tribe of the Owens Valley",12/11/2024
TRBF,BGSNDY,"Big Sandy Rancheria of Western Mono Indians of California",12/11/2024
TRBF,BGVALY,"Big Valley Band of Pomo Indians of the Big Valley Rancheria, California",12/11/2024
TRBF,BIDWLL,"Fort Bidwell Indian Community of the Fort Bidwell Reservation of California",12/11/2024
TRBF,BISHOP,"Bishop Paiute Tribe",12/11/2024
TRBF,BLCKFT,"Blackfeet Tribe of the Blackfeet Indian Reservation of Montana",12/11/2024
TRBF,BLULKE,"Blue Lake Rancheria, California",12/11/2024
TRBF,BNVSTA,"Buena Vista Rancheria of Me-Wuk Indians of California",12/11/2024
TRBF,BRGPRT,"Bridgeport Indian Colony",12/11/2024
TRBF,BURNST,"Burns Paiute Tribe",12/11/2024
TRBF,BYMLLS,"Bay Mills Indian Community, Michigan",12/11/2024
TRBF,CABAZN,"Cabazon Band of Cahuilla Indians (previously listed as Cabazon Band of Mission Indians, California)",12/11/2024
TRBF,CACHLD,"Cachil DeHe Band of Wintun Indians of the Colusa Indian Community of the Colusa Rancheria, California",12/11/2024
TRBF,CADDON,"Caddo Nation of Oklahoma",12/11/2024
TRBF,CAHTOT,"Cahto Tribe of the Laytonville Rancheria",12/11/2024
TRBF,CAMPOB,"Campo Band of Diegueno Mission Indians of the Campo Indian Reservation, California",12/11/2024
TRBF,CATWBA,"Catawba Indian Nation",12/11/2024
TRBF,CAVLLY,"California Valley Miwok Tribe, California",12/11/2024
TRBF,CAYUGA,"Cayuga Nation",12/11/2024
TRBF,CEDARV,"Cedarville Rancheria, California",12/11/2024
TRBF,CFTGSH,"Confederated Tribes of the Goshute Reservation, Nevada and Utah",12/11/2024
TRBF,CHCKHE,"Chickahominy Indian Tribe—Eastern Division",12/11/2024
TRBF,CHCKHT,"Chickahominy Indian Tribe",12/11/2024
TRBF,CHCKNR,"Chicken Ranch Rancheria of Me-Wuk Indians of California",12/11/2024
TRBF,CHEHLS,"Confederated Tribes of the Chehalis Reservation",12/11/2024
TRBF,CHKNAT,"Cherokee Nation",12/11/2024
TRBF,CHKSWN,"The Chickasaw Nation",12/11/2024
TRBF,CHLLAB,"Cahuilla Band of Indians",12/11/2024
TRBF,CHMHVI,"Chemehuevi Indian Tribe of the Chemehuevi Reservation, California",12/11/2024
TRBF,CHRAEH,"Cher-Ae Heights Indian Community of the Trinidad Rancheria, California",12/11/2024
TRBF,CHTMCH,"Chitimacha Tribe of Louisiana",12/11/2024
TRBF,CHYARP,"Cheyenne and Arapaho Tribes, Oklahoma",12/11/2024
TRBF,CHYNRV,"Cheyenne River Sioux Tribe of the Cheyenne River Reservation, South Dakota",12/11/2024
TRBF,CITIZN,"Citizen Potawatomi Nation, Oklahoma",12/11/2024
TRBF,CLDSPR,"Cold Springs Rancheria of Mono Indians of California",12/11/2024
TRBF,CLUSLW,"Confederated Tribes of the Coos, Lower Umpqua and Siuslaw Indians",12/11/2024
TRBF,CLVRDL,"Cloverdale Rancheria of Pomo Indians of California",12/11/2024
TRBF,CMNCHE,"Comanche Nation, Oklahoma",12/11/2024
TRBF,COCHTI,"Pueblo of Cochiti, New Mexico",12/11/2024
TRBF,COCOPH,"Cocopah Tribe of Arizona",12/11/2024
TRBF,COLVLL,"Confederated Tribes of the Colville Reservation",12/11/2024
TRBF,COQLLE,"Coquille Indian Tribe",12/11/2024
TRBF,CORIVR,"Colorado River Indian Tribes of the Colorado River Indian Reservation, Arizona and California",12/11/2024
TRBF,COUSLA,"Coushatta Tribe of Louisiana",12/11/2024
TRBF,COWCRU,"Cow Creek Band of Umpqua Tribe of Indians",12/11/2024
TRBF,COWLTZ,"Cowlitz Indian Tribe",12/11/2024
TRBF,CPTNGR,"Capitan Grande Band of Diegueno Mission Indians of California (Barona Group of Capitan Grande Band of Mission Indians of the Barona Reservation, California; Viejas (Baron Long) Group of Capitan Grande Band of Mission Indians of the Viejas Reservation, California)",12/11/2024
TRBF,CRDALN,"Coeur D'Alene Tribe",12/11/2024
TRBF,CROWCR,"Crow Creek Sioux Tribe of the Crow Creek Reservation, South Dakota",12/11/2024
TRBF,CROWMT,"Crow Tribe of Montana",12/11/2024
TRBF,CSKTFR,"Confederated Salish and Kootenai Tribes of the Flathead Reservation",12/11/2024
TRBF,CTWNAT,"The Choctaw Nation of Oklahoma",12/11/2024
TRBF,CVERDE,"Yavapai-Apache Nation of the Camp Verde Indian Reservation, Arizona",12/11/2024
TRBF,CYOTEV,"Coyote Valley Band of Pomo Indians of California",12/11/2024
TRBF,DELAWN,"Delaware Nation, Oklahoma",12/11/2024
TRBF,DELAWT,"Delaware Tribe of Indians",12/11/2024
TRBF,DRYCRK,"Dry Creek Rancheria Band of Pomo Indians, California",12/11/2024
TRBF,DUCKVY,"Shoshone-Paiute Tribes of the Duck Valley Reservation, Nevada",12/11/2024
TRBF,DUCKWT,"Duckwater Shoshone Tribe of the Duckwater Reservation, Nevada",1/8/2024
TRBF,DUCKWT,"Duckwater Shoshone Tribe (previously listed as Duckwater Shoshone Tribe of the Duckwater Reservation, Nevada)",12/11/2024
TRBF,ELEMCL,"Elem Indian Colony of Pomo Indians of the Sulphur Bank Rancheria, California",12/11/2024
TRBF,ELKVLY,"Elk Valley Rancheria, California",12/11/2024
TRBF,ELYTNV,"Ely Shoshone Tribe of Nevada",12/11/2024
TRBF,ENTPRS,"Enterprise Rancheria of Maidu Indians of California",12/11/2024
TRBF,ESHAWN,"Eastern Shawnee Tribe of Oklahoma",12/11/2024
TRBF,ESTCHK,"Eastern Band of Cherokee Indians",12/11/2024
TRBF,ESWNDR,"Eastern Shoshone Tribe of the Wind River Reservation, Wyoming",12/11/2024
TRBF,FALLON,"Paiute-Shoshone Tribe of the Fallon Reservation and Colony, Nevada",12/11/2024
TRBF,FLANDR,"Flandreau Santee Sioux Tribe of South Dakota",12/11/2024
TRBF,FMCDWL,"Fort McDowell Yavapai Nation, Arizona",12/11/2024
TRBF,FSCWSA,"Fort Sill—Chiricahua—Warm Springs—Apache Tribe (previously listed as Fort Sill Apache Tribe of Oklahoma)",1/30/2026
TRBF,FSCWSA,"Fort Sill Apache Tribe of Oklahoma",12/11/2024
TRBF,FSTCTY,"Forest County Potawatomi Community, Wisconsin",12/11/2024
TRBF,FTHALL,"Shoshone-Bannock Tribes of the Fort Hall Reservation",12/11/2024
TRBF,FTINDP,"Fort Independence Indian Community of Paiute Indians of the Fort Independence Reservation, California",12/11/2024
TRBF,FTMCDM,"Fort McDermitt Paiute and Shoshone Tribes of the Fort McDermitt Indian Reservation, Nevada and Oregon",12/11/2024
TRBF,GILARV,"Gila River Indian Community of the Gila River Indian Reservation, Arizona",12/11/2024
TRBF,GRATON,"Federated Indians of Graton Rancheria, California",12/11/2024
TRBF,GREENV,"Greenville Rancheria",12/11/2024
TRBF,GRNDST,"Grindstone Indian Rancheria of Wintun-Wailaki Indians of California",12/11/2024
TRBF,GRNRND,"Confederated Tribes of the Grand Ronde Community of Oregon",12/11/2024
TRBF,GRTRVS,"Grand Traverse Band of Ottawa and Chippewa Indians, Michigan",12/11/2024
TRBF,GUIDIV,"Guidiville Rancheria of California",12/11/2024
TRBF,HANNHV,"Hannahville Indian Community, Michigan",12/11/2024
TRBF,HAVASP,"Havasupai Tribe of the Havasupai Reservation, Arizona",12/11/2024
TRBF,HBMTLL,"Habematolel Pomo of Upper Lake, California",12/11/2024
TRBF,HLTNML,"Houlton Band of Maliseet Indians",12/11/2024
TRBF,HOCHNK,"Ho-Chunk Nation of Wisconsin",12/11/2024
TRBF,HOHTRB,"Hoh Indian Tribe",12/11/2024
TRBF,HOOPAV,"Hoopa Valley Tribe, California",12/11/2024
TRBF,HOPIAZ,"Hopi Tribe of Arizona",12/11/2024
TRBF,HPLAND,"Hopland Band of Pomo Indians, California",12/11/2024
TRBF,HUALAP,"Hualapai Indian Tribe of the Hualapai Indian Reservation, Arizona",12/11/2024
TRBF,IIPAYN,"Iipay Nation of Santa Ysabel, California",12/11/2024
TRBF,INAJAB,"Inaja Band of Diegueno Mission Indians of the Inaja and Cosmit Reservation, California",12/11/2024
TRBF,IONEBD,"Ione Band of Miwok Indians of California",12/11/2024
TRBF,IOWAKN,"Iowa Tribe of Kansas and Nebraska",12/11/2024
TRBF,IOWAOK,"Iowa Tribe of Oklahoma",12/11/2024
TRBF,ISLETA,"Pueblo of Isleta, New Mexico",12/11/2024
TRBF,JAMULV,"Jamul Indian Village of California",12/11/2024
TRBF,JCKMWK,"Jackson Band of Miwuk Indians",12/11/2024
TRBF,JCRLLA,"Jicarilla Apache Nation, New Mexico",12/11/2024
TRBF,JEMEZP,"Pueblo of Jemez, New Mexico",12/11/2024
TRBF,JMSTSK,"Jamestown S'Klallam Tribe",12/11/2024
TRBF,JNACTW,"Jena Band of Choctaw Indians",12/11/2024
TRBF,KAIBAB,"Kaibab Band of Paiute Indians of the Kaibab Indian Reservation, Arizona",12/11/2024
TRBF,KALSPL,"Kalispel Indian Community of the Kalispel Reservation",12/11/2024
TRBF,KARUKT,"Karuk Tribe",12/11/2024
TRBF,KASHIA,"Kashia Band of Pomo Indians of the Stewarts Point Rancheria, California",12/11/2024
TRBF,KAWNOK,"Kaw Nation, Oklahoma",12/11/2024
TRBF,KCKPKS,"Kickapoo Tribe of Indians of the Kickapoo Reservation in Kansas",12/11/2024
TRBF,KCKPOK,"Kickapoo Tribe of Oklahoma",12/11/2024
TRBF,KCKPTX,"Kickapoo Traditional Tribe of Texas",12/11/2024
TRBF,KILGEE,"Kialegee Tribal Town",12/11/2024
TRBF,KIOWAT,"Kiowa Tribe (previously listed as Kiowa Indian Tribe of Oklahoma)",1/30/2026
TRBF,KIOWAT,"Kiowa Indian Tribe of Oklahoma",12/11/2024
TRBF,KLAMTH,"Klamath Tribes",12/11/2024
TRBF,KLTSLD,"Kletsel Dehe Wintun Nation of the Cortina Rancheria (previously listed as Kletsel Dehe Band of Wintun Indians)",12/11/2024
TRBF,KOINCA,"Koi Nation of Northern California",12/11/2024
TRBF,KTNIID,"Kootenai Tribe of Idaho",12/11/2024
TRBF,KWNWBY,"Keweenaw Bay Indian Community, Michigan",12/11/2024
TRBF,LAGUNA,"Pueblo of Laguna, New Mexico",12/11/2024
TRBF,LBRULE,"Lower Brule Sioux Tribe of the Lower Brule Reservation, South Dakota",12/11/2024
TRBF,LCORLS,"Lac Courte Oreilles Band of Lake Superior Chippewa Indians of Wisconsin",12/11/2024
TRBF,LCYTES,"Los Coyotes Band of Cahuilla and Cupeno Indians, California",12/11/2024
TRBF,LELWHA,"Lower Elwha Tribal Community",12/11/2024
TRBF,LFLAMB,"Lac du Flambeau Band of Lake Superior Chippewa Indians of the Lac du Flambeau Reservation of Wisconsin",12/11/2024
TRBF,LJOLLA,"La Jolla Band of Luiseno Indians, California",12/11/2024
TRBF,LNPINE,"Lone Pine Paiute-Shoshone Tribe",12/11/2024
TRBF,LPOSTA,"La Posta Band of Diegueno Mission Indians of the La Posta Indian Reservation, California",12/11/2024
TRBF,LRIVER,"Little River Band of Ottawa Indians, Michigan",12/11/2024
TRBF,LSHELL,"Little Shell Tribe of Chippewa Indians of Montana",12/11/2024
TRBF,LSVGAS,"Las Vegas Tribe of Paiute Indians of the Las Vegas Indian Colony, Nevada",12/11/2024
TRBF,LTRVRS,"Little Traverse Bay Bands of Odawa Indians, Michigan",12/11/2024
TRBF,LUMBEE,"Lumbee Tribe of North Carolina (See Supplementary Information supra, noting conditions on the Tribe's eligibility for Federal services)",1/30/2026
TRBF,LUMMIT,"Lummi Tribe of the Lummi Reservation",12/11/2024
TRBF,LVDSRT,"Lac Vieux Desert Band of Lake Superior Chippewa Indians of Michigan",12/11/2024
TRBF,LVLOCK,"Lovelock Paiute Tribe of the Lovelock Indian Colony, Nevada",12/11/2024
TRBF,LWSXMN,"Lower Sioux Indian Community in the State of Minnesota",12/11/2024
TRBF,LYTTON,"Lytton Rancheria of California",12/11/2024
TRBF,MAKAHN,"Makah Indian Tribe of the Makah Indian Reservation",12/11/2024
TRBF,MCHPDA,"Mechoopda Indian Tribe of Chico Rancheria, California",12/11/2024
TRBF,MCHSTR,"Manchester Band of Pomo Indians of the Manchester Rancheria, California",12/11/2024
TRBF,MCKLSH,"Muckleshoot Indian Tribe",12/11/2024
TRBF,MCSKEE,"Miccosukee Tribe of Indians",12/11/2024
TRBF,MDDLTN,"Middletown Rancheria of Pomo Indians of California",12/11/2024
TRBF,MEBNSW,"Match-E-Be-Nash-She-Wish Band of Pottawatomi (previously listed as Match-E-Be-Nash-She-Wish Band of Pottawatomi Indians of Michigan)",1/30/2026
TRBF,MEBNSW,"Match-e-be-nash-she-wish Band of Pottawatomi Indians of Michigan",12/11/2024
TRBF,MESAGR,"Mesa Grande Band of Diegueno Mission Indians of the Mesa Grande Reservation, California",12/11/2024
TRBF,MHATAT,"Three Affiliated Tribes of the Fort Berthold Reservation, North Dakota",12/11/2024
TRBF,MHEGAN,"Mohegan Tribe of Indians of Connecticut",12/11/2024
TRBF,MIAMIT,"Miami Tribe of Oklahoma",12/11/2024
TRBF,MIKMAQ,"Mi'kmaq Nation (previously listed as Aroostook Band of Micmacs)",12/11/2024
TRBF,MINNCH,"Minnesota Chippewa Tribe, Minnesota (Six component reservations: Bois Forte Band (Nett Lake); Fond du Lac Band; Grand Portage Band; Leech Lake Band; Mille Lacs Band; White Earth Band)",12/11/2024
TRBF,MNACAN,"Monacan Indian Nation",12/11/2024
TRBF,MNMNEE,"Menominee Indian Tribe of Wisconsin",12/11/2024
TRBF,MNZNTA,"Manzanita Band of Diegueno Mission Indians of the Manzanita Reservation, California",12/11/2024
TRBF,MOAPAT,"Moapa Band of Paiute Indians of the Moapa River Indian Reservation, Nevada",12/11/2024
TRBF,MODOCN,"Modoc Nation",12/11/2024
TRBF,MOJAVE,"Fort Mojave Indian Tribe of Arizona, California & Nevada",12/11/2024
TRBF,MOORTN,"Mooretown Rancheria of Maidu Indians of California",12/11/2024
TRBF,MORNGO,"Morongo Band of Mission Indians, California",12/11/2024
TRBF,MSBCTW,"Mississippi Band of Choctaw Indians",12/11/2024
TRBF,MSCLRO,"Mescalero Apache Tribe of the Mescalero Reservation, New Mexico",12/11/2024
TRBF,MSENAT,"The Muscogee (Creek) Nation",12/11/2024
TRBF,MSHNTK,"Mashantucket Pequot Indian Tribe",12/11/2024
TRBF,MSHPEE,"Mashpee Wampanoag Tribe",12/11/2024
TRBF,NAMBEP,"Pueblo of Nambe, New Mexico",12/11/2024
TRBF,NAVAJO,"Navajo Nation, Arizona, New Mexico, & Utah",12/11/2024
TRBF,NAWNDR,"Northern Arapaho Tribe of the Wind River Reservation, Wyoming",12/11/2024
TRBF,NEZPRC,"Nez Perce Tribe",12/11/2024
TRBF,NISQLL,"Nisqually Indian Tribe",12/11/2024
TRBF,NNSMND,"Nansemond Indian Nation",12/11/2024
TRBF,NOOKSK,"Nooksack Indian Tribe",12/11/2024
TRBF,NORCHY,"Northern Cheyenne Tribe of the Northern Cheyenne Indian Reservation, Montana",12/11/2024
TRBF,NORFRK,"Northfork Rancheria of Mono Indians of California",12/11/2024
TRBF,NRGNST,"Narragansett Indian Tribe",12/11/2024
TRBF,NTWSPH,"Nottawaseppi Huron Band of the Potawatomi, Michigan",12/11/2024
TRBF,NWSSHN,"Northwestern Band of the Shoshone Nation",12/11/2024
TRBF,OGLALA,"Oglala Sioux Tribe",12/11/2024
TRBF,OKYOWG,"Ohkay Owingeh, New Mexico",12/11/2024
TRBF,OMAHAT,"Omaha Tribe of Nebraska",12/11/2024
TRBF,ONDANY,"Oneida Indian Nation",12/11/2024
TRBF,ONDAWI,"Oneida Nation",12/11/2024
TRBF,ONNDGA,"Onondaga Nation",12/11/2024
TRBF,OSAGEN,"The Osage Nation",12/11/2024
TRBF,OTOMSA,"Otoe-Missouria Tribe of Indians, Oklahoma",12/11/2024
TRBF,OWATOK,"Ottawa Tribe of Oklahoma",12/11/2024
TRBF,PALABD,"Pala Band of Mission Indians",12/11/2024
TRBF,PAMNKY,"Pamunkey Indian Tribe",12/11/2024
TRBF,PAUMAB,"Pauma Band of Luiseno Mission Indians of the Pauma & Yuima Reservation, California",12/11/2024
TRBF,PAWNEE,"Pawnee Nation of Oklahoma",12/11/2024
TRBF,PCHNGA,"Pechanga Band of Indians (previously listed as Pechanga Band of Luiseno Mission Indians of the Pechanga Reservation, California)",12/11/2024
TRBF,PCURIS,"Pueblo of Picuris, New Mexico",12/11/2024
TRBF,PEORIA,"Peoria Tribe of Indians of Oklahoma",12/11/2024
TRBF,PGMBSK,"Port Gamble S'Klallam Tribe",12/11/2024
TRBF,PITRVR,"Pit River Tribe, California (includes XL Ranch, Big Bend, Likely, Lookout, Montgomery Creek, and Roaring Creek Rancherias)",12/11/2024
TRBF,PLKLYK,"Resighini Rancheria, California",1/8/2024
TRBF,PLKLYK,"Pulikla Tribe of Yurok People (previously listed as Resighini Rancheria, California)",12/11/2024
TRBF,PNBSCT,"Penobscot Nation",12/11/2024
TRBF,PNCANE,"Ponca Tribe of Nebraska",12/11/2024
TRBF,PNCAOK,"Ponca Tribe of Indians of Oklahoma",12/11/2024
TRBF,PNOLVL,"Pinoleville Pomo Nation, California",12/11/2024
TRBF,POARCH,"Poarch Band of Creek Indians",12/11/2024
TRBF,POJOAQ,"Pueblo of Pojoaque, New Mexico",12/11/2024
TRBF,POKAGN,"Pokagon Band of Potawatomi Indians, Michigan and Indiana",12/11/2024
TRBF,PRAIRB,"Prairie Band Potawatomi Nation",12/11/2024
TRBF,PRAIRI,"Prairie Island Indian Community in the State of Minnesota",12/11/2024
TRBF,PRSCTT,"Yavapai-Prescott Indian Tribe",12/11/2024
TRBF,PSKNML,"Paskenta Band of Nomlaki Indians of California",12/11/2024
TRBF,PSMQDY,"Passamaquoddy Tribe",12/11/2024
TRBF,PSQYQI,"Pascua Yaqui Tribe of Arizona",12/11/2024
TRBF,PTTERV,"Potter Valley Tribe, California",12/11/2024
TRBF,PTTRUT,"Paiute Indian Tribe of Utah (Cedar Band of Paiutes, Kanosh Band of Paiutes, Koosharem Band of Paiutes, Indian Peaks Band of Paiutes, and Shivwits Band of Paiutes)",12/11/2024
TRBF,PUYLLP,"Puyallup Tribe of the Puyallup Reservation",12/11/2024
TRBF,PYCKCH,"Picayune Rancheria of Chukchansi Indians of California",12/11/2024
TRBF,PYRMDL,"Pyramid Lake Paiute Tribe of the Pyramid Lake Reservation, Nevada",12/11/2024
TRBF,QUAPAW,"Quapaw Nation",12/11/2024
TRBF,QUARTZ,"Quartz Valley Indian Community of the Quartz Valley Reservation of California",12/11/2024
TRBF,QUECHN,"Quechan Tribe of the Fort Yuma Indian Reservation, California & Arizona",12/11/2024
TRBF,QUILTE,"Quileute Tribe of the Quileute Reservation",12/11/2024
TRBF,QUINLT,"Quinault Indian Nation",12/11/2024
TRBF,RAMONA,"Ramona Band of Cahuilla, California",12/11/2024
TRBF,RDDING,"Redding Rancheria, California",12/11/2024
TRBF,REDCLF,"Red Cliff Band of Lake Superior Chippewa Indians of Wisconsin",12/11/2024
TRBF,REDLKE,"Red Lake Band of Chippewa Indians, Minnesota",12/11/2024
TRBF,REDWDV,"Redwood Valley or Little River Band of Pomo Indians of the Redwood Valley Rancheria California",12/11/2024
TRBF,RINCON,"Rincon Band of Luiseno Indians (previously listed as Rincon Band of Luiseno Mission Indians of Rincon Reservation, California)",1/30/2026
TRBF,RINCON,"Rincon Band of Luiseno Mission Indians of Rincon Reservation, California",12/11/2024
TRBF,RNDVLY,"Round Valley Indian Tribes, Round Valley Reservation, California",12/11/2024
TRBF,RNOSPK,"Reno-Sparks Indian Colony, Nevada",12/11/2024
TRBF,ROBNSN,"Robinson Rancheria",12/11/2024
TRBF,ROCKYB,"Chippewa Cree Indians of the Rocky Boy's Reservation, Montana",12/11/2024
TRBF,ROSEBD,"Rosebud Sioux Tribe of the Rosebud Indian Reservation, South Dakota",12/11/2024
TRBF,RPHNCK,"Rappahannock Tribe, Inc.",12/11/2024
TRBF,SAMISH,"Samish Indian Nation",12/11/2024
TRBF,SANDIA,"Pueblo of Sandia, New Mexico",12/11/2024
TRBF,SANTSX,"Santee Sioux Nation, Nebraska",12/11/2024
TRBF,SBRMNS,"Stockbridge Munsee Community, Wisconsin",12/11/2024
TRBF,SCFXMO,"Sac & Fox Nation of Missouri in Kansas and Nebraska",12/11/2024
TRBF,SCFXMS,"Sac & Fox Tribe of the Mississippi in Iowa",12/11/2024
TRBF,SCFXOK,"Sac & Fox Nation, Oklahoma",12/11/2024
TRBF,SCLARA,"Pueblo of Santa Clara, New Mexico",12/11/2024
TRBF,SCROIX,"St. Croix Chippewa Indians of Wisconsin",12/11/2024
TRBF,SCTTSV,"Scotts Valley Band of Pomo Indians of California",12/11/2024
TRBF,SDMNGO,"Santo Domingo Pueblo",12/11/2024
TRBF,SFLIPE,"Pueblo of San Felipe, New Mexico",12/11/2024
TRBF,SGINAW,"Saginaw Chippewa Indian Tribe of Michigan",12/11/2024
TRBF,SHAWNT,"Shawnee Tribe",12/11/2024
TRBF,SHLWBY,"Shoalwater Bay Indian Tribe of the Shoalwater Bay Indian Reservation",12/11/2024
TRBF,SHNNCK,"Shinnecock Indian Nation",12/11/2024
TRBF,SHRWDV,"Sherwood Valley Rancheria of Pomo Indians of California",12/11/2024
TRBF,SHSMWK,"Shingle Springs Band of Miwok Indians, Shingle Springs Rancheria (Verona Tract), California",12/11/2024
TRBF,SILDFN,"Pueblo of San Ildefonso, New Mexico",12/11/2024
TRBF,SILETZ,"Confederated Tribes of Siletz Indians of Oregon",12/11/2024
TRBF,SKLLVY,"Skull Valley Band of Goshute Indians of Utah",12/11/2024
TRBF,SKOKOM,"Skokomish Indian Tribe",12/11/2024
TRBF,SKSTTL,"Sauk-Suiattle Indian Tribe",12/11/2024
TRBF,SMARIE,"Sault Ste. Marie Tribe of Chippewa Indians, Michigan",12/11/2024
TRBF,SMMTLK,"Summit Lake Paiute Tribe of Nevada",12/11/2024
TRBF,SMNLFL,"Seminole Tribe of Florida",12/11/2024
TRBF,SMNLOK,"The Seminole Nation of Oklahoma",12/11/2024
TRBF,SNCCYG,"Seneca-Cayuga Nation",12/11/2024
TRBF,SNCNAT,"Seneca Nation of Indians",12/11/2024
TRBF,SNCRLS,"San Carlos Apache Tribe of the San Carlos Reservation, Arizona",12/11/2024
TRBF,SNJUAN,"San Juan Southern Paiute Tribe of Arizona",12/11/2024
TRBF,SNOQLM,"Snoqualmie Indian Tribe",12/11/2024
TRBF,SNPSQL,"San Pasqual Band of Diegueno Mission Indians of California",12/11/2024
TRBF,SOBOBA,"Soboba Band of Luiseno Indians, California",12/11/2024
TRBF,SOKGON,"Sokaogon Chippewa Community, Wisconsin",12/11/2024
TRBF,SPKANE,"Spokane Tribe of the Spokane Reservation",12/11/2024
TRBF,SPMWKN,"Shakopee Mdewakanton Sioux Community of Minnesota",12/11/2024
TRBF,SPRTLK,"Spirit Lake Tribe, North Dakota",12/11/2024
TRBF,SQUXIN,"Squaxin Island Tribe of the Squaxin Island Reservation",12/11/2024
TRBF,SRMHWK,"Saint Regis Mohawk Tribe",12/11/2024
TRBF,SROSAB,"Santa Rosa Band of Cahuilla Indians, California",12/11/2024
TRBF,SROSAR,"Santa Rosa Indian Community of the Santa Rosa Rancheria, California",12/11/2024
TRBF,SRPMCP,"Salt River Pima-Maricopa Indian Community of the Salt River Reservation, Arizona",12/11/2024
TRBF,STAANA,"Pueblo of Santa Ana, New Mexico",12/11/2024
TRBF,STAYNZ,"Santa Ynez Band of Chumash Mission Indians of the Santa Ynez Reservation, California",12/11/2024
TRBF,STHUTE,"Southern Ute Indian Tribe of the Southern Ute Reservation, Colorado",12/11/2024
TRBF,STLMSH,"Stillaguamish Tribe of Indians of Washington",12/11/2024
TRBF,STNDRK,"Standing Rock Sioux Tribe of North & South Dakota",12/11/2024
TRBF,SUQUAM,"Suquamish Indian Tribe of the Port Madison Reservation",12/11/2024
TRBF,SUSANV,"Susanville Indian Rancheria, California",12/11/2024
TRBF,SWINOM,"Swinomish Indian Tribal Community",12/11/2024
TRBF,SWOYTE,"Sisseton-Wahpeton Oyate of the Lake Traverse Reservation, South Dakota",12/11/2024
TRBF,SYCUAN,"Sycuan Band of the Kumeyaay Nation",12/11/2024
TRBF,TABLEM,"Table Mountain Rancheria",12/11/2024
TRBF,TAOSPB,"Pueblo of Taos, New Mexico",12/11/2024
TRBF,TEJONT,"Tejon Indian Tribe",12/11/2024
TRBF,TEMOAK,"Te-Moak Tribe of Western Shoshone Indians of Nevada (Four constituent bands: Battle Mountain Band; Elko Band; South Fork Band; and Wells Band)",12/11/2024
TRBF,THNODM,"Tohono O'odham Nation of Arizona",12/11/2024
TRBF,TIMBSH,"Timbisha Shoshone Tribe",12/11/2024
TRBF,TLPLCO,"Thlopthlocco Tribal Town",12/11/2024
TRBF,TLWDNI,"Tolowa Dee-ni' Nation",12/11/2024
TRBF,TNKAWA,"Tonkawa Tribe of Indians of Oklahoma",12/11/2024
TRBF,TNWNDA,"Tonawanda Band of Seneca",12/11/2024
TRBF,TONTOA,"Tonto Apache Tribe of Arizona",12/11/2024
TRBF,TRSMTZ,"Torres Martinez Desert Cahuilla Indians, California",12/11/2024
TRBF,TSCARA,"Tuscarora Nation",12/11/2024
TRBF,TSUQUE,"Pueblo of Tesuque, New Mexico",12/11/2024
TRBF,TULALP,"Tulalip Tribes of Washington",12/11/2024
TRBF,TULERV,"Tule River Indian Tribe of the Tule River Reservation, California",12/11/2024
TRBF,TUNBIL,"Tunica-Biloxi Indian Tribe",12/11/2024
TRBF,TUOLMN,"Tuolumne Band of Me-Wuk Indians of the Tuolumne Rancheria of California",12/11/2024
TRBF,TURTLM,"Turtle Mountain Band of Chippewa Indians of North Dakota",12/11/2024
TRBF,TWNPLM,"Twenty-Nine Palms Band of Mission Indians of California",12/11/2024
TRBF,UKEETW,"United Keetoowah Band of Cherokee Indians in Oklahoma",12/11/2024
TRBF,UMATLL,"Confederated Tribes of the Umatilla Indian Reservation",12/11/2024
TRBF,UMTPNI,"Upper Mattaponi Tribe",12/11/2024
TRBF,UNTHOR,"Ute Indian Tribe of the Uintah & Ouray Reservation, Utah",12/11/2024
TRBF,UPSXMN,"Upper Sioux Community, Minnesota",12/11/2024
TRBF,USKAGT,"Upper Skagit Indian Tribe",12/11/2024
TRBF,UTEMTN,"Ute Mountain Ute Tribe",12/11/2024
TRBF,UUGWTU,"Utu Utu Gwaitu Paiute Tribe of the Benton Paiute Reservation, California",12/11/2024
TRBF,WASHOE,"Washoe Tribe of Nevada & California (Carson Colony, Dresslerville Colony, Woodfords Community, Stewart Community, & Washoe Ranches)",12/11/2024
TRBF,WIAPYP,"Ewiiaapaayp Band of Kumeyaay Indians (previously listed as Ewiiaapaayp Band of Kumeyaay Indians, California)",1/30/2026
TRBF,WIAPYP,"Ewiiaapaayp Band of Kumeyaay Indians, California",12/11/2024
TRBF,WILTON,"Wilton Rancheria, California",12/11/2024
TRBF,WIYOTT,"Wiyot Tribe, California",12/11/2024
TRBF,WKWTOK,"Wichita and Affiliated Tribes (Wichita, Keechi, Waco, & Tawakonie), Oklahoma",12/11/2024
TRBF,WLKRRV,"Walker River Paiute Tribe of the Walker River Reservation, Nevada",12/11/2024
TRBF,WMTNAZ,"White Mountain Apache Tribe of the Fort Apache Reservation, Arizona",12/11/2024
TRBF,WNNBGO,"Winnebago Tribe of Nebraska",12/11/2024
TRBF,WNNMCA,"Winnemucca Indian Colony of Nevada",12/11/2024
TRBF,WRMSPR,"Confederated Tribes of the Warm Springs Reservation of Oregon",12/11/2024
TRBF,WYNDTT,"Wyandotte Nation",12/11/2024
TRBF,YAKAMA,"Confederated Tribes and Bands of the Yakama Nation",12/11/2024
TRBF,YANKTN,"Yankton Sioux Tribe of South Dakota",12/11/2024
TRBF,YHVTSM,"Yuhaaviatam of San Manuel Nation (previously listed as San Manuel Band of Mission Indians, California)",12/11/2024
TRBF,YLSTSR,"Ysleta del Sur Pueblo",12/11/2024
TRBF,YOCHAD,"Yocha Dehe Wintun Nation, California",12/11/2024
TRBF,YOMBAT,"Yomba Shoshone Tribe of the Yomba Reservation, Nevada",12/11/2024
TRBF,YRNGTN,"Yerington Paiute Tribe of the Yerington Colony & Campbell Ranch, Nevada",12/11/2024
TRBF,YUROKT,"Yurok Tribe of the Yurok Reservation, California",12/11/2024
TRBF,ZIAPBL,"Pueblo of Zia, New Mexico",12/11/2024
TRBF,ZUNINM,"Zuni Tribe of the Zuni Reservation, New Mexico",12/11/2024
AKNF,ACSRMT,"Asa'carsarmiut Tribe",12/11/2024
AKNF,AFGNAK,"Native Village of Afognak",12/11/2024
AKNF,AGDAGX,"Agdaagux Tribe of King Cove",12/11/2024
AKNF,AKACHK,"Akiachak Native Community",12/11/2024
AKNF,AKHIOK,"Native Village of Akhiok",12/11/2024
AKNF,AKIAKC,"Akiak Native Community",12/11/2024
AKNF,AKUTAN,"Native Village of Akutan",12/11/2024
AKNF,ALAKKT,"Allakaket Village",12/11/2024
AKNF,ALAKNK,"Village of Alakanuk",12/11/2024
AKNF,ALATNA,"Alatna Village",12/11/2024
AKNF,ALGACQ,"Algaaciq Native Village (St. Mary's)",12/11/2024
AKNF,ALKNGK,"Native Village of Aleknagik",12/11/2024
AKNF,ALTIIQ,"Alutiiq Tribe of Old Harbor",12/11/2024
AKNF,AMBLER,"Native Village of Ambler",12/11/2024
AKNF,ANGOON,"Angoon Community Association",12/11/2024
AKNF,ANKTVK,"Village of Anaktuvuk Pass",12/11/2024
AKNF,ANVIKV,"Anvik Village",12/11/2024
AKNF,ARCTIC,"Arctic Village (See Native Village of Venetie Tribal Government)",12/11/2024
AKNF,ATKANV,"Native Village of Atka",12/11/2024
AKNF,ATMTLK,"Village of Atmautluak",12/11/2024
AKNF,ATQSUK,"Native Village of Atqasuk",12/11/2024
AKNF,BCKLND,"Native Village of Buckland",12/11/2024
AKNF,BEAVRV,"Beaver Village",12/11/2024
AKNF,BIRCHC,"Birch Creek Tribe",12/11/2024
AKNF,BLKFSK,"Native Village of Belkofski",12/11/2024
AKNF,BLLMSL,"Village of Bill Moore's Slough",12/11/2024
AKNF,BREVIG,"Native Village of Brevig Mission",12/11/2024
AKNF,CGNKBY,"Chignik Bay Tribal Council",12/11/2024
AKNF,CGNKLG,"Native Village of Chignik Lagoon",12/11/2024
AKNF,CGNKLK,"Chignik Lake Village",12/11/2024
AKNF,CHCKLN,"Chickaloon Native Village",12/11/2024
AKNF,CHEVAK,"Chevak Native Village",12/11/2024
AKNF,CHFRNK,"Village of Chefornak",12/11/2024
AKNF,CHINIK,"Chinik Eskimo Community (Golovin)",12/11/2024
AKNF,CHLKAT,"Chilkat Indian Village (Klukwan)",12/11/2024
AKNF,CHLKSK,"Chalkyitsik Village",12/11/2024
AKNF,CHNEGA,"Native Village of Chenega",1/30/2026
AKNF,CHNEGA,"Native Village of Chenega (aka Chanega)",12/11/2024
AKNF,CHSHNA,"Cheesh-Na Tribe",12/11/2024
AKNF,CHTHBK,"Native Village of Chuathbaluk (Russian Mission, Kuskokwim)",12/11/2024
AKNF,CHTINA,"Native Village of Chitina",12/11/2024
AKNF,CIRCLE,"Circle Native Community",12/11/2024
AKNF,CLKOOT,"Chilkoot Indian Association (Haines)",12/11/2024
AKNF,CLNWCK,"Chuloonawick Native Village",12/11/2024
AKNF,CLRKPT,"Village of Clarks Point",12/11/2024
AKNF,CNTWLL,"Native Village of Cantwell",12/11/2024
AKNF,COUNCL,"Native Village of Council",12/11/2024
AKNF,CRAIGT,"Craig Tribal Association",12/11/2024
AKNF,CRKEDC,"Village of Crooked Creek",12/11/2024
AKNF,CRYUNG,"Curyung Tribal Council",12/11/2024
AKNF,DEERNG,"Native Village of Deering",12/11/2024
AKNF,DOTLAK,"Village of Dot Lake",12/11/2024
AKNF,DOUGLS,"Douglas Indian Association",12/11/2024
AKNF,EGEGIK,"Egegik Village",12/11/2024
AKNF,EKLTNA,"Eklutna Native Village",12/11/2024
AKNF,EMMNAK,"Emmonak Village",12/11/2024
AKNF,EVNSVL,"Evansville Village (aka Bettles Field)",12/11/2024
AKNF,FSPASS,"Native Village of False Pass",12/11/2024
AKNF,GAKONA,"Native Village of Gakona",12/11/2024
AKNF,GAMBLL,"Native Village of Gambell",12/11/2024
AKNF,GEORGT,"Native Village of Georgetown",12/11/2024
AKNF,GLKANA,"Gulkana Village Council",12/11/2024
AKNF,GNWSBY,"Native Village of Goodnews Bay",12/11/2024
AKNF,GRYLNG,"Organized Village of Grayling (aka Holikachuk)",12/11/2024
AKNF,GWCHZG,"Native Village of Fort Yukon",12/11/2024
AKNF,HAMLTN,"Native Village of Hamilton",12/11/2024
AKNF,HCROSS,"Holy Cross Tribe",12/11/2024
AKNF,HDABRG,"Hydaburg Cooperative Association",12/11/2024
AKNF,HEALYL,"Healy Lake Village",12/11/2024
AKNF,HOONAH,"Hoonah Indian Association",12/11/2024
AKNF,HOOPBY,"Native Village of Hooper Bay",12/11/2024
AKNF,HUGHES,"Hughes Village",12/11/2024
AKNF,HUSLIA,"Huslia Village",12/11/2024
AKNF,IGIUGG,"Igiugig Village",12/11/2024
AKNF,INALIK,"Native Village of Diomede (aka Inalik)",12/11/2024
AKNF,INPTAS,"Inupiat Community of the Arctic Slope",12/11/2024
AKNF,INPTBW,"Native Village of Barrow Inupiat Traditional Government",12/11/2024
AKNF,IQUGMT,"Iqugmiut Traditional Council",12/11/2024
AKNF,IVNFBY,"Ivanof Bay Tribe",12/11/2024
AKNF,KAGUYK,"Kaguyak Village",12/11/2024
AKNF,KALTAG,"Village of Kaltag",12/11/2024
AKNF,KANATK,"Native Village of Kanatak",12/11/2024
AKNF,KARLUK,"Native Village of Karluk",12/11/2024
AKNF,KASAAN,"Organized Village of Kasaan",12/11/2024
AKNF,KENTZE,"Kenaitze Indian Tribe",12/11/2024
AKNF,KIPNUK,"Native Village of Kipnuk",12/11/2024
AKNF,KKTOVK,"Kaktovik Village (aka Barter Island)",12/11/2024
AKNF,KLAWCK,"Klawock Cooperative Association",12/11/2024
AKNF,KLSKAG,"Village of Kalskag",12/11/2024
AKNF,KLTIKH,"Native Village of Kluti Kaah (aka Copper Center)",12/11/2024
AKNF,KNGGNK,"Native Village of Kongiganak",12/11/2024
AKNF,KNGISL,"King Island Native Community",12/11/2024
AKNF,KNGSAL,"King Salmon Tribe",12/11/2024
AKNF,KNIKTR,"Knik Tribe",12/11/2024
AKNF,KOBUKV,"Native Village of Kobuk",12/11/2024
AKNF,KOKHNK,"Kokhanok Village",12/11/2024
AKNF,KOTLIK,"Village of Kotlik",12/11/2024
AKNF,KOYUKK,"Koyukuk Native Village",12/11/2024
AKNF,KOYUKV,"Native Village of Koyuk",12/11/2024
AKNF,KSIGLK,"Kasigluk Traditional Elders Council",12/11/2024
AKNF,KTCHKN,"Ketchikan Indian Community",12/11/2024
AKNF,KTZBUE,"Native Village of Kotzebue",12/11/2024
AKNF,KVALNA,"Native Village of Kivalina",12/11/2024
AKNF,KWGLGK,"Native Village of Kwigillingok",12/11/2024
AKNF,KWTHLK,"Organized Village of Kwethluk",12/11/2024
AKNF,LARSBY,"Native Village of Larsen Bay",12/11/2024
AKNF,LEVLCK,"Levelock Village",12/11/2024
AKNF,LIMEVL,"Lime Village",12/11/2024
AKNF,LKLSKG,"Village of Lower Kalskag",12/11/2024
AKNF,LOUDEN,"Louden Tribe (previously listed as Galena Village (aka Louden Village))",12/11/2024
AKNF,MCGRTH,"McGrath Native Village",12/11/2024
AKNF,MEKRYK,"Native Village of Mekoryuk",12/11/2024
AKNF,MIGLOO,"Native Village of Mary's Igloo",12/11/2024
AKNF,MNLYHS,"Manley Hot Springs Village",12/11/2024
AKNF,MNOKTK,"Manokotak Village",12/11/2024
AKNF,MNTSTA,"Mentasta Traditional Council",12/11/2024
AKNF,MRSHLL,"Native Village of Marshall (aka Fortuna Ledge)",12/11/2024
AKNF,MTLKTL,"Metlakatla Indian Community, Annette Island Reserve",12/11/2024
AKNF,NAKNEK,"Naknek Native Village",12/11/2024
AKNF,NANWLK,"Native Village of Nanwalek (aka English Bay)",12/11/2024
AKNF,NAPAKK,"Native Village of Napakiak",12/11/2024
AKNF,NAPSKK,"Native Village of Napaskiak",12/11/2024
AKNF,NENANA,"Nenana Native Association",12/11/2024
AKNF,NEWTOK,"Newtok Village",12/11/2024
AKNF,NGHTMT,"Native Village of Nightmute",12/11/2024
AKNF,NHALEN,"Newhalen Village",12/11/2024
AKNF,NKLGNK,"New Koliganek Village Council",12/11/2024
AKNF,NKLSKI,"Native Village of Nikolski",12/11/2024
AKNF,NKOLAI,"Nikolai Village",12/11/2024
AKNF,NKYRMT,"Nunakauyarmiut Tribe",12/11/2024
AKNF,NLSONL,"Native Village of Nelson Lagoon",12/11/2024
AKNF,NNDLTN,"Nondalton Tribe (previously listed as Nondalton Village)",1/30/2026
AKNF,NNDLTN,"Nondalton Village",12/11/2024
AKNF,NNLCHK,"Ninilchik Village",12/11/2024
AKNF,NNMIQA,"Native Village of Nunam Iqua",12/11/2024
AKNF,NNPTCK,"Native Village of Nunapitchuk",12/11/2024
AKNF,NOATAK,"Native Village of Noatak",12/11/2024
AKNF,NOMECM,"Nome Eskimo Community",12/11/2024
AKNF,NOORVK,"Noorvik Native Community",12/11/2024
AKNF,NPAIMT,"Native Village of Napaimute",12/11/2024
AKNF,NRTHWY,"Northway Village",12/11/2024
AKNF,NSTYHK,"New Stuyahok Village",12/11/2024
AKNF,NUIQST,"Native Village of Nuiqsut (aka Nooiksut)",12/11/2024
AKNF,NULATO,"Nulato Village",12/11/2024
AKNF,NVEKUK,"Native Village of Ekuk",12/11/2024
AKNF,NVELIM,"Native Village of Elim",12/11/2024
AKNF,NVEYAK,"Native Village of Eyak (Cordova)",12/11/2024
AKNF,NVLEEK,"Native Village of Eek",12/11/2024
AKNF,NVRUBY,"Native Village of Ruby",12/11/2024
AKNF,NVTNNA,"Native Village of Tanana",12/11/2024
AKNF,NVUNGA,"Native Village of Unga",12/11/2024
AKNF,NVWMTN,"Native Village of White Mountain",12/11/2024
AKNF,OGSNKL,"Portage Creek Village (aka Ohgsenakale)",12/11/2024
AKNF,OHOGMT,"Village of Ohogamiut",12/11/2024
AKNF,OSCARV,"Oscarville Traditional Village",12/11/2024
AKNF,OTSRMT,"Orutsararmiut Traditional Native Council",12/11/2024
AKNF,OZNKIE,"Native Village of Ouzinkie",12/11/2024
AKNF,PDROBY,"Pedro Bay Village",12/11/2024
AKNF,PILOTP,"Native Village of Pilot Point",12/11/2024
AKNF,PILTST,"Pilot Station Traditional Village",12/11/2024
AKNF,PLATNM,"Platinum Traditional Village",12/11/2024
AKNF,PLFHBR,"Pauloff Harbor Village",12/11/2024
AKNF,PNTHPE,"Native Village of Point Hope",12/11/2024
AKNF,PNTLAY,"Native Village of Point Lay",12/11/2024
AKNF,PRBLFC,"Pribilof Islands Aleut Communities of St. Paul & St. George Islands (St. George Island and Saint Paul Island)",1/30/2026
AKNF,PRBLFC,"Pribilof Islands Aleut Communities of St. Paul & St. George Islands (Saint George Island and Saint Paul Island)",12/11/2024
AKNF,PRRYVL,"Native Village of Perryville",12/11/2024
AKNF,PRTGRM,"Native Village of Port Graham",12/11/2024
AKNF,PRTHDN,"Native Village of Port Heiden",12/11/2024
AKNF,PRTLNS,"Native Village of Port Lions",12/11/2024
AKNF,PTKAPT,"Pitka's Point Traditional Council",12/11/2024
AKNF,PTRSBG,"Petersburg Indian Association",12/11/2024
AKNF,QGNTGN,"Qagan Tayagungin Tribe of Sand Point",12/11/2024
AKNF,QUNHGK,"Native Village of Kwinhagak (aka Quinhagak)",12/11/2024
AKNF,QWALGN,"Qawalangin Tribe of Unalaska",12/11/2024
AKNF,RAMPRT,"Rampart Village",12/11/2024
AKNF,REDDVL,"Village of Red Devil",12/11/2024
AKNF,SAVNGA,"Native Village of Savoonga",12/11/2024
AKNF,SAXMAN,"Organized Village of Saxman",12/11/2024
AKNF,SCMNBY,"Native Village of Scammon Bay",12/11/2024
AKNF,SELAWK,"Native Village of Selawik",12/11/2024
AKNF,SHGELK,"Shageluk Native Village",12/11/2024
AKNF,SHKTLK,"Native Village of Shaktoolik",12/11/2024
AKNF,SHNGNK,"Native Village of Shungnak",12/11/2024
AKNF,SITKAT,"Sitka Tribe of Alaska",12/11/2024
AKNF,SKAGWY,"Skagway Village",12/11/2024
AKNF,SLDVIA,"Seldovia Village Tribe",12/11/2024
AKNF,SLMATF,"Salamatof Tribe",12/11/2024
AKNF,SLTMUT,"Village of Sleetmute",12/11/2024
AKNF,SNKNEK,"Native Village of South Naknek (previously listed as South Naknek Village)",1/30/2026
AKNF,SNKNEK,"South Naknek Village",12/11/2024
AKNF,SOLOMN,"Village of Solomon",12/11/2024
AKNF,SSHMRF,"Native Village of Shishmaref",12/11/2024
AKNF,STBBNS,"Stebbins Community Association",12/11/2024
AKNF,STEVNS,"Native Village of Stevens",12/11/2024
AKNF,STGRGE,"Saint George Island (See Pribilof Islands Aleut Communities of St. Paul & St. George Islands)",1/8/2024
AKNF,STGRGE,"St. George Island (See Pribilof Islands Aleut Communities of St. Paul & St. George Islands)",12/11/2024
AKNF,STMCHL,"Native Village of Saint Michael",12/11/2024
AKNF,STNYRV,"Village of Stony River",12/11/2024
AKNF,STPAUL,"Aleut Community of St. Paul Island (See Pribilof Islands Aleut Communities of St. Paul & St. George Islands) (previously listed as Saint Paul Island (See Pribilof Islands Aleut Communities of St. Paul & St. George Islands))",1/30/2026
AKNF,STPAUL,"Saint Paul Island (See Pribilof Islands Aleut Communities of St. Paul & St. George Islands)",12/11/2024
AKNF,SUNAQT,"Sun'aq Tribe of Kodiak",12/11/2024
AKNF,TATTLK,"Native Village of Tatitlek",12/11/2024
AKNF,TAZLNA,"Native Village of Tazlina",12/11/2024
AKNF,TELIDA,"Telida Village",12/11/2024
AKNF,TELLER,"Native Village of Teller",12/11/2024
AKNF,TETLIN,"Native Village of Tetlin",12/11/2024
AKNF,TKOTNA,"Takotna Village",12/11/2024
AKNF,TLNGHD,"Central Council of the Tlingit & Haida Indian Tribes",12/11/2024
AKNF,TLUKSK,"Tuluksak Native Community",12/11/2024
AKNF,TNCRSS,"Native Village of Tanacross",12/11/2024
AKNF,TNGRNQ,"Tangirnaq Native Village",12/11/2024
AKNF,TNTTLK,"Native Village of Tuntutuliak",12/11/2024
AKNF,TOGIAK,"Traditional Village of Togiak",12/11/2024
AKNF,TUNNAK,"Native Village of Tununak",12/11/2024
AKNF,TWINHL,"Twin Hills Village",12/11/2024
AKNF,TYONEK,"Native Village of Tyonek",12/11/2024
AKNF,UGASHK,"Ugashik Village",12/11/2024
AKNF,UMKUMT,"Umkumiut Native Village",12/11/2024
AKNF,UNLKLT,"Native Village of Unalakleet",12/11/2024
AKNF,VANIAK,"Village of Aniak",12/11/2024
AKNF,VEAGLE,"Native Village of Eagle",12/11/2024
AKNF,VEKWOK,"Native Village of Ekwok",12/11/2024
AKNF,VENTGV,"Native Village of Venetie Tribal Government (Arctic Village and Village of Venetie)",12/11/2024
AKNF,VENTVL,"Village of Venetie (See Native Village of Venetie Tribal Government)",12/11/2024
AKNF,VILMNA,"Village of Iliamna",12/11/2024
AKNF,VKIANA,"Native Village of Kiana",12/11/2024
AKNF,VLKAKE,"Organized Village of Kake",12/11/2024
AKNF,VMINTO,"Native Village of Minto",12/11/2024
AKNF,VPAIMT,"Native Village of Paimiut",12/11/2024
AKNF,VWALES,"Native Village of Wales",12/11/2024
AKNF,WAINWT,"Village of Wainwright",12/11/2024
AKNF,WRNGLL,"Wrangell Cooperative Association",12/11/2024
AKNF,YKTTLN,"Yakutat Tlingit Tribe",12/11/2024
AKNF,YUPIIT,"Yupiit of Andreafski",12/11/2024
