FRN_NameAsPublished,ANCSA_Region,ANRC_FIPS
"Agdaagux Tribe of King Cove","Aleut",01570
"Akiachak Native Community","Calista",09800
"Akiak Native Community","Calista",09800
"Alatna Village","Doyon",20010
"Algaaciq Native Village (St. Mary's)","Calista",09800
"Allakaket Village","Doyon",20010
"Alutiiq Tribe of Old Harbor","Koniag",41640
"Angoon Community Association","Sealaska",67940
"Anvik Village","Doyon",20010
"Arctic Village (See Native Village of Venetie Tribal Government)","Doyon",20010
"Asa'carsarmiut Tribe","Calista",09800
"Beaver Village","Doyon",20010
"Birch Creek Tribe","Doyon",20010
"Central Council of the Tlingit & Haida Indian Tribes","Sealaska",67940
"Chalkyitsik Village","Doyon",20010
"Cheesh-Na Tribe","Ahtna",00590
"Chevak Native Village","Calista",09800
"Chickaloon Native Village","Cook Inlet",17140
"Chignik Bay Tribal Council","Bristol Bay",09040
"Chignik Lake Village","Bristol Bay",09040
"Chilkat Indian Village (Klukwan)","Sealaska",67940
"Chilkoot Indian Association (Haines)","Sealaska",67940
"Chinik Eskimo Community (Golovin)","Bering Straits",06370
"Chuloonawick Native Village","Calista",09800
"Circle Native Community","Doyon",20010
"Craig Tribal Association","Sealaska",67940
"Curyung Tribal Council","Bristol Bay",09040
"Douglas Indian Association","Sealaska",67940
"Egegik Village","Bristol Bay",09040
"Eklutna Native Village","Cook Inlet",17140
"Emmonak Village","Calista",09800
"Evansville Village (aka Bettles Field)","Doyon",20010
"Gulkana Village Council","Ahtna",00590
"Healy Lake Village","Doyon",20010
"Holy Cross Tribe","Doyon",20010
"Hoonah Indian Association","Sealaska",67940
"Hughes Village","Doyon",20010
"Huslia Village","Doyon",20010
"Hydaburg Cooperative Association","Sealaska",67940
"Igiugig Village","Bristol Bay",09040
"Inupiat Community of the Arctic Slope","Arctic Slope",03950
"Iqugmiut Traditional Council","Calista",09800
"Ivanof Bay Tribe","Bristol Bay",09040
"Kaguyak Village","Koniag",41640
"Kaktovik Village (aka Barter Island)","Arctic Slope",03950
"Kasigluk Traditional Elders Council","Calista",09800
"Kenaitze Indian Tribe","Cook Inlet",17140
"Ketchikan Indian Community","Sealaska",67940
"King Island Native Community","Bering Straits",06370
"King Salmon Tribe","Bristol Bay",09040
"Klawock Cooperative Association","Sealaska",67940
"Knik Tribe","Cook Inlet",17140
"Kokhanok Village","Bristol Bay",09040
"Koyukuk Native Village","Doyon",20010
"Levelock Village","Bristol Bay",09040
"Lime Village","Calista",09800
"Louden Tribe (previously listed as Galena Village (aka Louden Village))","Doyon",20010
"Manley Hot Springs Village","Doyon",20010
"Manokotak Village","Bristol Bay",09040
"McGrath Native Village","Doyon",20010
"Mentasta Traditional Council","Ahtna",00590
"Naknek Native Village","Bristol Bay",09040
"Native Village of Afognak","Koniag",41640
"Native Village of Akhiok","Koniag",41640
"Native Village of Akutan","Aleut",01570
"Native Village of Aleknagik","Bristol Bay",09040
"Native Village of Ambler","NANA",52120
"Native Village of Atka","Aleut",01570
"Native Village of Atqasuk","Arctic Slope",03950
"Native Village of Barrow Inupiat Traditional Government","Arctic Slope",03950
"Native Village of Belkofski","Aleut",01570
"Native Village of Brevig Mission","Bering Straits",06370
"Native Village of Buckland","NANA",52120
"Native Village of Cantwell","Ahtna",00590
"Native Village of Chenega (aka Chanega)","Chugach",14410
"Native Village of Chignik Lagoon","Bristol Bay",09040
"Native Village of Chitina","Ahtna",00590
"Native Village of Chuathbaluk (Russian Mission, Kuskokwim)","Calista",09800
"Native Village of Council","Bering Straits",06370
"Native Village of Deering","NANA",52120
"Native Village of Diomede (aka Inalik)","Bering Straits",06370
"Native Village of Eagle","Doyon",20010
"Native Village of Eek","Calista",09800
"Native Village of Ekuk","Bristol Bay",09040
"Native Village of Ekwok","Bristol Bay",09040
"Native Village of Elim","Bering Straits",06370
"Native Village of Eyak (Cordova)","Chugach",14410
"Native Village of False Pass","Aleut",01570
"Native Village of Fort Yukon","Doyon",20010
"Native Village of Gakona","Ahtna",00590
"Native Village of Gambell","Bering Straits",06370
"Native Village of Georgetown","Calista",09800
"Native Village of Goodnews Bay","Calista",09800
"Native Village of Hamilton","Calista",09800
"Native Village of Hooper Bay","Calista",09800
"Native Village of Kanatak","Bristol Bay",09040
"Native Village of Karluk","Koniag",41640
"Native Village of Kiana","NANA",52120
"Native Village of Kipnuk","Calista",09800
"Native Village of Kivalina","NANA",52120
"Native Village of Kluti Kaah (aka Copper Center)","Ahtna",00590
"Native Village of Kobuk","NANA",52120
"Native Village of Kongiganak","Calista",09800
"Native Village of Kotzebue","NANA",52120
"Native Village of Koyuk","Bering Straits",06370
"Native Village of Kwigillingok","Calista",09800
"Native Village of Kwinhagak (aka Quinhagak)","Calista",09800
"Native Village of Larsen Bay","Koniag",41640
"Native Village of Marshall (aka Fortuna Ledge)","Calista",09800
"Native Village of Mary's Igloo","Bering Straits",06370
"Native Village of Mekoryuk","Calista",09800
"Native Village of Minto","Doyon",20010
"Native Village of Nanwalek (aka English Bay)","Chugach",14410
"Native Village of Napaimute","Calista",09800
"Native Village of Napakiak","Calista",09800
"Native Village of Napaskiak","Calista",09800
"Native Village of Nelson Lagoon","Aleut",01570
"Native Village of Nightmute","Calista",09800
"Native Village of Nikolski","Aleut",01570
"Native Village of Noatak","NANA",52120
"Native Village of Nuiqsut (aka Nooiksut)","Arctic Slope",03950
"Native Village of Nunam Iqua","Calista",09800
"Native Village of Nunapitchuk","Calista",09800
"Native Village of Ouzinkie","Koniag",41640
"Native Village of Paimiut","Calista",09800
"Native Village of Perryville","Bristol Bay",09040
"Native Village of Pilot Point","Bristol Bay",09040
"Native Village of Point Hope","Arctic Slope",03950
"Native Village of Point Lay","Arctic Slope",03950
"Native Village of Port Graham","Chugach",14410
"Native Village of Port Heiden","Bristol Bay",09040
"Native Village of Port Lions","Koniag",41640
"Native Village of Ruby","Doyon",20010
"Native Village of Saint Michael","Bering Straits",06370
"Native Village of Savoonga","Bering Straits",06370
"Native Village of Scammon Bay","Calista",09800
"Native Village of Selawik","NANA",52120
"Native Village of Shaktoolik","Bering Straits",06370
"Native Village of Shishmaref","Bering Straits",06370
"Native Village of Shungnak","NANA",52120
"Native Village of Stevens","Doyon",20010
"Native Village of Tanacross","Doyon",20010
"Native Village of Tanana","Doyon",20010
"Native Village of Tatitlek","Chugach",14410
"Native Village of Tazlina","Ahtna",00590
"Native Village of Teller","Bering Straits",06370
"Native Village of Tetlin","Doyon",20010
"Native Village of Tuntutuliak","Calista",09800
"Native Village of Tununak","Calista",09800
"Native Village of Tyonek","Cook Inlet",17140
"Native Village of Unalakleet","Bering Straits",06370
"Native Village of Unga","Aleut",01570
"Native Village of Venetie Tribal Government (Arctic Village and Village of Venetie)","Doyon",20010
"Native Village of Wales","Bering Straits",06370
"Native Village of White Mountain","Bering Straits",06370
"Nenana Native Association","Doyon",20010
"New Koliganek Village Council","Bristol Bay",09040
"New Stuyahok Village","Bristol Bay",09040
"Newhalen Village","Bristol Bay",09040
"Newtok Village","Calista",09800
"Nikolai Village","Doyon",20010
"Ninilchik Village","Cook Inlet",17140
"Nome Eskimo Community","Bering Straits",06370
"Nondalton Village","Bristol Bay",09040
"Noorvik Native Community","NANA",52120
"Northway Village","Doyon",20010
"Nulato Village","Doyon",20010
"Nunakauyarmiut Tribe","Calista",09800
"Organized Village of Grayling (aka Holikachuk)","Doyon",20010
"Organized Village of Kake","Sealaska",67940
"Organized Village of Kasaan","Sealaska",67940
"Organized Village of Kwethluk","Calista",09800
"Organized Village of Saxman","Sealaska",67940
"Orutsararmiut Traditional Native Council","Calista",09800
"Oscarville Traditional Village","Calista",09800
"Pauloff Harbor Village","Aleut",01570
"Pedro Bay Village","Bristol Bay",09040
"Petersburg Indian Association","Sealaska",67940
"Pilot Station Traditional Village","Calista",09800
"Pitka's Point Traditional Council","Calista",09800
"Platinum Traditional Village","Calista",09800
"Portage Creek Village (aka Ohgsenakale)","Bristol Bay",09040
"Pribilof Islands Aleut Communities of St. Paul & St. George Islands (Saint George Island and Saint Paul Island)","Aleut",01570
"Qagan Tayagungin Tribe of Sand Point","Aleut",01570
"Qawalangin Tribe of Unalaska","Aleut",01570
"Rampart Village","Doyon",20010
"Saint Paul Island (See Pribilof Islands Aleut Communities of St. Paul & St. George Islands)","Aleut",01570
"Salamatof Tribe","Cook Inlet",17140
"Seldovia Village Tribe","Cook Inlet",17140
"Shageluk Native Village","Doyon",20010
"Sitka Tribe of Alaska","Sealaska",67940
"Skagway Village","Sealaska",67940
"South Naknek Village","Bristol Bay",09040
"St. George Island (See Pribilof Islands Aleut Communities of St. Paul & St. George Islands)","Aleut",01570
"Stebbins Community Association","Bering Straits",06370
"Sun'aq Tribe of Kodiak","Koniag",41640
"Takotna Village","Doyon",20010
"Tangirnaq Native Village","Koniag",41640
"Telida Village","Doyon",20010
"Traditional Village of Togiak","Bristol Bay",09040
"Tuluksak Native Community","Calista",09800
"Twin Hills Village","Bristol Bay",09040
"Ugashik Village","Bristol Bay",09040
"Umkumiut Native Village","Calista",09800
"Village of Alakanuk","Calista",09800
"Village of Anaktuvuk Pass","Arctic Slope",03950
"Village of Aniak","Calista",09800
"Village of Atmautluak","Calista",09800
"Village of Bill Moore's Slough","Calista",09800
"Village of Chefornak","Calista",09800
"Village of Clarks Point","Bristol Bay",09040
"Village of Crooked Creek","Calista",09800
"Village of Dot Lake","Doyon",20010
"Village of Iliamna","Bristol Bay",09040
"Village of Kalskag","Calista",09800
"Village of Kaltag","Doyon",20010
"Village of Kotlik","Calista",09800
"Village of Lower Kalskag","Calista",09800
"Village of Ohogamiut","Calista",09800
"Village of Red Devil","Calista",09800
"Village of Sleetmute","Calista",09800
"Village of Solomon","Bering Straits",06370
"Village of Stony River","Calista",09800
"Village of Venetie (See Native Village of Venetie Tribal Government)","Doyon",20010
"Village of Wainwright","Arctic Slope",03950
"Wrangell Cooperative Association","Sealaska",67940
"Yakutat Tlingit Tribe","Sealaska",67940
"Yupiit of Andreafski","Calista",09800
