AIANNHCE,AIANNHNS,AIANNH_Geoname,AIANNH_Geoname_Full,ANRC_FIPS,ANRCNS,GEOIDFQ,ANCSA_Region,ANCSA_Region_Full
6030,02418758,"Akutan","Akutan ANVSA",01570,02419297,2300000US0201570,"Aleut","Aleut Alaska Native Regional Corporation"
7390,02419230,"St. Paul","St. Paul ANVSA",01570,02419297,2300000US0201570,"Aleut","Aleut Alaska Native Regional Corporation"
7695,02419277,"Unalaska","Unalaska ANVSA",01570,02419297,2300000US0201570,"Aleut","Aleut Alaska Native Regional Corporation"
6150,02418779,"Atka","Atka ANVSA",01570,02419297,2300000US0201570,"Aleut","Aleut Alaska Native Regional Corporation"
7075,02418745,"Nikolski","Nikolski ANVSA",01570,02419297,2300000US0201570,"Aleut","Aleut Alaska Native Regional Corporation"
7340,02419228,"St. George","St. George ANVSA",01570,02419297,2300000US0201570,"Aleut","Aleut Alaska Native Regional Corporation"
6195,02418788,"Belkofski","Belkofski ANVSA",01570,02419297,2300000US0201570,"Aleut","Aleut Alaska Native Regional Corporation"
6500,02418579,"False Pass","False Pass ANVSA",01570,02419297,2300000US0201570,"Aleut","Aleut Alaska Native Regional Corporation"
6735,02418652,"King Cove","King Cove ANVSA",01570,02419297,2300000US0201570,"Aleut","Aleut Alaska Native Regional Corporation"
7025,02418732,"Nelson Lagoon","Nelson Lagoon ANVSA",01570,02419297,2300000US0201570,"Aleut","Aleut Alaska Native Regional Corporation"
7410,02419207,"Sand Point","Sand Point ANVSA",01570,02419297,2300000US0201570,"Aleut","Aleut Alaska Native Regional Corporation"
6290,02418816,"Chickaloon","Chickaloon ANVSA",00590,02419295,2300000US0200590,"Ahtna","Ahtna Alaska Native Regional Corporation"
6325,02418829,"Chistochina","Chistochina ANVSA",00590,02419295,2300000US0200590,"Ahtna","Ahtna Alaska Native Regional Corporation"
6330,02418831,"Chitina","Chitina ANVSA",00590,02419295,2300000US0200590,"Ahtna","Ahtna Alaska Native Regional Corporation"
6365,02418846,"Copper Center","Copper Center ANVSA",00590,02419295,2300000US0200590,"Ahtna","Ahtna Alaska Native Regional Corporation"
7560,02419250,"Tazlina","Tazlina ANVSA",00590,02419295,2300000US0200590,"Ahtna","Ahtna Alaska Native Regional Corporation"
6255,02418800,"Cantwell","Cantwell ANVSA",00590,02419295,2300000US0200590,"Ahtna","Ahtna Alaska Native Regional Corporation"
6520,02418592,"Gakona","Gakona ANVSA",00590,02419295,2300000US0200590,"Ahtna","Ahtna Alaska Native Regional Corporation"
6560,02418604,"Gulkana","Gulkana ANVSA",00590,02419295,2300000US0200590,"Ahtna","Ahtna Alaska Native Regional Corporation"
6945,02418707,"Mentasta Lake","Mentasta Lake ANVSA",00590,02419295,2300000US0200590,"Ahtna","Ahtna Alaska Native Regional Corporation"
7555,02419248,"Tatitlek","Tatitlek ANVSA",14410,02419341,2300000US0214410,"Chugach","Chugach Alaska Native Regional Corporation"
6280,02418808,"Chenega","Chenega ANVSA",14410,02419341,2300000US0214410,"Chugach","Chugach Alaska Native Regional Corporation"
6995,02418725,"Nanwalek","Nanwalek ANVSA",14410,02419341,2300000US0214410,"Chugach","Chugach Alaska Native Regional Corporation"
7265,02419184,"Port Graham","Port Graham ANVSA",14410,02419341,2300000US0214410,"Chugach","Chugach Alaska Native Regional Corporation"
6495,02418578,"Eyak","Eyak ANVSA",14410,02419341,2300000US0214410,"Chugach","Chugach Alaska Native Regional Corporation"
6100,02418772,"Angoon","Angoon ANVSA",67940,02419136,2300000US0267940,"Sealaska","Sealaska Alaska Native Regional Corporation"
6315,02418826,"Chilkoot","Chilkoot ANVSA",67940,02419136,2300000US0267940,"Sealaska","Sealaska Alaska Native Regional Corporation"
7475,02575190,"Sitka","Sitka ANVSA",67940,02419136,2300000US0267940,"Sealaska","Sealaska Alaska Native Regional Corporation"
6420,02418558,"Douglas","Douglas ANVSA",67940,02419136,2300000US0267940,"Sealaska","Sealaska Alaska Native Regional Corporation"
7765,02419292,"Yakutat","Yakutat ANVSA",67940,02419136,2300000US0267940,"Sealaska","Sealaska Alaska Native Regional Corporation"
6310,02418825,"Chilkat","Chilkat ANVSA",67940,02419136,2300000US0267940,"Sealaska","Sealaska Alaska Native Regional Corporation"
7485,02575191,"Skagway","Skagway ANVSA",67940,02419136,2300000US0267940,"Sealaska","Sealaska Alaska Native Regional Corporation"
6725,02575182,"Ketchikan","Ketchikan ANVSA",67940,02419136,2300000US0267940,"Sealaska","Sealaska Alaska Native Regional Corporation"
6590,02418618,"Hoonah","Hoonah ANVSA",67940,02419136,2300000US0267940,"Sealaska","Sealaska Alaska Native Regional Corporation"
6615,02418623,"Hydaburg","Hydaburg ANVSA",67940,02419136,2300000US0267940,"Sealaska","Sealaska Alaska Native Regional Corporation"
6705,02418643,"Kasaan","Kasaan ANVSA",67940,02419136,2300000US0267940,"Sealaska","Sealaska Alaska Native Regional Corporation"
6765,02418659,"Klawock","Klawock ANVSA",67940,02419136,2300000US0267940,"Sealaska","Sealaska Alaska Native Regional Corporation"
6385,02418851,"Craig","Craig ANVSA",67940,02419136,2300000US0267940,"Sealaska","Sealaska Alaska Native Regional Corporation"
7220,02575188,"Petersburg","Petersburg ANVSA",67940,02419136,2300000US0267940,"Sealaska","Sealaska Alaska Native Regional Corporation"
7420,02419209,"Saxman","Saxman ANVSA",67940,02419136,2300000US0267940,"Sealaska","Sealaska Alaska Native Regional Corporation"
6670,02418635,"Kake","Kake ANVSA",67940,02419136,2300000US0267940,"Sealaska","Sealaska Alaska Native Regional Corporation"
7755,02575193,"Wrangell","Wrangell ANVSA",67940,02419136,2300000US0267940,"Sealaska","Sealaska Alaska Native Regional Corporation"
6080,02418769,"Anaktuvuk Pass","Anaktuvuk Pass ANVSA",03950,02419300,2300000US0203950,"Arctic Slope","Arctic Slope Alaska Native Regional Corporation"
6175,02418784,"Barrow","Barrow ANVSA",03950,02419300,2300000US0203950,"Arctic Slope","Arctic Slope Alaska Native Regional Corporation"
6680,02418636,"Kaktovik","Kaktovik ANVSA",03950,02419300,2300000US0203950,"Arctic Slope","Arctic Slope Alaska Native Regional Corporation"
7125,02419151,"Nuiqsut","Nuiqsut ANVSA",03950,02419300,2300000US0203950,"Arctic Slope","Arctic Slope Alaska Native Regional Corporation"
7250,02419176,"Point Hope","Point Hope ANVSA",03950,02419300,2300000US0203950,"Arctic Slope","Arctic Slope Alaska Native Regional Corporation"
7255,02419177,"Point Lay","Point Lay ANVSA",03950,02419300,2300000US0203950,"Arctic Slope","Arctic Slope Alaska Native Regional Corporation"
6165,02418782,"Atqasuk","Atqasuk ANVSA",03950,02419300,2300000US0203950,"Arctic Slope","Arctic Slope Alaska Native Regional Corporation"
7735,02419281,"Wainwright","Wainwright ANVSA",03950,02419300,2300000US0203950,"Arctic Slope","Arctic Slope Alaska Native Regional Corporation"
6830,02418674,"Koyukuk","Koyukuk ANVSA",20010,02418929,2300000US0220010,"Doyon","Doyon Alaska Native Regional Corporation"
7130,02419152,"Nulato","Nulato ANVSA",20010,02418929,2300000US0220010,"Doyon","Doyon Alaska Native Regional Corporation"
7300,02419195,"Rampart","Rampart ANVSA",20010,02418929,2300000US0220010,"Doyon","Doyon Alaska Native Regional Corporation"
7310,02419201,"Ruby","Ruby ANVSA",20010,02418929,2300000US0220010,"Doyon","Doyon Alaska Native Regional Corporation"
7440,02419215,"Shageluk","Shageluk ANVSA",20010,02418929,2300000US0220010,"Doyon","Doyon Alaska Native Regional Corporation"
6895,02418700,"McGrath","McGrath ANVSA",20010,02418929,2300000US0220010,"Doyon","Doyon Alaska Native Regional Corporation"
6900,02418694,"Manley Hot Springs","Manley Hot Springs ANVSA",20010,02418929,2300000US0220010,"Doyon","Doyon Alaska Native Regional Corporation"
6550,02418603,"Grayling","Grayling ANVSA",20010,02418929,2300000US0220010,"Doyon","Doyon Alaska Native Regional Corporation"
6585,02418617,"Holy Cross","Holy Cross ANVSA",20010,02418929,2300000US0220010,"Doyon","Doyon Alaska Native Regional Corporation"
7580,02419255,"Tetlin","Tetlin ANVSA",20010,02418929,2300000US0220010,"Doyon","Doyon Alaska Native Regional Corporation"
6690,02418639,"Kaltag","Kaltag ANVSA",20010,02418929,2300000US0220010,"Doyon","Doyon Alaska Native Regional Corporation"
6850,02575185,"Lake Minchumina","Lake Minchumina ANVSA",20010,02418929,2300000US0220010,"Doyon","Doyon Alaska Native Regional Corporation"
6610,02418622,"Huslia","Huslia ANVSA",20010,02418929,2300000US0220010,"Doyon","Doyon Alaska Native Regional Corporation"
6040,02418760,"Alatna","Alatna ANVSA",20010,02418929,2300000US0220010,"Doyon","Doyon Alaska Native Regional Corporation"
6965,02418713,"Minto","Minto ANVSA",20010,02418929,2300000US0220010,"Doyon","Doyon Alaska Native Regional Corporation"
7030,02418734,"Nenana","Nenana ANVSA",20010,02418929,2300000US0220010,"Doyon","Doyon Alaska Native Regional Corporation"
7070,02418744,"Nikolai","Nikolai ANVSA",20010,02418929,2300000US0220010,"Doyon","Doyon Alaska Native Regional Corporation"
6605,02418621,"Hughes","Hughes ANVSA",20010,02418929,2300000US0220010,"Doyon","Doyon Alaska Native Regional Corporation"
6070,02418766,"Allakaket","Allakaket ANVSA",20010,02418929,2300000US0220010,"Doyon","Doyon Alaska Native Regional Corporation"
6265,02418804,"Chalkyitsik","Chalkyitsik ANVSA",20010,02418929,2300000US0220010,"Doyon","Doyon Alaska Native Regional Corporation"
6350,02418836,"Circle","Circle ANVSA",20010,02418929,2300000US0220010,"Doyon","Doyon Alaska Native Regional Corporation"
6490,02418575,"Evansville","Evansville ANVSA",20010,02418929,2300000US0220010,"Doyon","Doyon Alaska Native Regional Corporation"
6515,02418585,"Fort Yukon","Fort Yukon ANVSA",20010,02418929,2300000US0220010,"Doyon","Doyon Alaska Native Regional Corporation"
6525,02418594,"Galena","Galena ANVSA",20010,02418929,2300000US0220010,"Doyon","Doyon Alaska Native Regional Corporation"
6125,02418774,"Anvik","Anvik ANVSA",20010,02418929,2300000US0220010,"Doyon","Doyon Alaska Native Regional Corporation"
6140,02418776,"Arctic Village","Arctic Village ANVSA",20010,02418929,2300000US0220010,"Doyon","Doyon Alaska Native Regional Corporation"
6190,02418786,"Beaver","Beaver ANVSA",20010,02418929,2300000US0220010,"Doyon","Doyon Alaska Native Regional Corporation"
6235,02418794,"Birch Creek","Birch Creek ANVSA",20010,02418929,2300000US0220010,"Doyon","Doyon Alaska Native Regional Corporation"
6257,02575178,"Canyon Village","Canyon Village ANVSA",20010,02418929,2300000US0220010,"Doyon","Doyon Alaska Native Regional Corporation"
7725,02575192,"Venetie","Venetie ANVSA",20010,02418929,2300000US0220010,"Doyon","Doyon Alaska Native Regional Corporation"
7520,02419234,"Stevens Village","Stevens Village ANVSA",20010,02418929,2300000US0220010,"Doyon","Doyon Alaska Native Regional Corporation"
7530,02419241,"Takotna","Takotna ANVSA",20010,02418929,2300000US0220010,"Doyon","Doyon Alaska Native Regional Corporation"
6415,02418555,"Dot Lake","Dot Lake ANVSA",20010,02418929,2300000US0220010,"Doyon","Doyon Alaska Native Regional Corporation"
6430,02418560,"Eagle","Eagle ANVSA",20010,02418929,2300000US0220010,"Doyon","Doyon Alaska Native Regional Corporation"
6575,02418613,"Healy Lake","Healy Lake ANVSA",20010,02418929,2300000US0220010,"Doyon","Doyon Alaska Native Regional Corporation"
7115,02419147,"Northway","Northway ANVSA",20010,02418929,2300000US0220010,"Doyon","Doyon Alaska Native Regional Corporation"
7535,02419244,"Tanacross","Tanacross ANVSA",20010,02418929,2300000US0220010,"Doyon","Doyon Alaska Native Regional Corporation"
7540,02419247,"Tanana","Tanana ANVSA",20010,02418929,2300000US0220010,"Doyon","Doyon Alaska Native Regional Corporation"
7565,02419252,"Telida","Telida ANVSA",20010,02418929,2300000US0220010,"Doyon","Doyon Alaska Native Regional Corporation"
6400,02418551,"Deering","Deering ANVSA",52120,02419029,2300000US0252120,"NANA","NANA Alaska Native Regional Corporation"
6730,02418650,"Kiana","Kiana ANVSA",52120,02419029,2300000US0252120,"NANA","NANA Alaska Native Regional Corporation"
6755,02418658,"Kivalina","Kivalina ANVSA",52120,02419029,2300000US0252120,"NANA","NANA Alaska Native Regional Corporation"
7085,02418749,"Noatak","Noatak ANVSA",52120,02419029,2300000US0252120,"NANA","NANA Alaska Native Regional Corporation"
7110,02419146,"Noorvik","Noorvik ANVSA",52120,02419029,2300000US0252120,"NANA","NANA Alaska Native Regional Corporation"
7430,02419211,"Selawik","Selawik ANVSA",52120,02419029,2300000US0252120,"NANA","NANA Alaska Native Regional Corporation"
6790,02418664,"Kobuk","Kobuk ANVSA",52120,02419029,2300000US0252120,"NANA","NANA Alaska Native Regional Corporation"
6820,02418672,"Kotzebue","Kotzebue ANVSA",52120,02419029,2300000US0252120,"NANA","NANA Alaska Native Regional Corporation"
6075,02418768,"Ambler","Ambler ANVSA",52120,02419029,2300000US0252120,"NANA","NANA Alaska Native Regional Corporation"
6250,02418797,"Buckland","Buckland ANVSA",52120,02419029,2300000US0252120,"NANA","NANA Alaska Native Regional Corporation"
7470,02419218,"Shungnak","Shungnak ANVSA",52120,02419029,2300000US0252120,"NANA","NANA Alaska Native Regional Corporation"
6785,02418661,"Knik","Knik ANVSA",17140,02418878,2300000US0217140,"Cook Inlet","Cook Inlet Alaska Native Regional Corporation"
6290,02418816,"Chickaloon","Chickaloon ANVSA",17140,02418878,2300000US0217140,"Cook Inlet","Cook Inlet Alaska Native Regional Corporation"
7080,02418747,"Ninilchik","Ninilchik ANVSA",17140,02418878,2300000US0217140,"Cook Inlet","Cook Inlet Alaska Native Regional Corporation"
6720,02418648,"Kenaitze","Kenaitze ANVSA",17140,02418878,2300000US0217140,"Cook Inlet","Cook Inlet Alaska Native Regional Corporation"
7263,02575189,"Port Alsworth","Port Alsworth ANVSA",17140,02418878,2300000US0217140,"Cook Inlet","Cook Inlet Alaska Native Regional Corporation"
7400,02419203,"Salamatof","Salamatof ANVSA",17140,02418878,2300000US0217140,"Cook Inlet","Cook Inlet Alaska Native Regional Corporation"
7435,02419212,"Seldovia","Seldovia ANVSA",17140,02418878,2300000US0217140,"Cook Inlet","Cook Inlet Alaska Native Regional Corporation"
7655,02419272,"Tyonek","Tyonek ANVSA",17140,02418878,2300000US0217140,"Cook Inlet","Cook Inlet Alaska Native Regional Corporation"
6450,02418569,"Eklutna","Eklutna ANVSA",17140,02418878,2300000US0217140,"Cook Inlet","Cook Inlet Alaska Native Regional Corporation"
6470,02575181,"Elim","Elim ANVSA",06370,02419308,2300000US0206370,"Bering Straits","Bering Straits Alaska Native Regional Corporation"
6630,02418629,"Inalik","Inalik ANVSA",06370,02419308,2300000US0206370,"Bering Straits","Bering Straits Alaska Native Regional Corporation"
6540,02418601,"Golovin","Golovin ANVSA",06370,02419308,2300000US0206370,"Bering Straits","Bering Straits Alaska Native Regional Corporation"
7095,02575187,"Nome","Nome ANVSA",06370,02419308,2300000US0206370,"Bering Straits","Bering Straits Alaska Native Regional Corporation"
6240,02418796,"Brevig Mission","Brevig Mission ANVSA",06370,02419308,2300000US0206370,"Bering Straits","Bering Straits Alaska Native Regional Corporation"
6380,02418849,"Council","Council ANVSA",06370,02419308,2300000US0206370,"Bering Straits","Bering Straits Alaska Native Regional Corporation"
6530,02418595,"Gambell","Gambell ANVSA",06370,02419308,2300000US0206370,"Bering Straits","Bering Straits Alaska Native Regional Corporation"
7740,02419282,"Wales","Wales ANVSA",06370,02419308,2300000US0206370,"Bering Straits","Bering Straits Alaska Native Regional Corporation"
6825,02418673,"Koyuk","Koyuk ANVSA",06370,02419308,2300000US0206370,"Bering Straits","Bering Straits Alaska Native Regional Corporation"
6915,02418698,"Mary's Igloo","Mary's Igloo ANVSA",06370,02419308,2300000US0206370,"Bering Straits","Bering Straits Alaska Native Regional Corporation"
7375,02419229,"St. Michael","St. Michael ANVSA",06370,02419308,2300000US0206370,"Bering Straits","Bering Straits Alaska Native Regional Corporation"
7415,02419208,"Savoonga","Savoonga ANVSA",06370,02419308,2300000US0206370,"Bering Straits","Bering Straits Alaska Native Regional Corporation"
7450,02419216,"Shaktoolik","Shaktoolik ANVSA",06370,02419308,2300000US0206370,"Bering Straits","Bering Straits Alaska Native Regional Corporation"
7745,02419284,"White Mountain","White Mountain ANVSA",06370,02419308,2300000US0206370,"Bering Straits","Bering Straits Alaska Native Regional Corporation"
7465,02419217,"Shishmaref","Shishmaref ANVSA",06370,02419308,2300000US0206370,"Bering Straits","Bering Straits Alaska Native Regional Corporation"
7500,02419225,"Solomon","Solomon ANVSA",06370,02419308,2300000US0206370,"Bering Straits","Bering Straits Alaska Native Regional Corporation"
7510,02419232,"Stebbins","Stebbins ANVSA",06370,02419308,2300000US0206370,"Bering Straits","Bering Straits Alaska Native Regional Corporation"
7570,02419253,"Teller","Teller ANVSA",06370,02419308,2300000US0206370,"Bering Straits","Bering Straits Alaska Native Regional Corporation"
7690,02419276,"Unalakleet","Unalakleet ANVSA",06370,02419308,2300000US0206370,"Bering Straits","Bering Straits Alaska Native Regional Corporation"
6910,02418697,"Marshall","Marshall ANVSA",09800,02419328,2300000US0209800,"Calista","Calista Alaska Native Regional Corporation"
6975,02418719,"Mountain Village","Mountain Village ANVSA",09800,02419328,2300000US0209800,"Calista","Calista Alaska Native Regional Corporation"
7630,02419263,"Tuluksak","Tuluksak ANVSA",09800,02419328,2300000US0209800,"Calista","Calista Alaska Native Regional Corporation"
6335,02418834,"Chuathbaluk","Chuathbaluk ANVSA",09800,02419328,2300000US0209800,"Calista","Calista Alaska Native Regional Corporation"
6020,02418755,"Akiachak","Akiachak ANVSA",09800,02419328,2300000US0209800,"Calista","Calista Alaska Native Regional Corporation"
7133,02419153,"Nunam Iqua","Nunam Iqua ANVSA",09800,02419328,2300000US0209800,"Calista","Calista Alaska Native Regional Corporation"
7145,02419155,"Ohogamiut","Ohogamiut ANVSA",09800,02419328,2300000US0209800,"Calista","Calista Alaska Native Regional Corporation"
7185,02419161,"Paimiut","Paimiut ANVSA",09800,02419328,2300000US0209800,"Calista","Calista Alaska Native Regional Corporation"
7230,02419170,"Pilot Station","Pilot Station ANVSA",09800,02419328,2300000US0209800,"Calista","Calista Alaska Native Regional Corporation"
7235,02419171,"Pitkas Point","Pitkas Point ANVSA",09800,02419328,2300000US0209800,"Calista","Calista Alaska Native Regional Corporation"
7640,02419265,"Tuntutuliak","Tuntutuliak ANVSA",09800,02419328,2300000US0209800,"Calista","Calista Alaska Native Regional Corporation"
7645,02419267,"Tununak","Tununak ANVSA",09800,02419328,2300000US0209800,"Calista","Calista Alaska Native Regional Corporation"
6025,02418757,"Akiak","Akiak ANVSA",09800,02419328,2300000US0209800,"Calista","Calista Alaska Native Regional Corporation"
6035,02418759,"Alakanuk","Alakanuk ANVSA",09800,02419328,2300000US0209800,"Calista","Calista Alaska Native Regional Corporation"
6065,02418765,"Algaaciq","Algaaciq ANVSA",09800,02419328,2300000US0209800,"Calista","Calista Alaska Native Regional Corporation"
6095,02418771,"Andreafsky","Andreafsky ANVSA",09800,02419328,2300000US0209800,"Calista","Calista Alaska Native Regional Corporation"
6225,02418793,"Bill Moore's","Bill Moore's ANVSA",09800,02419328,2300000US0209800,"Calista","Calista Alaska Native Regional Corporation"
6285,02418813,"Chevak","Chevak ANVSA",09800,02419328,2300000US0209800,"Calista","Calista Alaska Native Regional Corporation"
7065,02418741,"Nightmute","Nightmute ANVSA",09800,02419328,2300000US0209800,"Calista","Calista Alaska Native Regional Corporation"
7135,02419154,"Nunapitchuk","Nunapitchuk ANVSA",09800,02419328,2300000US0209800,"Calista","Calista Alaska Native Regional Corporation"
6545,02418602,"Goodnews Bay","Goodnews Bay ANVSA",09800,02419328,2300000US0209800,"Calista","Calista Alaska Native Regional Corporation"
6685,02418638,"Kalskag","Kalskag ANVSA",09800,02419328,2300000US0209800,"Calista","Calista Alaska Native Regional Corporation"
6835,02418675,"Kwethluk","Kwethluk ANVSA",09800,02419328,2300000US0209800,"Calista","Calista Alaska Native Regional Corporation"
6840,02418676,"Kwigillingok","Kwigillingok ANVSA",09800,02419328,2300000US0209800,"Calista","Calista Alaska Native Regional Corporation"
6845,02418678,"Kwinhagak","Kwinhagak ANVSA",09800,02419328,2300000US0209800,"Calista","Calista Alaska Native Regional Corporation"
6875,02418686,"Lime Village","Lime Village ANVSA",09800,02419328,2300000US0209800,"Calista","Calista Alaska Native Regional Corporation"
6890,02418690,"Lower Kalskag","Lower Kalskag ANVSA",09800,02419328,2300000US0209800,"Calista","Calista Alaska Native Regional Corporation"
6935,02418705,"Mekoryuk","Mekoryuk ANVSA",09800,02419328,2300000US0209800,"Calista","Calista Alaska Native Regional Corporation"
7005,02418727,"Napaimute","Napaimute ANVSA",09800,02419328,2300000US0209800,"Calista","Calista Alaska Native Regional Corporation"
7055,02418739,"Newtok","Newtok ANVSA",09800,02419328,2300000US0209800,"Calista","Calista Alaska Native Regional Corporation"
6710,02418644,"Kasigluk","Kasigluk ANVSA",09800,02419328,2300000US0209800,"Calista","Calista Alaska Native Regional Corporation"
6750,02418656,"Kipnuk","Kipnuk ANVSA",09800,02419328,2300000US0209800,"Calista","Calista Alaska Native Regional Corporation"
6810,02418669,"Kongiganak","Kongiganak ANVSA",09800,02419328,2300000US0209800,"Calista","Calista Alaska Native Regional Corporation"
6340,02418835,"Chuloonawick","Chuloonawick ANVSA",09800,02419328,2300000US0209800,"Calista","Calista Alaska Native Regional Corporation"
6480,02418573,"Emmonak","Emmonak ANVSA",09800,02419328,2300000US0209800,"Calista","Calista Alaska Native Regional Corporation"
6570,02418609,"Hamilton","Hamilton ANVSA",09800,02419328,2300000US0209800,"Calista","Calista Alaska Native Regional Corporation"
6595,02418619,"Hooper Bay","Hooper Bay ANVSA",09800,02419328,2300000US0209800,"Calista","Calista Alaska Native Regional Corporation"
6815,02418671,"Kotlik","Kotlik ANVSA",09800,02419328,2300000US0209800,"Calista","Calista Alaska Native Regional Corporation"
6105,02418773,"Aniak","Aniak ANVSA",09800,02419328,2300000US0209800,"Calista","Calista Alaska Native Regional Corporation"
6160,02418780,"Atmautluak","Atmautluak ANVSA",09800,02419328,2300000US0209800,"Calista","Calista Alaska Native Regional Corporation"
6205,02418790,"Bethel","Bethel ANVSA",09800,02419328,2300000US0209800,"Calista","Calista Alaska Native Regional Corporation"
7175,02419157,"Oscarville","Oscarville ANVSA",09800,02419328,2300000US0209800,"Calista","Calista Alaska Native Regional Corporation"
7245,02419173,"Platinum","Platinum ANVSA",09800,02419328,2300000US0209800,"Calista","Calista Alaska Native Regional Corporation"
7305,02419197,"Red Devil","Red Devil ANVSA",09800,02419328,2300000US0209800,"Calista","Calista Alaska Native Regional Corporation"
7495,02419223,"Sleetmute","Sleetmute ANVSA",09800,02419328,2300000US0209800,"Calista","Calista Alaska Native Regional Corporation"
7525,02419236,"Stony River","Stony River ANVSA",09800,02419328,2300000US0209800,"Calista","Calista Alaska Native Regional Corporation"
7625,02419259,"Toksook Bay","Toksook Bay ANVSA",09800,02419328,2300000US0209800,"Calista","Calista Alaska Native Regional Corporation"
6275,02418807,"Chefornak","Chefornak ANVSA",09800,02419328,2300000US0209800,"Calista","Calista Alaska Native Regional Corporation"
6390,02418852,"Crooked Creek","Crooked Creek ANVSA",09800,02419328,2300000US0209800,"Calista","Calista Alaska Native Regional Corporation"
6440,02418566,"Eek","Eek ANVSA",09800,02419328,2300000US0209800,"Calista","Calista Alaska Native Regional Corporation"
6535,02418598,"Georgetown","Georgetown ANVSA",09800,02419328,2300000US0209800,"Calista","Calista Alaska Native Regional Corporation"
7315,02419202,"Russian Mission","Russian Mission ANVSA",09800,02419328,2300000US0209800,"Calista","Calista Alaska Native Regional Corporation"
7425,02419210,"Scammon Bay","Scammon Bay ANVSA",09800,02419328,2300000US0209800,"Calista","Calista Alaska Native Regional Corporation"
7010,02418728,"Napakiak","Napakiak ANVSA",09800,02419328,2300000US0209800,"Calista","Calista Alaska Native Regional Corporation"
7020,02418729,"Napaskiak","Napaskiak ANVSA",09800,02419328,2300000US0209800,"Calista","Calista Alaska Native Regional Corporation"
7150,02419156,"Old Harbor","Old Harbor ANVSA",41640,02418991,2300000US0241640,"Koniag","Koniag Alaska Native Regional Corporation"
7180,02419160,"Ouzinkie","Ouzinkie ANVSA",41640,02418991,2300000US0241640,"Koniag","Koniag Alaska Native Regional Corporation"
7275,02419187,"Port Lions","Port Lions ANVSA",41640,02418991,2300000US0241640,"Koniag","Koniag Alaska Native Regional Corporation"
6860,02575186,"Lesnoi","Lesnoi ANVSA",41640,02418991,2300000US0241640,"Koniag","Koniag Alaska Native Regional Corporation"
6015,02418754,"Akhiok","Akhiok ANVSA",41640,02418991,2300000US0241640,"Koniag","Koniag Alaska Native Regional Corporation"
6700,02418641,"Karluk","Karluk ANVSA",41640,02418991,2300000US0241640,"Koniag","Koniag Alaska Native Regional Corporation"
6855,02418682,"Larsen Bay","Larsen Bay ANVSA",41640,02418991,2300000US0241640,"Koniag","Koniag Alaska Native Regional Corporation"
6795,02575184,"Kodiak","Kodiak ANVSA",41640,02418991,2300000US0241640,"Koniag","Koniag Alaska Native Regional Corporation"
7705,02813268,"Uyak","Uyak ANVSA",41640,02418991,2300000US0241640,"Koniag","Koniag Alaska Native Regional Corporation"
7263,02575189,"Port Alsworth","Port Alsworth ANVSA",09040,02419321,2300000US0209040,"Bristol Bay","Bristol Bay Alaska Native Regional Corporation"
7100,02419145,"Nondalton","Nondalton ANVSA",09040,02419321,2300000US0209040,"Bristol Bay","Bristol Bay Alaska Native Regional Corporation"
7205,02419163,"Pedro Bay","Pedro Bay ANVSA",09040,02419321,2300000US0209040,"Bristol Bay","Bristol Bay Alaska Native Regional Corporation"
7215,02419166,"Perryville","Perryville ANVSA",09040,02419321,2300000US0209040,"Bristol Bay","Bristol Bay Alaska Native Regional Corporation"
7225,02419169,"Pilot Point","Pilot Point ANVSA",09040,02419321,2300000US0209040,"Bristol Bay","Bristol Bay Alaska Native Regional Corporation"
7270,02419186,"Port Heiden","Port Heiden ANVSA",09040,02419321,2300000US0209040,"Bristol Bay","Bristol Bay Alaska Native Regional Corporation"
7665,02419274,"Ugashik","Ugashik ANVSA",09040,02419321,2300000US0209040,"Bristol Bay","Bristol Bay Alaska Native Regional Corporation"
6990,02418721,"Naknek","Naknek ANVSA",09040,02419321,2300000US0209040,"Bristol Bay","Bristol Bay Alaska Native Regional Corporation"
7505,02419226,"South Naknek","South Naknek ANVSA",09040,02419321,2300000US0209040,"Bristol Bay","Bristol Bay Alaska Native Regional Corporation"
6445,02418567,"Egegik","Egegik ANVSA",09040,02419321,2300000US0209040,"Bristol Bay","Bristol Bay Alaska Native Regional Corporation"
6620,02418625,"Igiugig","Igiugig ANVSA",09040,02419321,2300000US0209040,"Bristol Bay","Bristol Bay Alaska Native Regional Corporation"
6625,02418627,"Iliamna","Iliamna ANVSA",09040,02419321,2300000US0209040,"Bristol Bay","Bristol Bay Alaska Native Regional Corporation"
6650,02418632,"Ivanof Bay","Ivanof Bay ANVSA",09040,02419321,2300000US0209040,"Bristol Bay","Bristol Bay Alaska Native Regional Corporation"
6800,02418666,"Kokhanok","Kokhanok ANVSA",09040,02419321,2300000US0209040,"Bristol Bay","Bristol Bay Alaska Native Regional Corporation"
6865,02418684,"Levelock","Levelock ANVSA",09040,02419321,2300000US0209040,"Bristol Bay","Bristol Bay Alaska Native Regional Corporation"
7035,02418738,"Newhalen","Newhalen ANVSA",09040,02419321,2300000US0209040,"Bristol Bay","Bristol Bay Alaska Native Regional Corporation"
6295,02418820,"Chignik","Chignik ANVSA",09040,02419321,2300000US0209040,"Bristol Bay","Bristol Bay Alaska Native Regional Corporation"
6300,02418821,"Chignik Lagoon","Chignik Lagoon ANVSA",09040,02419321,2300000US0209040,"Bristol Bay","Bristol Bay Alaska Native Regional Corporation"
6305,02418823,"Chignik Lake","Chignik Lake ANVSA",09040,02419321,2300000US0209040,"Bristol Bay","Bristol Bay Alaska Native Regional Corporation"
6740,02575183,"King Salmon","King Salmon ANVSA",09040,02419321,2300000US0209040,"Bristol Bay","Bristol Bay Alaska Native Regional Corporation"
6455,02418570,"Ekuk","Ekuk ANVSA",09040,02419321,2300000US0209040,"Bristol Bay","Bristol Bay Alaska Native Regional Corporation"
6045,02418763,"Aleknagik","Aleknagik ANVSA",09040,02419321,2300000US0209040,"Bristol Bay","Bristol Bay Alaska Native Regional Corporation"
6360,02418839,"Clarks Point","Clarks Point ANVSA",09040,02419321,2300000US0209040,"Bristol Bay","Bristol Bay Alaska Native Regional Corporation"
6405,02418554,"Dillingham","Dillingham ANVSA",09040,02419321,2300000US0209040,"Bristol Bay","Bristol Bay Alaska Native Regional Corporation"
6460,02418571,"Ekwok","Ekwok ANVSA",09040,02419321,2300000US0209040,"Bristol Bay","Bristol Bay Alaska Native Regional Corporation"
6905,02418696,"Manokotak","Manokotak ANVSA",09040,02419321,2300000US0209040,"Bristol Bay","Bristol Bay Alaska Native Regional Corporation"
7040,02418736,"New Koliganek","New Koliganek ANVSA",09040,02419321,2300000US0209040,"Bristol Bay","Bristol Bay Alaska Native Regional Corporation"
7050,02418737,"New Stuyahok","New Stuyahok ANVSA",09040,02419321,2300000US0209040,"Bristol Bay","Bristol Bay Alaska Native Regional Corporation"
7260,02419189,"Portage Creek","Portage Creek ANVSA",09040,02419321,2300000US0209040,"Bristol Bay","Bristol Bay Alaska Native Regional Corporation"
7605,02419257,"Togiak","Togiak ANVSA",09040,02419321,2300000US0209040,"Bristol Bay","Bristol Bay Alaska Native Regional Corporation"
7650,02419269,"Twin Hills","Twin Hills ANVSA",09040,02419321,2300000US0209040,"Bristol Bay","Bristol Bay Alaska Native Regional Corporation"
