"neid_prefix","neid_mid","match","AIANNH_geoname_full","STATES","AIANNHCE","AIANNHNS"
TRBF,ABSXFP,nd,"Fort Peck Indian Reservation",MT,1250,00805884
TRBF,ACLNTE,nd,"Agua Caliente Indian Reservation",CA,0020,01934324
TRBF,ACOMAP,nd,"Acoma Pueblo",NM,0010,01934337
TRBF,AGSTNE,nd,"Augustine Reservation",CA,0125,00238830
TRBF,AKCHIN,nd,"Maricopa (Ak Chin) Indian Reservation",AZ,2130,00023997
TRBF,ALCOUS,nd,"Alabama-Coushatta Reservation",TX,0050,01350923
TRBF,ALQSRT,d,"Creek OTSA",OK,5620,01925077
TRBF,ALTURS,nd,"Alturas Indian Rancheria",CA,0095,00218194
TRBF,APCHOK,nd,"Kiowa-Comanche-Apache-Ft Sill Apache/Caddo-Wichita-Delaware joint-use OTSA",OK,5955,02418655
TRBF,APCHOK,n,"Kiowa-Comanche-Apache-Fort Sill Apache",OK,5720,02418654
TRBF,AQNNAH,nd,"Wampanoag-Aquinnah Trust Land",MA,4530,02419514
TRBF,ASHAWN,nd,"Citizen Potawatomi Nation-Absentee Shawnee OTSA",OK,5600,01925074
TRBF,AUBURN,n,"Auburn Rancheria",CA,0120,00218454
TRBF,BADRVR,nd,"Bad River Reservation",WI,0140,01577209
TRBF,BEARRV,nd,"Rohnerville (Rancheria) Trust Land",CA,3220,00231831
TRBF,BELKNP,nd,"Fort Belknap Reservation",MT,1150,00767938
TRBF,BERRYC,nd,"Berry Creek Rancheria",CA,0200,00256849
TRBF,BGLAGN,nd,"Big Lagoon Rancheria",CA,0240,00219211
TRBF,BGPINE,nd,"Big Pine Reservation",CA,0250,00256983
TRBF,BGSNDY,n,"Big Sandy Rancheria",CA,0265,01667416
TRBF,BGVALY,nd,"Big Valley Rancheria",CA,0275,00219277
TRBF,BIDWLL,nd,"Fort Bidwell Reservation",CA,1170,00260275
TRBF,BISHOP,nd,"Bishop Reservation",CA,0290,00264455
TRBF,BLCKFT,nd,"Blackfeet Indian Reservation",MT,0305,00806895
TRBF,BLULKE,nd,"Blue Lake Rancheria",CA,0325,02419316
TRBF,BNVSTA,none,"",,NA,NA
TRBF,BRGPRT,nd,"Bridgeport Reservation",CA,0350,02419320
TRBF,BURNST,n,"Burns Paiute Indian Colony",OR,0400,01118340
TRBF,BYMLLS,nd,"Bay Mills Reservation",MI,0170,01622234
TRBF,CABAZN,n,"Cabazon Reservation",CA,0415,01985192
TRBF,CACHLD,nd,"Colusa Rancheria",CA,0750,02418877
TRBF,CADDON,nd,"Caddo-Wichita-Delaware OTSA",OK,5540,01925075
TRBF,CADDON,n,"Kiowa-Comanche-Apache-Ft Sill Apache/Caddo-Wichita-Delaware joint-use OTSA",OK,5955,02418655
TRBF,CAHTOT,nd,"Laytonville Rancheria",CA,1925,00226975
TRBF,CAMPOB,nd,"Campo Indian Reservation",CA,0450,00270242
TRBF,CATWBA,nd,"Catawba Reservation",SC,0525,01233634
TRBF,CAVLLY,none,"",,NA,NA
TRBF,CAYUGA,n,"Cayuga Nation TDSA",NY,8100,02418802
TRBF,CEDARV,n,"Cedarville Rancheria",CA,0555,00220808
TRBF,CFTGSH,n,"Goshute Reservation",NV~UT,1340,01455300
TRBF,CHCKHE,nd,"Eastern Chickahominy TDSA",VA,8160,02418562
TRBF,CHCKHT,nd,"Chickahominy TDSA",VA,8150,02418815
TRBF,CHCKNR,nd,"Chicken Ranch Rancheria",CA,0620,02419337
TRBF,CHEHLS,nd,"Chehalis Reservation",WA,0575,01503930
TRBF,CHKNAT,nd,"Cherokee OTSA",OK,5550,02418810
TRBF,CHKSWN,nd,"Chickasaw OTSA",OK,5580,02418818
TRBF,CHLLAB,nd,"Cahuilla Reservation",CA,0435,00270144
TRBF,CHMHVI,nd,"Chemehuevi Reservation",CA,0585,00255956
TRBF,CHRAEH,nd,"Trinidad Rancheria",CA,4275,00268407
TRBF,CHTMCH,nd,"Chitimacha Reservation",LA,0635,02419340
TRBF,CHYARP,nd,"Cheyenne and Arapaho OTSA",OK,5560,02418814
TRBF,CHYNRV,nd,"Cheyenne River Reservation",SD,0605,01267254
TRBF,CITIZN,nd,"Citizen Potawatomi Nation-Absentee Shawnee OTSA",OK,5600,01925074
TRBF,CLDSPR,nd,"Cold Springs Rancheria",CA,0720,00276284
TRBF,CLUSLW,nd,"Coos, Lower Umpqua, and Siuslaw Reservation",OR,0770,02418879
TRBF,CLVRDL,none,"",,NA,NA
TRBF,CMNCHE,nd,"Kiowa-Comanche-Apache-Fort Sill Apache OTSA",OK,5720,02418654
TRBF,CMNCHE,n,"Kiowa-Comanche-Apache-Ft Sill Apache/Caddo-Wichita-Delaware joint-use OTSA",OK,5955,02418655
TRBF,COCHTI,nd,"Pueblo de Cochiti",NM,0680,00937176
TRBF,COCOPH,nd,"Cocopah Reservation",AZ,0695,00003089
TRBF,COLVLL,nd,"Colville Reservation",WA,0760,01529464
TRBF,COQLLE,nd,"Coquille Reservation",OR,0775,02418881
TRBF,CORIVR,nd,"Colorado River Indian Reservation",AZ~CA,0735,00022753
TRBF,COUSLA,nd,"Coushatta Reservation",LA,0795,00545438
TRBF,COWCRU,nd,"Cow Creek Reservation",OR,0815,02418898
TRBF,COWLTZ,n,"Cowlitz Reservation",WA,0820,02772245
TRBF,CPTNGR,nd,"Barona Reservation",CA,0155,00255962
TRBF,CPTNGR,n,"Capitan Grande Reservation",CA,0495,00240225
TRBF,CPTNGR,nd,"Viejas Reservation",CA,4500,00251037
TRBF,CRDALN,nd,"Coeur d'Alene Reservation",ID,0705,00395231
TRBF,CROWCR,nd,"Crow Creek Reservation",SD,0855,01267067
TRBF,CROWMT,nd,"Crow Reservation",MT,0845,00806896
TRBF,CSKTFR,nd,"Flathead Reservation",MT,1110,00806894
TRBF,CTWNAT,nd,"Choctaw OTSA",OK,5590,02418833
TRBF,CVERDE,nd,"Yavapai-Apache Nation Reservation",AZ,4708,00027214
TRBF,CYOTEV,nd,"Coyote Valley Reservation",CA,0825,01985199
TRBF,DELAWN,nd,"Caddo-Wichita-Delaware OTSA",OK,5540,01925075
TRBF,DELAWN,n,"Kiowa-Comanche-Apache-Ft Sill Apache/Caddo-Wichita-Delaware joint-use OTSA",OK,5955,02418655
TRBF,DELAWT,d,"Cherokee OTSA",OK,5550,02418810
TRBF,DRYCRK,n,"Dry Creek Rancheria",CA,0955,00222639
TRBF,DUCKVY,nd,"Duck Valley Reservation",ID~NV,0965,00858264
TRBF,DUCKWT,nd,"Duckwater Reservation",NV,0975,00845441
TRBF,ELEMCL,n,"Sulphur Bank Rancheria",CA,4030,00267889
TRBF,ELKVLY,nd,"Elk Valley Rancheria",CA,1010,01657318
TRBF,ELYTNV,nd,"Ely Reservation",NV,1040,00859672
TRBF,ENTPRS,n,"Enterprise Rancheria",CA,1055,00259950
TRBF,ESHAWN,nd,"Eastern Shawnee OTSA",OK,5640,02418563
TRBF,ESTCHK,nd,"Eastern Cherokee Reservation",NC,0990,01018039
TRBF,ESWNDR,nd,"Wind River Reservation",WY,4610,01597068
TRBF,FALLON,nd,"Fallon Paiute-Shoshone Colony",NV,1070,00850495
TRBF,FALLON,n,"Fallon Paiute-Shoshone Reservation",NV,1075,00840414
TRBF,FLANDR,nd,"Flandreau Reservation",SD,1100,01934365
TRBF,FMCDWL,nd,"Fort McDowell Yavapai Nation Reservation",AZ,1220,00036978
TRBF,FSCWSA,n,"Fort Sill Apache Indian Reservation",NM,1270,02711352
TRBF,FSCWSA,nd,"Kiowa-Comanche-Apache-Fort Sill Apache OTSA",OK,5720,02418654
TRBF,FSCWSA,n,"Kiowa-Comanche-Apache-Ft Sill Apache/Caddo-Wichita-Delaware joint-use OTSA",OK,5955,02418655
TRBF,FSTCTY,nd,"Forest County Potawatomi Community",WI,1135,02418936
TRBF,FTHALL,nd,"Fort Hall Reservation",ID,1185,00399059
TRBF,FTINDP,nd,"Fort Independence Reservation",CA,1195,00260277
TRBF,FTMCDM,n,"Fort McDermitt Indian Reservation",NV~OR,1210,00859740
TRBF,GILARV,nd,"Gila River Indian Reservation",AZ,1310,00023998
TRBF,GRATON,none,"",,NA,NA
TRBF,GREENV,n,"Greenville Rancheria",CA,1380,01666180
TRBF,GRNDST,n,"Grindstone Indian Rancheria",CA,1395,00266781
TRBF,GRNRND,nd,"Grand Ronde Community",OR,1365,02418950
TRBF,GRTRVS,nd,"Grand Traverse Reservation",MI,1370,02418951
TRBF,GUIDIV,n,"Guidiville Rancheria",CA,1400,00224709
TRBF,HANNHV,nd,"Hannahville Indian Community",MI,1410,01616983
TRBF,HAVASP,nd,"Havasupai Reservation",AZ,1440,00045638
TRBF,HBMTLL,n,"Upper Lake Rancheria",CA,4430,01654496
TRBF,HLTNML,nd,"Houlton Maliseet Reservation",ME,1530,02418969
TRBF,HOCHNK,nd,"Ho-Chunk Nation Reservation",MN~WI,1450,02418963
TRBF,HOHTRB,nd,"Hoh Indian Reservation",WA,1460,01505548
TRBF,HOOPAV,nd,"Hoopa Valley Reservation",CA,1490,00251972
TRBF,HOPIAZ,nd,"Hopi Reservation",AZ,1505,00024001
TRBF,HPLAND,nd,"Hopland Rancheria",CA,1515,00225577
TRBF,HUALAP,nd,"Hualapai Indian Reservation",AZ,1545,00045633
TRBF,IIPAYN,nd,"Santa Ysabel Reservation",CA,3550,00255932
TRBF,INAJAB,n,"Inaja and Cosmit Reservation",CA,1560,00243797
TRBF,IONEBD,n,"Ione Band of Miwok TDSA",CA,8300,02418631
TRBF,IOWAKN,nd,"Iowa (KS-NE) Reservation",KS~NE,1590,00479831
TRBF,IOWAOK,nd,"Iowa OTSA",OK,5670,01925066
TRBF,ISLETA,nd,"Isleta Pueblo",NM,1625,01934338
TRBF,JAMULV,nd,"Jamul Indian Village",CA,1670,02418979
TRBF,JCKMWK,nd,"Jackson Rancheria",CA,1640,00226085
TRBF,JCRLLA,nd,"Jicarilla Apache Nation Reservation",NM,1700,01934339
TRBF,JEMEZP,nd,"Jemez Pueblo",NM,1685,00916031
TRBF,JMSTSK,nd,"Jamestown S'Klallam Reservation",WA,1655,02418978
TRBF,JNACTW,nd,"Jena Band of Choctaw Reservation",LA,1690,02453210
TRBF,KAIBAB,nd,"Kaibab Indian Reservation",AZ,1720,00023994
TRBF,KALSPL,nd,"Kalispel Reservation",WA,1735,01528426
TRBF,KARUKT,n,"Karuk Reservation",CA,1750,02418982
TRBF,KASHIA,n,"Stewarts Point Rancheria",CA,3985,00235473
TRBF,KAWNOK,nd,"Kaw OTSA",OK,5690,01925070
TRBF,KAWNOK,n,"Kaw/Ponca joint-use OTSA",OK,5950,02418647
TRBF,KCKPKS,nd,"Kickapoo (KS) Reservation",KS,1770,00479833
TRBF,KCKPKS,n,"Kickapoo (KS) Reservation/Sac and Fox Nation Trust Land joint-use area",KS,4910,02418987
TRBF,KCKPOK,nd,"Kickapoo OTSA",OK,5700,02418651
TRBF,KCKPTX,n,"Kickapoo (TX) Reservation",TX,1775,02418986
TRBF,KILGEE,d,"Creek OTSA",OK,5620,01925077
TRBF,KIOWAT,n,"Kiowa-Comanche-Apache-Fort Sill Apache OTSA",OK,5720,02418654
TRBF,KIOWAT,nd,"Kiowa-Comanche-Apache-Ft Sill Apache/Caddo-Wichita-Delaware joint-use OTSA",OK,5955,02418655
TRBF,KLAMTH,nd,"Klamath Reservation",OR,1785,02418990
TRBF,KLTSLD,n,"Cortina Indian Rancheria",CA,0780,00221603
TRBF,KOINCA,none,"",,NA,NA
TRBF,KTNIID,nd,"Kootenai Reservation",ID,1800,00394860
TRBF,KWNWBY,d,"L'Anse Reservation",MI,1880,01616978
TRBF,KWNWBY,r,"Ontonagon Reservation",MI,2580,01934329
TRBF,LAGUNA,nd,"Laguna Pueblo",NM,1840,01934340
TRBF,LBRULE,nd,"Lower Brule Reservation",SD,2030,01267015
TRBF,LCORLS,nd,"Lac Courte Oreilles Reservation",WI,1815,01577192
TRBF,LCYTES,nd,"Los Coyotes Reservation",CA,1995,00272219
TRBF,LELWHA,nd,"Lower Elwha Reservation",WA,2040,01528424
TRBF,LFLAMB,nd,"Lac du Flambeau Reservation",WI,1825,01580845
TRBF,LJOLLA,nd,"La Jolla Reservation",CA,1850,00271928
TRBF,LNPINE,nd,"Lone Pine Reservation",CA,1970,00275865
TRBF,LPOSTA,n,"La Posta Indian Reservation",CA,1895,00255947
TRBF,LPOSTA,d,"Campo Indian Reservation",CA,0450,00270242
TRBF,LRIVER,nd,"Little River Reservation",MI,1960,02418998
TRBF,LSHELL,none,"",,NA,NA
TRBF,LSVGAS,nd,"Las Vegas Indian Colony",NV,1915,00853945
TRBF,LTRVRS,nd,"Little Traverse Bay Reservation",MI,1963,02419000
TRBF,LUMBEE,n,"Lumbee SDTSA",NC,9815,02418691
TRBF,LUMMIT,nd,"Lummi Reservation",WA,2070,01511578
TRBF,LVDSRT,nd,"Lac Vieux Desert Reservation",MI,1830,02418993
TRBF,LVLOCK,nd,"Lovelock Indian Colony",NV,2015,00850417
TRBF,LWSXMN,nd,"Lower Sioux Indian Community",MN,2055,00647264
TRBF,LYTTON,n,"Lytton Rancheria",CA,2075,00227877
TRBF,MAKAHN,nd,"Makah Indian Reservation",WA,2085,01511577
TRBF,MCHPDA,n,"Mechoopda TDSA",CA,8450,02418703
TRBF,MCHSTR,n,"Manchester-Point Arena Rancheria",CA,2100,01985200
TRBF,MCKLSH,nd,"Muckleshoot Reservation",WA,2375,01533394
TRBF,MCSKEE,n,"Miccosukee Reservation",FL,2240,00307483
TRBF,MDDLTN,n,"Middletown Rancheria",CA,2255,00228627
TRBF,MEBNSW,nd,"Match-e-be-nash-she-wish Band of Pottawatomi Reservation",MI,2150,02547776
TRBF,MESAGR,n,"Mesa Grande Reservation",CA,2190,02419013
TRBF,MESAGR,d,"Santa Ysabel Reservation",CA,3550,00255932
TRBF,MHATAT,nd,"Fort Berthold Reservation",ND,1160,01934325
TRBF,MHEGAN,nd,"Mohegan Reservation",CT,2320,02419022
TRBF,MIAMIT,n,"Miami OTSA",OK,5730,02418711
TRBF,MIAMIT,nd,"Miami/Peoria joint-use OTSA",OK,5970,02418712
TRBF,MIKMAQ,nd,"Aroostook Band of Micmac Trust Land",ME,0115,02562463
TRBF,MINNCH,nd,"Bois Forte Reservation",MN,0335,02105053
TRBF,MINNCH,nd,"Fond du Lac Reservation",MN~WI,1125,00654521
TRBF,MINNCH,nd,"Grand Portage Reservation",MN,1355,00654523
TRBF,MINNCH,nd,"Leech Lake Reservation",MN,1940,00659096
TRBF,MINNCH,nd,"Mille Lacs Reservation",MN,2270,02419017
TRBF,MINNCH,nd,"White Earth Reservation",MN,4595,01934333
TRBF,MINNCH,nd,"Minnesota Chippewa Trust Land",MN,2285,02419018
TRBF,MNACAN,none,"",,NA,NA
TRBF,MNMNEE,nd,"Menominee Reservation",WI,2175,01831784
TRBF,MNZNTA,nd,"Manzanita Reservation",CA,2115,00245463
TRBF,MOAPAT,nd,"Moapa River Indian Reservation",NV,2315,00845336
TRBF,MODOCN,n,"Modoc OTSA",OK,5740,02418715
TRBF,MODOCN,d,"Ottawa OTSA",OK,5770,02419159
TRBF,MOJAVE,nd,"Fort Mojave Reservation",AZ~CA~NV,1235,00024003
TRBF,MOORTN,nd,"Mooretown Rancheria",CA,2340,02419023
TRBF,MORNGO,nd,"Morongo Reservation",CA,2360,00255940
TRBF,MSBCTW,nd,"Mississippi Choctaw Reservation",MS~TN,2300,00685014
TRBF,MSCLRO,nd,"Mescalero Reservation",NM,2205,00924240
TRBF,MSENAT,nd,"Creek OTSA",OK,5620,01925077
TRBF,MSENAT,n,"Creek/Seminole joint-use OTSA",OK,5915,01925072
TRBF,MSHNTK,nd,"Mashantucket Pequot Reservation",CT,2145,00212541
TRBF,MSHPEE,nd,"Mashpee Wampanoag Trust Land",MA,2147,02786720
TRBF,NAMBEP,nd,"Nambe Pueblo",NM,2400,00918263
TRBF,NAVAJO,nd,"Navajo Nation Reservation",AZ~NM~UT,2430,00041148
TRBF,NAWNDR,nd,"Wind River Reservation",WY,4610,01597068
TRBF,NEZPRC,nd,"Nez Perce Reservation",ID,2445,00399588
TRBF,NEZPRC,r,"Celilo Village",OR,0560,02419333
TRBF,NISQLL,nd,"Nisqually Reservation",WA,2460,01528422
TRBF,NNSMND,none,"",,NA,NA
TRBF,NOOKSK,n,"Nooksack Reservation",WA,2475,02419035
TRBF,NORCHY,nd,"Northern Cheyenne Indian Reservation",MT~SD,2490,01637567
TRBF,NORFRK,n,"North Fork Rancheria",CA,2495,02419036
TRBF,NRGNST,nd,"Narragansett Reservation",RI,2415,02030138
TRBF,NTWSPH,nd,"Huron Potawatomi Reservation",MI,1550,02109298
TRBF,NWSSHN,n,"Northwestern Shoshone Reservation",UT,2505,01455571
TRBF,OGLALA,d,"Pine Ridge Reservation",NE~SD,2810,01263144
TRBF,OKYOWG,nd,"Ohkay Owingeh",NM,2510,01934344
TRBF,OMAHAT,nd,"Omaha Reservation",IA~NE,2550,00834985
TRBF,ONDANY,nd,"Oneida Nation Reservation",NY,2555,02419043
TRBF,ONDAWI,nd,"Oneida (WI) Reservation",WI,2560,01577191
TRBF,ONNDGA,nd,"Onondaga Nation Reservation",NY,2570,00979312
TRBF,OSAGEN,nd,"Osage Reservation",OK,2595,01100113
TRBF,OTOMSA,nd,"Otoe-Missouria OTSA",OK,5760,01925068
TRBF,OWATOK,nd,"Ottawa OTSA",OK,5770,02419159
TRBF,PALABD,nd,"Pala Reservation",CA,2635,00272502
TRBF,PAMNKY,nd,"Pamunkey (State) Reservation",VA,9260,01472036
TRBF,PAUMAB,nd,"Pauma and Yuima Reservation",CA,2715,00272896
TRBF,PAWNEE,nd,"Pawnee OTSA",OK,5780,01925076
TRBF,PCHNGA,nd,"Pechanga Reservation",CA,2745,00272911
TRBF,PCURIS,nd,"Picuris Pueblo",NM,2785,01934341
TRBF,PEORIA,n,"Peoria OTSA",OK,5795,02419165
TRBF,PEORIA,d,"Ottawa OTSA",OK,5770,02419159
TRBF,PEORIA,n,"Miami/Peoria joint-use OTSA",OK,5970,02418712
TRBF,PGMBSK,nd,"Port Gamble Reservation",WA,2910,01507567
TRBF,PITRVR,n,"Big Bend Rancheria",CA,0215,00256889
TRBF,PITRVR,n,"Likely Rancheria",CA,1955,00276402
TRBF,PITRVR,n,"Lookout Rancheria",CA,1980,00227643
TRBF,PITRVR,n,"Montgomery Creek Rancheria",CA,2330,00263771
TRBF,PITRVR,n,"Roaring Creek Rancheria",CA,3185,00265444
TRBF,PITRVR,n,"Pit River Trust Land",CA,2835,02419056
TRBF,PITRVR,n,"XL Ranch Rancheria",CA,4680,00252581
TRBF,PLKLYK,nd,"Resighini Rancheria",CA,3145,01657342
TRBF,PNBSCT,nd,"Penobscot Reservation",ME,2760,00582669
TRBF,PNCANE,n,"Ponca (NE) Trust Land",IA~NE,2900,02419061
TRBF,PNCAOK,nd,"Ponca OTSA",OK,5800,02419180
TRBF,PNCAOK,n,"Kaw/Ponca joint-use OTSA",OK,5950,02418647
TRBF,PNOLVL,nd,"Pinoleville Rancheria",CA,2820,00230747
TRBF,POARCH,nd,"Poarch Creek Reservation",AL~FL,2865,02419057
TRBF,POJOAQ,nd,"Pueblo of Pojoaque",NM,2990,00937193
TRBF,POKAGN,nd,"Pokagon Reservation",IN~MI,2890,02419058
TRBF,PRAIRB,nd,"Prairie Band of Potawatomi Nation Reservation",KS,2980,01934332
TRBF,PRAIRI,nd,"Prairie Island Indian Community",MN,2985,00654519
TRBF,PRSCTT,nd,"Yavapai-Prescott Reservation",AZ,4710,00036443
TRBF,PSKNML,n,"Paskenta Rancheria",CA,2685,02419050
TRBF,PSMQDY,nd,"Indian Township Reservation",ME,1575,02418973
TRBF,PSMQDY,nd,"Passamaquoddy Trust Land",ME,2695,02419052
TRBF,PSMQDY,nd,"Pleasant Point Reservation",ME,2850,00573503
TRBF,PSQYQI,nd,"Pascua Pueblo Yaqui Reservation",AZ,2680,02419049
TRBF,PTTERV,none,"",,NA,NA
TRBF,PTTRUT,nd,"Paiute (UT) Reservation",UT,2625,01436088
TRBF,PUYLLP,nd,"Puyallup Reservation",WA,3000,01514929
TRBF,PYCKCH,n,"Picayune Rancheria",CA,2775,01670201
TRBF,PYRMDL,nd,"Pyramid Lake Paiute Reservation",NV,3010,00857503
TRBF,QUAPAW,nd,"Quapaw OTSA",OK,5810,02419193
TRBF,QUARTZ,nd,"Quartz Valley Reservation",CA,3020,00265103
TRBF,QUECHN,nd,"Fort Yuma Indian Reservation",AZ~CA,1280,00242378
TRBF,QUILTE,nd,"Quileute Reservation",WA,3030,01511646
TRBF,QUINLT,nd,"Quinault Reservation",WA,3040,01531838
TRBF,RAMONA,n,"Ramona Village",CA,3070,00273181
TRBF,RDDING,nd,"Redding Rancheria",CA,3095,01682404
TRBF,REDCLF,nd,"Red Cliff Reservation",WI,3085,01577204
TRBF,REDLKE,nd,"Red Lake Reservation",MN,3100,01934331
TRBF,REDWDV,nd,"Redwood Valley Rancheria",CA,3115,00231455
TRBF,RINCON,nd,"Rincon Reservation",CA,3165,00273286
TRBF,RNDVLY,nd,"Round Valley Reservation",CA,3250,00267196
TRBF,RNOSPK,nd,"Reno-Sparks Indian Colony",NV,3130,00853944
TRBF,ROBNSN,nd,"Robinson Rancheria",CA,3195,00234577
TRBF,ROCKYB,nd,"Rocky Boy's Reservation",MT,3205,00767936
TRBF,ROSEBD,nd,"Rosebud Indian Reservation",SD,3235,01266248
TRBF,RPHNCK,nd,"Rappahannock TDSA",VA,8700,02813263
TRBF,SAMISH,nd,"Samish TDSA",WA,8750,02419206
TRBF,SANDIA,nd,"Sandia Pueblo",NM,3370,01934343
TRBF,SANTSX,nd,"Santee Reservation",NE,3565,01884912
TRBF,SBRMNS,n,"Stockbridge Munsee Community",WI,4015,01577203
TRBF,SCFXMO,nd,"Sac and Fox Nation Reservation",KS~NE,3285,00479832
TRBF,SCFXMO,n,"Kickapoo (KS) Reservation/Sac and Fox Nation Trust Land joint-use area",KS,4910,02418987
TRBF,SCFXMS,nd,"Sac and Fox/Meskwaki Settlement",IA,3280,00463420
TRBF,SCFXOK,nd,"Sac and Fox OTSA",OK,5820,01925067
TRBF,SCLARA,nd,"Santa Clara Pueblo",NM,3495,00937196
TRBF,SCROIX,nd,"St. Croix Reservation",WI,3305,01843172
TRBF,SCTTSV,none,"",,NA,NA
TRBF,SDMNGO,nd,"Santo Domingo Pueblo",NM,3585,00937201
TRBF,SDMNGO,n,"San Felipe Pueblo/Santo Domingo Pueblo joint-use area",NM,4940,02419125
TRBF,SFLIPE,nd,"San Felipe Pueblo",NM,3400,00910614
TRBF,SFLIPE,n,"San Felipe Pueblo/Santa Ana Pueblo joint-use area",NM,4930,02419124
TRBF,SFLIPE,n,"San Felipe Pueblo/Santo Domingo Pueblo joint-use area",NM,4940,02419125
TRBF,SGINAW,d,"Isabella Reservation",MI,1610,01616981
TRBF,SHAWNT,d,"Ottawa OTSA",OK,5770,02419159
TRBF,SHLWBY,n,"Shoalwater Bay Indian Reservation",WA,3780,01508317
TRBF,SHNNCK,nd,"Shinnecock (State) Reservation",NY,9370,00979494
TRBF,SHRWDV,nd,"Sherwood Valley Rancheria",CA,3735,00232986
TRBF,SHSMWK,nd,"Shingle Springs Rancheria",CA,3750,00233021
TRBF,SILDFN,nd,"San Ildefonso Pueblo",NM,3415,00918342
TRBF,SILETZ,nd,"Siletz Reservation",OR,3795,01155124
TRBF,SKLLVY,n,"Skull Valley Reservation",UT,3840,01445643
TRBF,SKOKOM,nd,"Skokomish Reservation",WA,3825,01525866
TRBF,SKSTTL,nd,"Sauk-Suiattle Reservation",WA,3625,02419131
TRBF,SMARIE,n,"Sault Ste. Marie Reservation",MI,3635,02419132
TRBF,SMMTLK,n,"Summit Lake Reservation",NV,4045,00858261
TRBF,SMNLFL,r,"Big Cypress Reservation",FL,0225,01934321
TRBF,SMNLFL,r,"Brighton Reservation",FL,0360,00300151
TRBF,SMNLFL,r,"Fort Pierce Reservation",FL,1260,02418940
TRBF,SMNLFL,d,"Hollywood Reservation",FL,1475,00284183
TRBF,SMNLFL,r,"Immokalee Reservation",FL,1555,02418972
TRBF,SMNLFL,r,"Tampa Reservation",FL,4130,02419488
TRBF,SMNLFL,r,"Seminole (FL) Trust Land",FL,3665,02419138
TRBF,SMNLFL,r,"Coconut Creek Trust Land",FL,0690,02418876
TRBF,SMNLOK,n,"Seminole OTSA",OK,5830,01925073
TRBF,SMNLOK,nd,"Creek/Seminole joint-use OTSA",OK,5915,01925072
TRBF,SNCCYG,nd,"Seneca-Cayuga OTSA",OK,5835,02419214
TRBF,SNCNAT,d,"Allegany Reservation",NY,0080,00978667
TRBF,SNCNAT,r,"Cattaraugus Reservation",NY,0540,00978804
TRBF,SNCNAT,r,"Oil Springs Reservation",NY,2535,00959239
TRBF,SNCRLS,nd,"San Carlos Reservation",AZ,3355,00024000
TRBF,SNJUAN,d,"Navajo Nation Reservation",AZ~NM~UT,2430,00041148
TRBF,SNOQLM,n,"Snoqualmie Reservation",WA,3860,02419473
TRBF,SNPSQL,nd,"San Pasqual Reservation",CA,3460,00255933
TRBF,SOBOBA,nd,"Soboba Reservation",CA,3870,00249635
TRBF,SOKGON,nd,"Sokaogon Chippewa Community",WI,3885,01577206
TRBF,SPKANE,nd,"Spokane Reservation",WA,3940,01511576
TRBF,SPMWKN,nd,"Shakopee Mdewakanton Sioux Community",MN~SD,3680,00649741
TRBF,SPRTLK,nd,"Spirit Lake Reservation",ND,3935,01934326
TRBF,SQUXIN,nd,"Squaxin Island Reservation",WA,3955,01508671
TRBF,SRMHWK,nd,"St. Regis Mohawk Reservation",NY,3320,00979449
TRBF,SROSAB,nd,"Santa Rosa Reservation",CA,3525,01934330
TRBF,SROSAR,nd,"Santa Rosa Rancheria",CA,3520,00247949
TRBF,SRPMCP,nd,"Salt River Reservation",AZ,3340,00037072
TRBF,STAANA,nd,"Santa Ana Pueblo",NM,3480,01934345
TRBF,STAANA,n,"San Felipe Pueblo/Santa Ana Pueblo joint-use area",NM,4930,02419124
TRBF,STAYNZ,nd,"Santa Ynez Reservation",CA,3540,00249132
TRBF,STHUTE,nd,"Southern Ute Reservation",CO,3925,00169585
TRBF,STLMSH,nd,"Stillaguamish Reservation",WA,4000,02419481
TRBF,STNDRK,nd,"Standing Rock Reservation",ND~SD,3970,01934335
TRBF,SUQUAM,nd,"Port Madison Reservation",WA,2925,01507571
TRBF,SUSANV,nd,"Susanville Indian Rancheria",CA,4060,00235836
TRBF,SWINOM,nd,"Swinomish Reservation",WA,4075,01528418
TRBF,SWOYTE,nd,"Lake Traverse Reservation",ND~SD,1860,01934336
TRBF,SYCUAN,nd,"Sycuan Reservation",CA,4090,00273630
TRBF,TABLEM,n,"Table Mountain Rancheria",CA,4110,02419484
TRBF,TAOSPB,nd,"Taos Pueblo",NM,4140,01934342
TRBF,TEJONT,none,"",,NA,NA
TRBF,TEMOAK,n,"Battle Mountain Reservation",NV,0165,00838653
TRBF,TEMOAK,nd,"Elko Colony",NV,1005,00856239
TRBF,TEMOAK,n,"South Fork Reservation",NV,3930,00861680
TRBF,TEMOAK,n,"Wells Colony",NV,4580,00849846
TRBF,THNODM,nd,"Tohono O'odham Nation Reservation",AZ,4200,00023763
TRBF,TIMBSH,n,"Timbi-Sha Shoshone Reservation",CA~NV,4180,02419492
TRBF,TLPLCO,d,"Creek OTSA",OK,5620,01925077
TRBF,TLWDNI,d,"Smith River Rancheria",CA,3855,00274833
TRBF,TNKAWA,nd,"Tonkawa OTSA",OK,5860,01925069
TRBF,TNWNDA,nd,"Tonawanda Reservation",NY,4225,00979554
TRBF,TONTOA,nd,"Tonto Apache Reservation",AZ,4235,00032748
TRBF,TRSMTZ,nd,"Torres-Martinez Reservation",CA,4255,00255924
TRBF,TSCARA,nd,"Tuscarora Nation Reservation",NY,4360,00979564
TRBF,TSUQUE,nd,"Tesuque Pueblo",NM,4170,00937203
TRBF,TULALP,nd,"Tulalip Reservation",WA,4290,01511575
TRBF,TULERV,nd,"Tule River Reservation",CA,4300,00275158
TRBF,TUNBIL,nd,"Tunica-Biloxi Reservation",LA,4315,02419503
TRBF,TUOLMN,nd,"Tuolumne Rancheria",CA,4330,00236635
TRBF,TURTLM,nd,"Turtle Mountain Reservation",MT~ND~SD,4345,01934334
TRBF,TWNPLM,nd,"Twenty-Nine Palms Reservation",CA,4375,00250737
TRBF,UKEETW,nd,"Cherokee OTSA",OK,5550,02418810
TRBF,UMATLL,nd,"Umatilla Reservation",OR~WA,4405,01159100
TRBF,UMATLL,r,"Celilo Village",OR,0560,02419333
TRBF,UMTPNI,none,"",,NA,NA
TRBF,UNTHOR,nd,"Uintah and Ouray Reservation",UT,4390,01448012
TRBF,UPSXMN,nd,"Upper Sioux Community",MN,4445,00653567
TRBF,USKAGT,nd,"Upper Skagit Reservation",WA,4455,02419510
TRBF,UTEMTN,nd,"Ute Mountain Reservation",CO~NM~UT,4470,00169579
TRBF,UUGWTU,nd,"Benton Paiute Reservation",CA,0185,02419307
TRBF,WASHOE,n,"Carson Colony",NV,0510,00859157
TRBF,WASHOE,nd,"Dresslerville Colony",NV,0940,00862214
TRBF,WASHOE,n,"Woodfords Community",CA,4665,01985241
TRBF,WASHOE,n,"Stewart Community",NV,3980,02419480
TRBF,WASHOE,n,"Washoe Ranches Trust Land",CA~NV,4560,02419516
TRBF,WIAPYP,nd,"Ewiiaapaayp Reservation",CA,1065,00241187
TRBF,WILTON,none,"",,NA,NA
TRBF,WIYOTT,d,"Table Bluff Reservation",CA,4095,01665550
TRBF,WKWTOK,nd,"Caddo-Wichita-Delaware OTSA",OK,5540,01925075
TRBF,WKWTOK,n,"Kiowa-Comanche-Apache-Ft Sill Apache/Caddo-Wichita-Delaware joint-use OTSA",OK,5955,02418655
TRBF,WLKRRV,nd,"Walker River Reservation",NV,4515,00857504
TRBF,WMTNAZ,nd,"Fort Apache Reservation",AZ,1140,00004741
TRBF,WNNBGO,nd,"Winnebago Reservation",IA~NE,4625,00834982
TRBF,WNNMCA,n,"Winnemucca Indian Colony",NV,4635,00849652
TRBF,WRMSPR,nd,"Warm Springs Reservation",OR,4545,01133438
TRBF,WRMSPR,r,"Celilo Village",OR,0560,02419333
TRBF,WYNDTT,nd,"Wyandotte OTSA",OK,5890,02419290
TRBF,YAKAMA,nd,"Yakama Nation Reservation",WA,4690,01502906
TRBF,YAKAMA,r,"Celilo Village",OR,0560,02419333
TRBF,YANKTN,nd,"Yankton Reservation",SD,4700,01891160
TRBF,YHVTSM,nd,"San Manuel Reservation",CA,3445,00248904
TRBF,YLSTSR,nd,"Ysleta del Sur Pueblo",TX,4755,02419529
TRBF,YOCHAD,d,"Rumsey Indian Rancheria",CA,3265,00232012
TRBF,YOMBAT,nd,"Yomba Reservation",NV,4740,00862119
TRBF,YRNGTN,nd,"Campbell Ranch",NV,0440,00848690
TRBF,YRNGTN,nd,"Yerington Colony",NV,4725,00848133
TRBF,YUROKT,nd,"Yurok Reservation",CA,4760,02419530
TRBF,ZIAPBL,nd,"Zia Pueblo",NM,4770,01934347
TRBF,ZUNINM,nd,"Zuni Reservation",AZ~NM,4785,01934346
AKNF,ACSRMT,d,"Mountain Village ANVSA",AK,6975,02418719
AKNF,AFGNAK,none,"",,NA,NA
AKNF,AGDAGX,nd,"King Cove ANVSA",AK,6735,02418652
AKNF,AKACHK,nd,"Akiachak ANVSA",AK,6020,02418755
AKNF,AKHIOK,nd,"Akhiok ANVSA",AK,6015,02418754
AKNF,AKIAKC,nd,"Akiak ANVSA",AK,6025,02418757
AKNF,AKUTAN,nd,"Akutan ANVSA",AK,6030,02418758
AKNF,ALAKKT,nd,"Allakaket ANVSA",AK,6070,02418766
AKNF,ALAKNK,nd,"Alakanuk ANVSA",AK,6035,02418759
AKNF,ALATNA,nd,"Alatna ANVSA",AK,6040,02418760
AKNF,ALGACQ,nd,"Algaaciq ANVSA",AK,6065,02418765
AKNF,ALKNGK,nd,"Aleknagik ANVSA",AK,6045,02418763
AKNF,ALTIIQ,nd,"Old Harbor ANVSA",AK,7150,02419156
AKNF,AMBLER,nd,"Ambler ANVSA",AK,6075,02418768
AKNF,ANGOON,nd,"Angoon ANVSA",AK,6100,02418772
AKNF,ANKTVK,nd,"Anaktuvuk Pass ANVSA",AK,6080,02418769
AKNF,ANVIKV,nd,"Anvik ANVSA",AK,6125,02418774
AKNF,ARCTIC,nd,"Arctic Village ANVSA",AK,6140,02418776
AKNF,ATKANV,nd,"Atka ANVSA",AK,6150,02418779
AKNF,ATMTLK,nd,"Atmautluak ANVSA",AK,6160,02418780
AKNF,ATQSUK,nd,"Atqasuk ANVSA",AK,6165,02418782
AKNF,BCKLND,nd,"Buckland ANVSA",AK,6250,02418797
AKNF,BEAVRV,nd,"Beaver ANVSA",AK,6190,02418786
AKNF,BIRCHC,n,"Birch Creek ANVSA",AK,6235,02418794
AKNF,BLKFSK,n,"Belkofski ANVSA",AK,6195,02418788
AKNF,BLKFSK,d,"King Cove ANVSA",AK,6735,02418652
AKNF,BLLMSL,n,"Bill Moore's ANVSA",AK,6225,02418793
AKNF,BLLMSL,d,"Kotlik ANVSA",AK,6815,02418671
AKNF,BREVIG,nd,"Brevig Mission ANVSA",AK,6240,02418796
AKNF,CGNKBY,nd,"Chignik ANVSA",AK,6295,02418820
AKNF,CGNKLG,nd,"Chignik Lagoon ANVSA",AK,6300,02418821
AKNF,CGNKLK,nd,"Chignik Lake ANVSA",AK,6305,02418823
AKNF,CHCKLN,nd,"Chickaloon ANVSA",AK,6290,02418816
AKNF,CHEVAK,nd,"Chevak ANVSA",AK,6285,02418813
AKNF,CHFRNK,nd,"Chefornak ANVSA",AK,6275,02418807
AKNF,CHINIK,nd,"Golovin ANVSA",AK,6540,02418601
AKNF,CHLKAT,nd,"Chilkat ANVSA",AK,6310,02418825
AKNF,CHLKSK,nd,"Chalkyitsik ANVSA",AK,6265,02418804
AKNF,CHNEGA,n,"Chenega ANVSA",AK,6280,02418808
AKNF,CHSHNA,nd,"Gakona ANVSA",AK,6520,02418592
AKNF,CHSHNA,n,"Chistochina ANVSA",AK,6325,02418829
AKNF,CHTHBK,nod,"Chuathbaluk ANVSA",AK,6335,02418834
AKNF,CHTINA,nd,"Chitina ANVSA",AK,6330,02418831
AKNF,CIRCLE,nd,"Circle ANVSA",AK,6350,02418836
AKNF,CLKOOT,n,"Chilkoot ANVSA",AK,6315,02418826
AKNF,CLNWCK,d,"Emmonak ANVSA",AK,6480,02418573
AKNF,CLNWCK,n,"Chuloonawick ANVSA",AK,6340,02418835
AKNF,CLRKPT,nd,"Clarks Point ANVSA",AK,6360,02418839
AKNF,CNTWLL,nd,"Cantwell ANVSA",AK,6255,02418800
AKNF,COUNCL,n,"Council ANVSA",AK,6380,02418849
AKNF,COUNCL,d,"Nome ANVSA",AK,7095,02575187
AKNF,CRAIGT,nd,"Craig ANVSA",AK,6385,02418851
AKNF,CRKEDC,nd,"Crooked Creek ANVSA",AK,6390,02418852
AKNF,CRYUNG,d,"Dillingham ANVSA",AK,6405,02418554
AKNF,DEERNG,n,"Deering ANVSA",AK,6400,02418551
AKNF,DOTLAK,nd,"Dot Lake ANVSA",AK,6415,02418555
AKNF,DOUGLS,n,"Douglas ANVSA",AK,6420,02418558
AKNF,EGEGIK,nd,"Egegik ANVSA",AK,6445,02418567
AKNF,EKLTNA,nd,"Eklutna ANVSA",AK,6450,02418569
AKNF,EMMNAK,nd,"Emmonak ANVSA",AK,6480,02418573
AKNF,EVNSVL,nd,"Evansville ANVSA",AK,6490,02418575
AKNF,FSPASS,nd,"False Pass ANVSA",AK,6500,02418579
AKNF,GAKONA,nd,"Gakona ANVSA",AK,6520,02418592
AKNF,GAMBLL,nod,"Gambell ANVSA",AK,6530,02418595
AKNF,GEORGT,n,"Georgetown ANVSA",AK,6535,02418598
AKNF,GLKANA,nd,"Gulkana ANVSA",AK,6560,02418604
AKNF,GNWSBY,nd,"Goodnews Bay ANVSA",AK,6545,02418602
AKNF,GRYLNG,nd,"Grayling ANVSA",AK,6550,02418603
AKNF,GWCHZG,nd,"Fort Yukon ANVSA",AK,6515,02418585
AKNF,HAMLTN,n,"Hamilton ANVSA",AK,6570,02418609
AKNF,HAMLTN,d,"Kotlik ANVSA",AK,6815,02418671
AKNF,HCROSS,nd,"Holy Cross ANVSA",AK,6585,02418617
AKNF,HDABRG,nd,"Hydaburg ANVSA",AK,6615,02418623
AKNF,HEALYL,n,"Healy Lake ANVSA",AK,6575,02418613
AKNF,HOONAH,nd,"Hoonah ANVSA",AK,6590,02418618
AKNF,HOOPBY,nd,"Hooper Bay ANVSA",AK,6595,02418619
AKNF,HUGHES,nd,"Hughes ANVSA",AK,6605,02418621
AKNF,HUSLIA,n,"Huslia ANVSA",AK,6610,02418622
AKNF,IGIUGG,nd,"Igiugig ANVSA",AK,6620,02418625
AKNF,INALIK,nd,"Inalik ANVSA",AK,6630,02418629
AKNF,INPTAS,d,"Utqiagvik ANVSA",AK,6175,02418784
AKNF,INPTAS,r,"Anaktuvuk Pass ANVSA",AK,6080,02418769
AKNF,INPTAS,r,"Atqasuk ANVSA",AK,6165,02418782
AKNF,INPTAS,r,"Kaktovik ANVSA",AK,6680,02418636
AKNF,INPTAS,r,"Nuiqsut ANVSA",AK,7125,02419151
AKNF,INPTAS,r,"Point Hope ANVSA",AK,7250,02419176
AKNF,INPTAS,r,"Point Lay ANVSA",AK,7255,02419177
AKNF,INPTAS,r,"Wainwright ANVSA",AK,7735,02419281
AKNF,INPTBW,nd,"Utqiagvik ANVSA",AK,6175,02418784
AKNF,IQUGMT,d,"Russian Mission ANVSA",AK,7315,02419202
AKNF,IVNFBY,n,"Ivanof Bay ANVSA",AK,6650,02418632
AKNF,KAGUYK,d,"Akhiok ANVSA",AK,6015,02418754
AKNF,KALTAG,nd,"Kaltag ANVSA",AK,6690,02418639
AKNF,KANATK,none,"",,NA,NA
AKNF,KARLUK,n,"Karluk ANVSA",AK,6700,02418641
AKNF,KASAAN,nd,"Kasaan ANVSA",AK,6705,02418643
AKNF,KENTZE,nd,"Kenaitze ANVSA",AK,6720,02418648
AKNF,KIPNUK,nd,"Kipnuk ANVSA",AK,6750,02418656
AKNF,KKTOVK,nd,"Kaktovik ANVSA",AK,6680,02418636
AKNF,KLAWCK,nd,"Klawock ANVSA",AK,6765,02418659
AKNF,KLSKAG,nd,"Kalskag ANVSA",AK,6685,02418638
AKNF,KLTIKH,nd,"Copper Center ANVSA",AK,6365,02418846
AKNF,KNGGNK,nd,"Kongiganak ANVSA",AK,6810,02418669
AKNF,KNGISL,d,"Nome ANVSA",AK,7095,02575187
AKNF,KNGSAL,n,"King Salmon ANVSA",AK,6740,02575183
AKNF,KNIKTR,nod,"Knik ANVSA",AK,6785,02418661
AKNF,KOBUKV,nd,"Kobuk ANVSA",AK,6790,02418664
AKNF,KOKHNK,n,"Kokhanok ANVSA",AK,6800,02418666
AKNF,KOTLIK,nd,"Kotlik ANVSA",AK,6815,02418671
AKNF,KOYUKK,nd,"Koyukuk ANVSA",AK,6830,02418674
AKNF,KOYUKV,nd,"Koyuk ANVSA",AK,6825,02418673
AKNF,KSIGLK,nd,"Kasigluk ANVSA",AK,6710,02418644
AKNF,KTCHKN,nd,"Ketchikan ANVSA",AK,6725,02575182
AKNF,KTZBUE,nd,"Kotzebue ANVSA",AK,6820,02418672
AKNF,KVALNA,nd,"Kivalina ANVSA",AK,6755,02418658
AKNF,KWGLGK,nd,"Kwigillingok ANVSA",AK,6840,02418676
AKNF,KWTHLK,nd,"Kwethluk ANVSA",AK,6835,02418675
AKNF,LARSBY,nd,"Larsen Bay ANVSA",AK,6855,02418682
AKNF,LEVLCK,nd,"Levelock ANVSA",AK,6865,02418684
AKNF,LIMEVL,nod,"Lime Village ANVSA",AK,6875,02418686
AKNF,LKLSKG,nd,"Lower Kalskag ANVSA",AK,6890,02418690
AKNF,LOUDEN,nd,"Galena ANVSA",AK,6525,02418594
AKNF,MCGRTH,nd,"McGrath ANVSA",AK,6895,02418700
AKNF,MEKRYK,nd,"Mekoryuk ANVSA",AK,6935,02418705
AKNF,MIGLOO,n,"Mary's Igloo ANVSA",AK,6915,02418698
AKNF,MIGLOO,d,"Teller ANVSA",AK,7570,02419253
AKNF,MNLYHS,nd,"Manley Hot Springs ANVSA",AK,6900,02418694
AKNF,MNOKTK,nd,"Manokotak ANVSA",AK,6905,02418696
AKNF,MNTSTA,n,"Mentasta Lake ANVSA",AK,6945,02418707
AKNF,MRSHLL,nd,"Marshall ANVSA",AK,6910,02418697
AKNF,MTLKTL,nd,"Annette Island Reserve",AK,0110,01934114
AKNF,NAKNEK,nd,"Naknek ANVSA",AK,6990,02418721
AKNF,NANWLK,nd,"Nanwalek ANVSA",AK,6995,02418725
AKNF,NAPAKK,n,"Napakiak ANVSA",AK,7010,02418728
AKNF,NAPSKK,nd,"Napaskiak ANVSA",AK,7020,02418729
AKNF,NENANA,nd,"Nenana ANVSA",AK,7030,02418734
AKNF,NEWTOK,nd,"Newtok ANVSA",AK,7055,02418739
AKNF,NGHTMT,nd,"Nightmute ANVSA",AK,7065,02418741
AKNF,NHALEN,nd,"Newhalen ANVSA",AK,7035,02418738
AKNF,NKLGNK,nd,"New Koliganek ANVSA",AK,7040,02418736
AKNF,NKLSKI,nd,"Nikolski ANVSA",AK,7075,02418745
AKNF,NKOLAI,nd,"Nikolai ANVSA",AK,7070,02418744
AKNF,NKYRMT,d,"Toksook Bay ANVSA",AK,7625,02419259
AKNF,NLSONL,nd,"Nelson Lagoon ANVSA",AK,7025,02418732
AKNF,NNDLTN,nd,"Nondalton ANVSA",AK,7100,02419145
AKNF,NNLCHK,nd,"Ninilchik ANVSA",AK,7080,02418747
AKNF,NNMIQA,nd,"Nunam Iqua ANVSA",AK,7133,02419153
AKNF,NNPTCK,nd,"Nunapitchuk ANVSA",AK,7135,02419154
AKNF,NOATAK,nd,"Noatak ANVSA",AK,7085,02418749
AKNF,NOMECM,nd,"Nome ANVSA",AK,7095,02575187
AKNF,NOORVK,nd,"Noorvik ANVSA",AK,7110,02419146
AKNF,NPAIMT,n,"Napaimute ANVSA",AK,7005,02418727
AKNF,NPAIMT,d,"Bethel ANVSA",AK,6205,02418790
AKNF,NRTHWY,nd,"Northway ANVSA",AK,7115,02419147
AKNF,NSTYHK,nd,"New Stuyahok ANVSA",AK,7050,02418737
AKNF,NUIQST,nd,"Nuiqsut ANVSA",AK,7125,02419151
AKNF,NULATO,nd,"Nulato ANVSA",AK,7130,02419152
AKNF,NVEKUK,nd,"Ekuk ANVSA",AK,6455,02418570
AKNF,NVEKUK,nd,"Dillingham ANVSA",AK,6405,02418554
AKNF,NVELIM,nd,"Elim ANVSA",AK,6470,02575181
AKNF,NVEYAK,n,"Eyak ANVSA",AK,6495,02418578
AKNF,NVLEEK,nd,"Eek ANVSA",AK,6440,02418566
AKNF,NVRUBY,nd,"Ruby ANVSA",AK,7310,02419201
AKNF,NVTNNA,nd,"Tanana ANVSA",AK,7540,02419247
AKNF,NVUNGA,d,"Sand Point ANVSA",AK,7410,02419207
AKNF,NVWMTN,nd,"White Mountain ANVSA",AK,7745,02419284
AKNF,OGSNKL,n,"Portage Creek ANVSA",AK,7260,02419189
AKNF,OHOGMT,n,"Ohogamiut ANVSA",AK,7145,02419155
AKNF,OHOGMT,d,"Marshall ANVSA",AK,6910,02418697
AKNF,OSCARV,n,"Oscarville ANVSA",AK,7175,02419157
AKNF,OSCARV,d,"Napaskiak ANVSA",AK,7020,02418729
AKNF,OTSRMT,d,"Bethel ANVSA",AK,6205,02418790
AKNF,OZNKIE,nd,"Ouzinkie ANVSA",AK,7180,02419160
AKNF,PDROBY,nd,"Pedro Bay ANVSA",AK,7205,02419163
AKNF,PILOTP,nd,"Pilot Point ANVSA",AK,7225,02419169
AKNF,PILTST,nd,"Pilot Station ANVSA",AK,7230,02419170
AKNF,PLATNM,nd,"Platinum ANVSA",AK,7245,02419173
AKNF,PLFHBR,d,"Sand Point ANVSA",AK,7410,02419207
AKNF,PNTHPE,nd,"Point Hope ANVSA",AK,7250,02419176
AKNF,PNTLAY,nd,"Point Lay ANVSA",AK,7255,02419177
AKNF,PRBLFC,nd,"St. George ANVSA",AK,7340,02419228
AKNF,PRBLFC,nd,"St. Paul ANVSA",AK,7390,02419230
AKNF,PRRYVL,nd,"Perryville ANVSA",AK,7215,02419166
AKNF,PRTGRM,n,"Port Graham ANVSA",AK,7265,02419184
AKNF,PRTHDN,nd,"Port Heiden ANVSA",AK,7270,02419186
AKNF,PRTLNS,nd,"Port Lions ANVSA",AK,7275,02419187
AKNF,PTKAPT,nd,"Pitkas Point ANVSA",AK,7235,02419171
AKNF,PTRSBG,nd,"Petersburg ANVSA",AK,7220,02575188
AKNF,QGNTGN,nd,"Sand Point ANVSA",AK,7410,02419207
AKNF,QUNHGK,nd,"Kwinhagak ANVSA",AK,6845,02418678
AKNF,QWALGN,nd,"Unalaska ANVSA",AK,7695,02419277
AKNF,RAMPRT,nd,"Rampart ANVSA",AK,7300,02419195
AKNF,REDDVL,nd,"Red Devil ANVSA",AK,7305,02419197
AKNF,SAVNGA,nd,"Savoonga ANVSA",AK,7415,02419208
AKNF,SAXMAN,nd,"Saxman ANVSA",AK,7420,02419209
AKNF,SCMNBY,nd,"Scammon Bay ANVSA",AK,7425,02419210
AKNF,SELAWK,nd,"Selawik ANVSA",AK,7430,02419211
AKNF,SHGELK,nd,"Shageluk ANVSA",AK,7440,02419215
AKNF,SHKTLK,n,"Shaktoolik ANVSA",AK,7450,02419216
AKNF,SHNGNK,nd,"Shungnak ANVSA",AK,7470,02419218
AKNF,SITKAT,nd,"Sitka ANVSA",AK,7475,02575190
AKNF,SKAGWY,nd,"Skagway ANVSA",AK,7485,02575191
AKNF,SLDVIA,nd,"Seldovia ANVSA",AK,7435,02419212
AKNF,SLMATF,n,"Salamatof ANVSA",AK,7400,02419203
AKNF,SLMATF,d,"Kenaitze ANVSA",AK,6720,02418648
AKNF,SLTMUT,nd,"Sleetmute ANVSA",AK,7495,02419223
AKNF,SNKNEK,nd,"South Naknek ANVSA",AK,7505,02419226
AKNF,SOLOMN,n,"Solomon ANVSA",AK,7500,02419225
AKNF,SOLOMN,d,"Nome ANVSA",AK,7095,02575187
AKNF,SSHMRF,nd,"Shishmaref ANVSA",AK,7465,02419217
AKNF,STBBNS,nd,"Stebbins ANVSA",AK,7510,02419232
AKNF,STEVNS,nd,"Stevens Village ANVSA",AK,7520,02419234
AKNF,STGRGE,nd,"St. George ANVSA",AK,7340,02419228
AKNF,STMCHL,nd,"St. Michael ANVSA",AK,7375,02419229
AKNF,STNYRV,nd,"Stony River ANVSA",AK,7525,02419236
AKNF,STPAUL,nd,"St. Paul ANVSA",AK,7390,02419230
AKNF,SUNAQT,n,"Kodiak ANVSA",AK,6795,02575184
AKNF,TATTLK,nd,"Tatitlek ANVSA",AK,7555,02419248
AKNF,TAZLNA,nd,"Tazlina ANVSA",AK,7560,02419250
AKNF,TELIDA,n,"Telida ANVSA",AK,7565,02419252
AKNF,TELIDA,d,"Nikolai ANVSA",AK,7070,02418744
AKNF,TELLER,nd,"Teller ANVSA",AK,7570,02419253
AKNF,TETLIN,n,"Tetlin ANVSA",AK,7580,02419255
AKNF,TKOTNA,nd,"Takotna ANVSA",AK,7530,02419241
AKNF,TLNGHD,r,"Angoon ANVSA",AK,6100,02418772
AKNF,TLNGHD,r,"Chilkat ANVSA",AK,6310,02418825
AKNF,TLNGHD,r,"Chilkoot ANVSA",AK,6315,02418826
AKNF,TLNGHD,r,"Craig ANVSA",AK,6385,02418851
AKNF,TLNGHD,r,"Hydaburg ANVSA",AK,6615,02418623
AKNF,TLNGHD,r,"Hoonah ANVSA",AK,6590,02418618
AKNF,TLNGHD,r,"Kasaan ANVSA",AK,6705,02418643
AKNF,TLNGHD,r,"Klawock ANVSA",AK,6765,02418659
AKNF,TLNGHD,r,"Ketchikan ANVSA",AK,6725,02575182
AKNF,TLNGHD,r,"Annette Island Reserve",AK,0110,01934114
AKNF,TLNGHD,r,"Petersburg ANVSA",AK,7220,02575188
AKNF,TLNGHD,r,"Saxman ANVSA",AK,7420,02419209
AKNF,TLNGHD,r,"Sitka ANVSA",AK,7475,02575190
AKNF,TLNGHD,r,"Kake ANVSA",AK,6670,02418635
AKNF,TLNGHD,r,"Wrangell ANVSA",AK,7755,02575193
AKNF,TLNGHD,r,"Yakutat ANVSA",AK,7765,02419292
AKNF,TLUKSK,nd,"Tuluksak ANVSA",AK,7630,02419263
AKNF,TNCRSS,nd,"Tanacross ANVSA",AK,7535,02419244
AKNF,TNGRNQ,r,"Lesnoi ANVSA",AK,6860,02575186
AKNF,TNTTLK,nd,"Tuntutuliak ANVSA",AK,7640,02419265
AKNF,TOGIAK,nd,"Togiak ANVSA",AK,7605,02419257
AKNF,TUNNAK,nd,"Tununak ANVSA",AK,7645,02419267
AKNF,TWINHL,nd,"Twin Hills ANVSA",AK,7650,02419269
AKNF,TYONEK,nd,"Tyonek ANVSA",AK,7655,02419272
AKNF,UGASHK,n,"Ugashik ANVSA",AK,7665,02419274
AKNF,UMKUMT,d,"Nightmute ANVSA",AK,7065,02418741
AKNF,UNLKLT,nd,"Unalakleet ANVSA",AK,7690,02419276
AKNF,VANIAK,nd,"Aniak ANVSA",AK,6105,02418773
AKNF,VEAGLE,n,"Eagle ANVSA",AK,6430,02418560
AKNF,VEKWOK,nd,"Ekwok ANVSA",AK,6460,02418571
AKNF,VENTGV,nd,"Arctic Village ANVSA",AK,6140,02418776
AKNF,VENTGV,nd,"Venetie ANVSA",AK,7725,02575192
AKNF,VENTVL,nd,"Venetie ANVSA",AK,7725,02575192
AKNF,VILMNA,nd,"Iliamna ANVSA",AK,6625,02418627
AKNF,VKIANA,nd,"Kiana ANVSA",AK,6730,02418650
AKNF,VLKAKE,nd,"Kake ANVSA",AK,6670,02418635
AKNF,VMINTO,nd,"Minto ANVSA",AK,6965,02418713
AKNF,VPAIMT,n,"Paimiut ANVSA",AK,7185,02419161
AKNF,VPAIMT,d,"Hooper Bay ANVSA",AK,6595,02418619
AKNF,VWALES,n,"Wales ANVSA",AK,7740,02419282
AKNF,WAINWT,nd,"Wainwright ANVSA",AK,7735,02419281
AKNF,WRNGLL,nd,"Wrangell ANVSA",AK,7755,02575193
AKNF,YKTTLN,nd,"Yakutat ANVSA",AK,7765,02419292
AKNF,YUPIIT,nod,"Andreafsky ANVSA",AK,6095,02418771
