"Census_RaceEthCode","Census_Description"
5023,"ALATNA VILLAGE"
5023,"ALATNA"
5023,"ALATNA TRIBAL COUNCIL"
5025,"ALLAKAKET VILLAGE"
5025,"ALLAKAKET"
5026,"ANVIK VILLAGE"
5026,"ANVIK"
5026,"DELOY GES CORP."
5028,"BEAVER VILLAGE"
5028,"BEAVER KWIT'CHIN  CORP."
5028,"BEAVER VILLAGE COUNCIL"
5029,"BIRCH CREEK TRIBE"
5029,"BIRCH CREEK"
5029,"BIRCH CREEK TRIBAL COUNCIL"
5029,"DENDU GWICHIN"
5029,"TIHTEET'AII, INC."
5030,"CHALKYITSIK VILLAGE"
5030,"CHALKYITSIK"
5030,"CHALKYITSIK NATIVE CORP."
5031,"CHEESH-NA TRIBE"
5031,"CHEESH-NA"
5031,"CHEESH-NA TRIBE (CHISTOCHINA)"
5031,"CHISTOCHINA"
5031,"NATIVE VILLAGE OF CHISTOCHINA"
5032,"CHICKALOON NATIVE VILLAGE"
5032,"CHICKALOON"
5032,"CHICKALOON-MOOSE CREEK NATIVE ASSN., INC. "
5033,"CIRCLE NATIVE COMMUNITY"
5033,"CIRCLE"
5033,"DANZHIT HANLAII CORP."
5037,"EKLUTNA NATIVE VILLAGE"
5037,"EKLUTNA"
5037,"EKLUTNA, INC."
5038,"BETTLES FIELD"
5038,"EVANSVILLE"
5038,"EVANSVILLE VILLAGE"
5038,"EVANSVILLE VILLAGE (BETTLES FIELD)"
5038,"EVANSVILLE, INC."
5039,"LOUDEN TRIBE"
5039,"GALENA VILLAGE"
5039,"GALENA VILLAGE (LOUDEN VILLAGE)"
5039,"LOUDEN VILLAGE"
5040,"GULKANA VILLAGE COUNCIL"
5040,"GULKANA"
5041,"HEALY LAKE VILLAGE"
5041,"HEALY LAKE"
5041,"MENDAS CHA-AG"
5041,"MENDAS CHA-AG NATIVE CORP."
5042,"HOLY CROSS TRIBE"
5042,"DELOYCHEET, INC."
5042,"HOLY CROSS"
5042,"HOLY CROSS VILLAGE"
5043,"HUGHES VILLAGE"
5043,"HUTODLEEKKAAKKET"
5044,"HUSLIA VILLAGE"
5044,"HUSLIA"
5045,"KNIK TRIBE"
5045,"KNIK"
5046,"KOYUKUK NATIVE VILLAGE"
5046,"KOYUKUK"
5048,"LIME VILLAGE"
5048,"LIME"
5048,"LIME VILLAGE COMPANY"
5049,"MANLEY HOT SPRINGS VILLAGE"
5049,"BEAN RIDGE CORP."
5049,"MANLEY HOT SPRINGS"
5049,"MANLEY VILLAGE COUNCIL"
5050,"MCGRATH NATIVE VILLAGE"
5051,"MENTASTA TRADITIONAL COUNCIL"
5051,"MENTASTA"
5051,"MENTASTA LAKE"
5052,"NATIVE VILLAGE OF CANTWELL"
5053,"NATIVE VILLAGE OF CHITINA"
5053,"CHITINA"
5053,"CHITINA NATIVE CORP."
5054,"NATIVE VILLAGE OF EAGLE"
5054,"HUNGWITCHIN CORP."
5055,"NATIVE VILLAGE OF FORT YUKON"
5055,"FORT YUKON"
5055,"GWITCHYAA ZHEE CORP."
5055,"GZ CORP"
5056,"NATIVE VILLAGE OF GAKONA"
5056,"GAKONA"
5057,"NATIVE VILLAGE OF KLUTI KAAH (COPPER CENTER)"
5057,"COPPER CENTER"
5057,"KLUTI KAAH"
5057,"NATIVE VILLAGE OF KLUTI KAAH"
5058,"NATIVE VILLAGE OF MINTO"
5058,"MINTO"
5058,"SETH-DE-YA-HA CORP."
5059,"NATIVE VILLAGE OF RUBY"
5059,"DINEEGA CORP."
5060,"NATIVE VILLAGE OF STEVENS"
5060,"DINYEA CORP."
5060,"STEVENS VILLAGE"
5061,"NATIVE VILLAGE OF TANACROSS"
5061,"TANACROSS"
5061,"TANACROSS, INC."
5062,"NATIVE VILLAGE OF TANANA"
5062,"TANANA"
5062,"TOZITNA, LTD. "
5063,"NATIVE VILLAGE OF TAZLINA"
5063,"TAZLINA"
5063,"TAZLINA VILLAGE COUNCIL"
5064,"NATIVE VILLAGE OF TETLIN"
5064,"TETLIN"
5064,"TETLIN NATIVE CORP."
5065,"NATIVE VILLAGE OF TYONEK"
5065,"TYONEK"
5065,"TYONEK NATIVE CORP."
5066,"NENANA NATIVE ASSOCIATION"
5066,"NENANA"
5066,"TOGHOTTHELE CORP."
5067,"NIKOLAI VILLAGE"
5067,"EDZENO NIKOLAI"
5068,"NINILCHIK VILLAGE"
5068,"NINILCHIK"
5068,"NINILCHIK NATIVE ASSN., INC."
5068,"NINILCHIK VILLAGE TRADITIONAL COUNCIL"
5069,"NONDALTON VILLAGE"
5069,"KIJIK CORP."
5069,"NONDALTON"
5069,"NONDALTON TRIBAL COUNCIL"
5070,"NORTHWAY VILLAGE"
5070,"NORTHWAY"
5070,"NORTHWAY NATIVES, INC."
5070,"NORTHWAY VILLAGE COUNCIL"
5071,"NULATO VILLAGE"
5071,"NULATO"
5071,"NULATO TRIBAL COUNCIL"
5072,"ORGANIZED VILLAGE OF GRAYLING (HOLIKACHUK)"
5072,"GRAYLING"
5072,"HEE-YEA-LINDGE CORP."
5072,"HOLIKACHUK"
5072,"ORGANIZED VILLAGE OF GRAYLING"
5073,"PEDRO BAY VILLAGE"
5073,"PEDRO BAY"
5073,"PEDRO BAY CORP."
5074,"RAMPART VILLAGE"
5074,"BAAN O YEEL KON CORP."
5074,"RAMPART"
5075,"SELDOVIA VILLAGE TRIBE"
5075,"SELDOVIA"
5075,"SELDOVIA NATIVE ASSN., INC."
5076,"SHAGELUK NATIVE VILLAGE"
5076,"SHAGELUK"
5076,"ZHO-TSE, INC."
5078,"TAKOTNA VILLAGE"
5078,"TAKOTNA"
5080,"TELIDA VILLAGE"
5080,"TELIDA"
5082,"VILLAGE OF DOT LAKE"
5082,"DOT LAKE"
5082,"DOT LAKE NATIVE CORP."
5083,"VILLAGE OF ILIAMNA"
5083,"ILIAMNA"
5083,"ILIAMNA NATIVES, LTD."
5084,"VILLAGE OF KALTAG"
5084,"KALTAG"
5085,"SALAMATOF TRIBE"
5085,"SALAMATOF"
5085,"SALAMATOF NATIVE ASSN., INC."
5085,"VILLAGE OF SALAMATOF"
5086,"VILLAGE OF STONY RIVER"
5086,"STONY RIVER"
5089,"KENAITZE INDIAN TRIBE"
5089,"KENAI NATIVE ASSN., INC"
5089,"KENAITZE"
5090,"NATIVE VILLAGE OF VENETIE TRIBAL GOVERNMENT"
5090,"VENETIE IRA"
5090,"VENETIE TRIBAL GOVERNMENT"
5091,"ARCTIC VILLAGE"
5091,"NEETS'AI CORP."
5092,"VILLAGE OF VENETIE"
5092,"VENETIE"
5121,"AGDAAGUX TRIBE OF KING COVE"
5121,"AGDAAGUX"
5121,"KING COVE CORP."
5121,"KING COVE TRIBE"
5125,"CHIGNIK BAY TRIBAL COUNCIL"
5125,"CHIGNIK"
5125,"CHIGNIK BAY"
5125,"CHIGNIK BAY TRIBAL COUNCIL (NATIVE VILLAGE OF CHIGNIK)"
5125,"FAR WEST, INC."
5125,"NATIVE VILLAGE OF CHIGNIK"
5126,"CHIGNIK LAKE VILLAGE"
5126,"CHIGNIK LAKE"
5126,"CHIGNIK RIVER LTD."
5129,"EGEGIK VILLAGE"
5129,"BECHAROF CORP."
5129,"EGEGIK"
5130,"IGIUGIG VILLAGE"
5130,"IGIUGIG"
5130,"IGIUGIG NATIVE CORP."
5131,"IVANOF BAY TRIBE"
5131,"BAY VIEW INC."
5131,"IVANOF BAY"
5131,"IVANOF BAY VILLAGE"
5132,"KAGUYAK VILLAGE"
5132,"KAGUYUK"
5135,"KING SALMON TRIBE"
5135,"KING SALMON"
5137,"KOKHANOK VILLAGE"
5137,"KOKHANOK"
5139,"TANGIRNAQ NATIVE VILLAGE"
5139,"LEISNOI, INC."
5139,"LESNOI"
5139,"LESNOI VILLAGE"
5139,"LESNOI VILLAGE (WOODY ISLAND)"
5139,"TANGIRNAQ"
5139,"WOODY ISLAND"
5140,"NATIVE VILLAGE OF AFOGNAK"
5140,"AFOGNAK"
5140,"ALUTIIQ LLC"
5141,"NATIVE VILLAGE OF AKHIOK"
5141,"AKHIOK"
5142,"NATIVE VILLAGE OF AKUTAN"
5142,"AKUTAN"
5142,"AKUTAN CORP."
5143,"NATIVE VILLAGE OF ATKA"
5143,"ATKA"
5143,"ATXAM CORP."
5144,"NATIVE VILLAGE OF BELKOFSKI"
5144,"BELKOFSKI"
5144,"BELKOFSKI CORP."
5145,"NATIVE VILLAGE OF CHENEGA (CHANEGA)"
5145,"CHANEGA"
5145,"CHENEGA"
5145,"CHENEGA BAY"
5145,"CHENEGA CORP."
5145,"NATIVE VILLAGE OF CHANEGA"
5145,"NATIVE VILLAGE OF CHANEGA (CHENEGA)"
5146,"NATIVE VILLAGE OF CHIGNIK LAGOON"
5146,"CHIGNIK LAGOON"
5146,"CHIGNIK LAGOON NATIVE CORP."
5147,"NATIVE VILLAGE OF EYAK (CORDOVA)"
5147,"CORDOVA"
5147,"EYAK"
5147,"NATIVE VILLAGE OF EYAK"
5147,"THE EYAK CORP."
5148,"NATIVE VILLAGE OF FALSE PASS"
5148,"FALSE PASS"
5148,"ISANOTSKI CORP."
5149,"NATIVE VILLAGE OF KANATAK"
5149,"KANATAK"
5150,"NATIVE VILLAGE OF KARLUK"
5150,"KARLUK"
5151,"NATIVE VILLAGE OF LARSEN BAY"
5151,"LARSEN BAY"
5152,"NATIVE VILLAGE OF NANWALEK (ENGLISH BAY)"
5152,"ENGLISH BAY"
5152,"NANWALEK"
5152,"NATIVE VILLAGE OF NANWALEK"
5152,"THE ENGLISH BAY CORP."
5153,"NATIVE VILLAGE OF NELSON LAGOON"
5153,"NELSON LAGOON"
5153,"NELSON LAGOON CORP."
5154,"NATIVE VILLAGE OF NIKOLSKI"
5154,"CHALUKA CORP."
5154,"NIKOLSKI"
5155,"NATIVE VILLAGE OF OUZINKIE"
5155,"OUZINKIE"
5155,"OUZINKIE NATIVE CORP."
5156,"NATIVE VILLAGE OF PERRYVILLE"
5156,"OCEANSIDE CORP."
5156,"PERRYVILLE"
5157,"NATIVE VILLAGE OF PILOT POINT"
5157,"PILOT POINT"
5157,"PILOT POINT NATIVE CORP."
5158,"NATIVE VILLAGE OF PORT GRAHAM"
5158,"PORT GRAHAM"
5158,"PORT GRAHAM CORP."
5159,"NATIVE VILLAGE OF PORT HEIDEN"
5159,"PORT HEIDEN"
5160,"NATIVE VILLAGE OF PORT LIONS"
5160,"PORT LIONS"
5161,"NATIVE VILLAGE OF TATITLEK"
5161,"TATITLEK"
5161,"THE TATITLEK CORP."
5162,"NATIVE VILLAGE OF UNGA"
5162,"UNGA"
5162,"UNGA CORP."
5163,"PAULOFF HARBOR VILLAGE"
5163,"PAULOFF"
5163,"SANAK CORP."
5164,"QAGAN TAYAGUNGIN TRIBE OF SAND POINT"
5164,"QAGAN TAYAGUNGIN"
5164,"QAGAN TAYAGUNGIN TRIBE"
5164,"QAGAN TAYAGUNGIN TRIBE OF SAND POINT VILLAGE"
5164,"QTT"
5164,"SHUMAGIN CORP."
5165,"QAWALANGIN TRIBE OF UNALASKA"
5165,"OUNALASHKA CORP."
5165,"QAWALANGIN"
5168,"SOUTH NAKNEK VILLAGE"
5168,"QINUYANG"
5168,"SOUTH NAKNEK"
5170,"SUN’AQ TRIBE OF KODIAK"
5170,"NATIVES OF KODIAK INC."
5170,"SHOONAQ"
5170,"SHOONAQ TRIBE OF KODIAK"
5170,"SUN’AQ"
5171,"UGASHIK VILLAGE"
5171,"UGASHIK"
5171,"UGASHIK TRADITIONAL VILLAGE"
5173,"ALUTIIQ TRIBE OF OLD HARBOR"
5173,"NATIVE VILLAGE OF OLD HARBOR"
5173,"OLD HARBOR NATIVE CORP."
5173,"OLD HARBOR TRIBAL COUNCIL"
5173,"VILLAGE OF OLD HARBOR"
5174,"PRIBILOF ISLANDS ALEUT COMMUNITIES"
5174,"PRIBILOF ISLANDS"
5175,"SAINT GEORGE ISLAND"
5175,"ALEUT COMMUNITY OF ST GEORGE ISLAND"
5175,"ST GEORGE"
5175,"ST GEORGE TANAQ CORP."
5175,"ST GEORGE TC"
5176,"SAINT PAUL ISLAND"
5176,"ALEUT COMMUNITY OF ST PAUL ISLAND"
5176,"SAINT PAUL"
5176,"TANADGUSIX CORP."
5224,"NATIVE VILLAGE OF ATQASUK"
5224,"ATKASOOK"
5224,"ATQASUK"
5224,"ATQASUK CORP."
5224,"ATQASUK VILLAGE"
5224,"ATQASUK VILLAGE (ATKASOOK)"
5226,"CHEVAK NATIVE VILLAGE"
5226,"CHEVAK"
5226,"CHEVAK COMPANY"
5227,"CHINIK ESKIMO COMMUNITY (GOLOVIN)"
5227,"CHINIK"
5227,"CHINIK ESKIMO COMMUNITY"
5227,"GOLOVIN"
5227,"GOLOVIN NATIVE CORP."
5230,"INUPIAT COMMUNITY OF THE ARCTIC SLOPE"
5230,"ICAS"
5231,"KAKTOVIK VILLAGE (BARTER ISLAND)"
5231,"BARTER ISLAND"
5231,"KAKTOVIK"
5231,"KAKTOVIK INUPIAT CORP."
5231,"KAKTOVIK VILLAGE"
5233,"KING ISLAND NATIVE COMMUNITY"
5233,"KING ISLAND"
5233,"KING ISLAND NATIVE CORP."
5235,"NATIVE VILLAGE OF AMBLER"
5236,"NATIVE VILLAGE OF BARROW INUPIAT TRADITIONAL GOVERNMENT"
5236,"BARROW"
5236,"NATIVE VILLAGE OF BARROW"
5236,"UIC"
5236,"UKPEAGVIK INUPIAT CORP."
5237,"NATIVE VILLAGE OF BREVIG MISSION"
5237,"BREVIG MISSION"
5237,"BREVIG MISSION NATIVE CORP."
5238,"NATIVE VILLAGE OF BUCKLAND"
5238,"BUCKLAND"
5239,"NATIVE VILLAGE OF COUNCIL"
5239,"COUNCIL NATIVE CORP."
5240,"NATIVE VILLAGE OF DEERING"
5240,"DEERING"
5241,"NATIVE VILLAGE OF DIOMEDE (INALIK)"
5241,"DIOMEDE"
5241,"INALIK"
5241,"INALIK NATIVE CORP."
5241,"NATIVE VILLAGE OF DIOMEDE"
5242,"NATIVE VILLAGE OF ELIM"
5242,"ELIM IRA"
5242,"ELIM NATIVE CORP."
5243,"NATIVE VILLAGE OF KIANA"
5244,"NATIVE VILLAGE OF KIVALINA"
5244,"KIVALINA"
5245,"NATIVE VILLAGE OF KOBUK"
5245,"KOBUK"
5246,"NATIVE VILLAGE OF KOTZEBUE"
5246,"KIKIKTAGRUK INUPIAT CORP."
5246,"KOTZEBUE"
5246,"NANA KIC"
5246,"NANA KIK"
5247,"NATIVE VILLAGE OF KOYUK"
5247,"KOYUK"
5247,"KOYUK NATIVE CORP."
5248,"NATIVE VILLAGE OF MARY’S IGLOO"
5248,"MARY'S IGLOO"
5248,"MARY'S IGLOO NATIVE CORP."
5249,"NATIVE VILLAGE OF MEKORYUK"
5249,"MEKORYUK"
5249,"MIKURYARMIUT"
5249,"NIMA CORP."
5249,"NUNIWARMIUT"
5250,"NATIVE VILLAGE OF NOATAK"
5250,"NOATAK"
5251,"NATIVE VILLAGE OF NUIQSUT (NOOIKSUT)"
5251,"KUUKPIK CORP."
5251,"NATIVE VILLAGE OF NUIQSUT"
5251,"NOOIKSUT"
5251,"NUIQSUT"
5252,"NATIVE VILLAGE OF POINT HOPE"
5252,"POINT HOPE IRA"
5252,"TIGARA CORP."
5252,"TIKIGAQ CORP."
5253,"NATIVE VILLAGE OF POINT LAY"
5253,"CULLY CORPORATION INC."
5253,"POINT LAY IRA"
5254,"NATIVE VILLAGE OF SELAWIK"
5254,"SELAWIK"
5255,"NATIVE VILLAGE OF SHAKTOOLIK"
5255,"SHAKTOOLIK"
5255,"SHAKTOOLIK NATIVE CORP."
5256,"NATIVE VILLAGE OF SHISHMAREF"
5256,"SHISHMAREF IRA"
5256,"SHISHMAREF NATIVE CORP."
5257,"NATIVE VILLAGE OF SHUNGNAK"
5257,"SHUNGNAK"
5258,"NATIVE VILLAGE OF TELLER"
5258,"TELLER"
5258,"TELLER NATIVE CORP."
5259,"NATIVE VILLAGE OF UNALAKLEET"
5259,"UNALAKLEET"
5259,"UNALAKLEET NATIVE CORP."
5260,"NATIVE VILLAGE OF WALES"
5260,"WALES NATIVE CORP."
5261,"NATIVE VILLAGE OF WHITE MOUNTAIN"
5261,"WHITE MOUNTAIN AK"
5261,"WHITE MOUNTAIN NATIVE CORP."
5262,"NOME ESKIMO COMMUNITY"
5262,"NOME"
5262,"SITNASAUK NATIVE CORP."
5263,"NOORVIK NATIVE COMMUNITY"
5263,"NOORVIK"
5264,"VILLAGE OF ANAKTUVUK PASS"
5264,"ANAKTUVUK PASS"
5264,"NAQSRAGMIUT TRIBE"
5264,"NUNAMIUT CORP., INC."
5265,"VILLAGE OF SOLOMON"
5265,"SOLOMON NATIVE CORP."
5266,"VILLAGE OF WAINWRIGHT"
5266,"OLGOONIK CORP."
5266,"WAINWRIGHT"
5321,"CENTRAL COUNCIL OF THE TLINGIT AND HAIDA INDIAN TRIBES"
5321,"CCTH"
5321,"CCTHIT"
5321,"CCTHITA"
5321,"CENTRAL COUNCIL"
5321,"THCC"
5321,"TLINGIT & HAIDA"
5321,"TLINGIT HAIDA COUNCIL"
5321,"TLINGIT HAIDA INDIAN TRIBE"
5322,"CHILKAT INDIAN VILLAGE (KLUKWAN)"
5322,"CHILKAT"
5322,"CHILKAT INDIAN VILLAGE"
5322,"KLUKWAN"
5322,"KLUKWAN INC."
5323,"CHILKOOT INDIAN ASSOCIATION (HAINES)"
5323,"CHILKOOT"
5323,"CHILKOOT INDIAN ASSOCIATION"
5323,"HAINES"
5324,"CRAIG TRIBAL ASSOCIATION"
5324,"CRAIG COMMUNITY ASSOCIATION"
5324,"SHAAN-SEET INC."
5325,"DOUGLAS INDIAN ASSOCIATION"
5327,"HOONAH INDIAN ASSOCIATION"
5327,"HOONAH"
5327,"HUNA TOTEM CORP."
5328,"HYDABURG COOPERATIVE ASSOCIATION"
5328,"HAIDA CORP."
5328,"HYDABURG"
5329,"KETCHIKAN INDIAN COMMUNITY"
5329,"KETCHIKAN"
5329,"KETCHIKAN INDIAN CORPORATION"
5330,"KLAWOCK COOPERATIVE ASSOCIATION"
5330,"KLAWOCK"
5330,"KLAWOCK HEENYA CORP"
5331,"ORGANIZED VILLAGE OF KAKE"
5331,"KAKE"
5331,"KAKE TRIBAL CORP."
5332,"ORGANIZED VILLAGE OF KASAAN"
5332,"KASAAN"
5332,"KAVILCO, INC."
5333,"ORGANIZED VILLAGE OF SAXMAN"
5333,"CAPE FOX CORP."
5333,"SAXMAN"
5333,"SAXMAN IRA"
5335,"PETERSBURG INDIAN ASSOCIATION"
5337,"SITKA TRIBE OF ALASKA"
5337,"SHEE ATIKA INC"
5337,"SITKA"
5337,"STA"
5338,"SKAGWAY VILLAGE"
5338,"SKAGWAY"
5338,"SKAGWAY TRADITIONAL COUNCIL"
5340,"ANGOON COMMUNITY ASSOCIATION"
5340,"ANGOON"
5340,"KOOTZNOOWOO INC."
5341,"WRANGELL COOPERATIVE ASSOCIATION"
5341,"WRANGELL"
5342,"YAKUTAT TLINGIT TRIBE"
5342,"YAK-TAT KWAAN INC."
5342,"YAKUTAT"
5396,"METLAKATLA INDIAN COMMUNITY, ANNETTE ISLAND RESERVE"
5396,"ANNETTE ISLANDS RESERVE"
5396,"METLAKATLA"
5396,"METLAKATLA INDIAN COMMUNITY"
5411,"AKIACHAK NATIVE COMMUNITY"
5411,"AKIACHAK"
5411,"AKIACHAK LIMITED"
5412,"AKIAK NATIVE COMMUNITY"
5412,"AKIAK"
5412,"KOKARMUIT CORP."
5413,"ALGAACIQ NATIVE VILLAGE (ST. MARY’S)"
5413,"ALGAACIQ"
5413,"ALGAACIQ NATIVE VILLAGE"
5413,"ST MARYS"
5414,"ASA’CARSARMIUT TRIBE"
5414,"ASA’CARSARMIUT"
5414,"AZACHOROK INC."
5417,"CHULOONAWICK NATIVE VILLAGE"
5417,"CHULOONAWICK"
5417,"CHULOONAWICK CORP."
5417,"CHULOONAWICK TRIBAL COUNCIL"
5417,"NATIVE VILLAGE OF CHULOONAWICK"
5418,"CURYUNG TRIBAL COUNCIL"
5418,"CURYUNG"
5418,"CURYUNG TRIBAL COUNCIL (NATIVE VILLAGE OF DILLINGHAM)"
5418,"NATIVE VILLAGE OF DILLINGHAM"
5419,"NATIVE VILLAGE OF EKWOK"
5419,"EKWOK"
5419,"EKWOK NATIVES LIMITED"
5419,"EKWOK VILLAGE"
5420,"EMMONAK VILLAGE"
5420,"EMMONAK"
5420,"EMMONAK CORP."
5420,"NATIVE VILLAGE OF EMMONAK"
5421,"IQUGMIUT TRADITIONAL COUNCIL"
5421,"IQURMUIT"
5421,"IQURMUIT TRADITIONAL COUNCIL"
5421,"RUSSIAN MISSION NATIVE CORP."
5422,"LEVELOCK VILLAGE"
5422,"LEVELOCK"
5422,"LEVELOCK NATIVES LTD."
5423,"MANOKOTAK VILLAGE"
5423,"MANOKOTAK"
5423,"MANOKOTAK NATIVES LTD."
5423,"MANOKOTAK VILLAGE COUNCIL"
5424,"NAKNEK NATIVE VILLAGE"
5424,"NAKNEK"
5424,"PAUG-VIK INCORPORATED LTD."
5425,"NATIVE VILLAGE OF ALEKNAGIK"
5425,"ALEKNAGIK"
5425,"ALEKNAGIK NATIVES LTD."
5426,"NATIVE VILLAGE OF CHUATHBALUK"
5426,"CHUATHBALUK"
5426,"CHUATHBALUK TRADITIONAL COUNCIL"
5427,"NATIVE VILLAGE OF EEK"
5427,"IQFIJOUAQ COMPANY"
5428,"NATIVE VILLAGE OF EKUK"
5428,"EKUK"
5429,"NATIVE VILLAGE OF GAMBELL"
5429,"GAMBELL"
5429,"SIVUQAQ"
5429,"SIVUQAQ INC."
5430,"NATIVE VILLAGE OF GEORGETOWN"
5431,"NATIVE VILLAGE OF GOODNEWS BAY"
5431,"GOODNEWS BAY"
5431,"KUITSARAK, INC."
5432,"NATIVE VILLAGE OF HAMILTON"
5432,"NUNAPIGLLURAQ CORP."
5433,"NATIVE VILLAGE OF HOOPER BAY"
5433,"HOOPER BAY"
5433,"NAPARYARMIUT"
5433,"NATIVE VILLAGE OF HOOPER BAY (NAPARYARMIUT)"
5433,"SEA LION CORP."
5434,"KASIGLUK TRADITIONAL ELDERS COUNCIL"
5434,"KASIGLUK"
5434,"KASIGLUK INC."
5434,"KASIGLUK TRADITIONAL COUNCIL"
5434,"NATIVE VILLAGE OF KASIGLUK"
5435,"NATIVE VILLAGE OF KIPNUK"
5435,"KIPNUK"
5435,"KUGKAKTLIK LIMITED"
5436,"NATIVE VILLAGE OF KONGIGANAK"
5436,"KONGIGANAK"
5436,"QEMIRTALEK COAST CORP."
5437,"NATIVE VILLAGE OF KWIGILLINGOK"
5437,"KWIGILLINGOK"
5437,"KWIK, INC."
5438,"NATIVE VILLAGE OF KWINHAGAK (QUINHAGAK)"
5438,"KWINHAGAK"
5438,"NATIVE VILLAGE OF KWINHAGAK"
5438,"QANIRTUUQ INC."
5438,"QUINHAGAK"
5439,"NATIVE VILLAGE OF MARSHALL (FORTUNA LEDGE)"
5439,"FORTUNA LEDGE"
5439,"MASERCULIQ, INC."
5439,"NATIVE VILLAGE OF MARSHALL"
5440,"NATIVE VILLAGE OF NAPAIMUTE"
5440,"NAPAIMUTE"
5441,"NATIVE VILLAGE OF NAPAKIAK"
5441,"NAPAKIAK"
5441,"NAPAKIAK CORP."
5442,"NATIVE VILLAGE OF NAPASKIAK"
5442,"NAPASKIAK"
5442,"NAPASKIAK INC."
5443,"NATIVE VILLAGE OF NIGHTMUTE"
5443,"NIGHTMUTE"
5444,"NATIVE VILLAGE OF NUNAM IQUA"
5444,"NATIVE VILLAGE OF SHELDONS POINT"
5444,"NUNAM IQUA"
5444,"NUNAM IQUA (SHELDON'S POINT)"
5444,"SHELDONS POINT"
5444,"SWAN LAKE CORP."
5445,"NATIVE VILLAGE OF NUNAPITCHUK"
5445,"NUNAPITCHUK"
5445,"NUNAPITCHUK LIMITED"
5446,"PITKA'S POINT TRADITIONAL COUNCIL"
5446,"NATIVE VILLAGE OF PITKA'S POINT"
5446,"PITKA'S POINT"
5446,"PITKA'S POINT NATIVE CORP."
5447,"NATIVE VILLAGE OF SAINT MICHAEL"
5447,"ST. MICHAEL IRA"
5447,"ST. MICHAEL NATIVE CORP."
5448,"NATIVE VILLAGE OF SAVOONGA"
5448,"KUKULGET INC."
5448,"SAVOONGA"
5449,"NATIVE VILLAGE OF SCAMMON BAY"
5449,"ASKINUK CORP."
5449,"SCAMMON BAY"
5450,"NATIVE VILLAGE OF TUNTUTULIAK"
5450,"TUNTUTULIAK"
5450,"TUNTUTULIAK LAND LIMITED"
5451,"NATIVE VILLAGE OF TUNUNAK"
5451,"TUNUNAK"
5451,"TUNUNRMIUT RINIT CORP."
5452,"NEW KOLIGANEK VILLAGE COUNCIL"
5452,"KOLIGANEK NATIVES LTD."
5452,"NEW KOLIGANEK"
5453,"NEW STUYAHOK VILLAGE"
5453,"NEW STUYAHOK"
5453,"NEW STUYAHOK TRADITIONAL COUNCIL"
5453,"STUYAHOK LIMITED"
5454,"NEWHALEN VILLAGE"
5454,"NEWHALEN"
5455,"NEWTOK VILLAGE"
5455,"NEWTOK"
5455,"NEWTOK NATIVE CORP."
5455,"NEWTOK VILLAGE COUNCIL"
5456,"NUNAKAUYARMIUT TRIBE"
5456,"NUNAKAUIAK"
5456,"NUNAKAUIAK YUPIK CORP."
5456,"NUNAKAUYARMIUT TRIBE (TOKSOOK BAY)"
5456,"TOKSOOK BAY"
5457,"ORGANIZED VILLAGE OF KWETHLUK"
5457,"KWETHLUK"
5457,"KWETHLUK INC."
5457,"KWETHLUK IRA"
5458,"ORUTSARARMIUT TRADITIONAL NATIVE COUNCIL"
5458,"BETHEL"
5458,"BETHEL NATIVE CORP."
5458,"ONTC"
5458,"ORUTSARARMIUT"
5458,"ORUTSARARMIUT NATIVE VILLAGE"
5458,"ORUTSARARMIUT NATIVE VILLAGE (BETHEL)"
5459,"OSCARVILLE TRADITIONAL VILLAGE"
5459,"OSCARVILLE"
5459,"OSCARVILLE NATIVE CORP."
5460,"PILOT STATION TRADITIONAL VILLAGE"
5460,"PILOT STATION"
5460,"PILOT STATION INC."
5461,"PLATINUM TRADITIONAL VILLAGE"
5461,"ARVIQ INC."
5461,"PLATINUM"
5462,"PORTAGE CREEK VILLAGE (OHGSENAKALE)"
5462,"OHGSENAKALE"
5462,"PORTAGE CREEK"
5462,"PORTAGE CREEK VILLAGE"
5464,"STEBBINS COMMUNITY ASSOCIATION"
5464,"STEBBINS"
5464,"STEBBINS NATIVE CORP"
5465,"TRADITIONAL VILLAGE OF TOGIAK"
5465,"TOGIAK"
5465,"TOGIAK NATIVES LTD."
5466,"TULUKSAK NATIVE COMMUNITY"
5466,"TULKISARMUTE INC."
5466,"TULUKSAK"
5467,"TWIN HILLS VILLAGE"
5467,"TWIN HILLS"
5467,"TWIN HILLS NATIVE CORP."
5468,"UMKUMIUT NATIVE VILLAGE"
5468,"UMKUMIUT"
5468,"UMKUMIUTE NATIVE VILLAGE"
5469,"VILLAGE OF ALAKANUK"
5469,"ALAKANUK"
5469,"ALAKANUK NATIVE CORP."
5469,"ALAKANUK TRADITIONAL COUNCIL"
5470,"VILLAGE OF ANIAK"
5470,"ANIAK"
5470,"ANIAK TRADITIONAL COUNCIL"
5471,"VILLAGE OF ATMAUTLUAK"
5471,"ATMAUTLUAK"
5471,"ATMAUTLUAK LIMITED"
5472,"VILLAGE OF BILL MOORE’S SLOUGH"
5472,"BILL MOORE’S SLOUGH"
5473,"VILLAGE OF CHEFORNAK"
5473,"CHEFARNRMUTE INC."
5473,"CHEFORNAK"
5473,"CHEFORNAK TRADITIONAL COUNCIL"
5474,"VILLAGE OF CLARKS POINT"
5474,"CLARK’S POINT"
5474,"SAGUYAK INC."
5474,"VILLAGE OF CLARK’S POINT"
5475,"VILLAGE OF CROOKED CREEK"
5475,"CROOKED CREEK"
5475,"CROOKED CREEK TRADITIONAL COUNCIL"
5476,"VILLAGE OF KALSKAG"
5476,"KALSKAG"
5476,"NATIVE VILLAGE OF KALSKAG"
5476,"UPPER KALSKAG"
5477,"VILLAGE OF KOTLIK"
5477,"KOTLIK"
5477,"KOTLIK YUPIK CORP."
5478,"VILLAGE OF LOWER KALSKAG"
5478,"LOWER KALSKAG"
5479,"VILLAGE OF OHOGAMIUT"
5479,"OHOG, INC."
5479,"OHOGAMIUT"
5480,"VILLAGE OF RED DEVIL"
5480,"RED DEVIL"
5481,"VILLAGE OF SLEETMUTE"
5481,"SLEETMUTE"
5481,"SLEETMUTE TRADITIONAL COUNCIL"
5482,"YUPIIT OF ANDREAFSKI"
5482,"ANDREAFSKI"
5482,"NERKLIKMUTE NATIVE CORP."
5483,"NATIVE VILLAGE OF PAIMIUT"
5483,"PAIMIUT"
5483,"PAIMIUT CORP."
5510,"AK-CHIN INDIAN COMMUNITY"
5510,"AK CHIN"
5510,"AK CHIN OODHAM"
5510,"AK CHIN PAPAGO"
5510,"AKCHIN (AK-CHIN)"
5510,"AK-CHIN MARICOPA"
5510,"AK-CHIN VILLAGE"
5515,"APACHE TRIBE OF OKLAHOMA"
5515,"APACHE KIOWA"
5515,"APACHE OKLAHOMA"
5515,"APACHE PLAINS"
5515,"KA TA KAS APACHE"
5515,"KIOWA APACHE"
5515,"OKLAHOMA APACHE"
5515,"PLAINS APACHE"
5516,"FORT SILL APACHE TRIBE OF OKLAHOMA"
5516,"APACHE BEDONKOHE"
5516,"APACHE CHIRICAHUA"
5516,"APACHE FORT SILL"
5516,"APACHE NDE"
5516,"APACHE NEDNAI"
5516,"APACHE WARM SPRINGS"
5516,"BEDONKOHE"
5516,"BEDONKOHE APACHE"
5516,"CHIHENNE"
5516,"CHIHENNE APACHE"
5516,"CHIRICAHUA"
5516,"CHIRICAHUA APACHE"
5516,"FORT SILL"
5516,"FORT SILL APACHE"
5516,"WARM SPRINGS APACHE"
5517,"JICARILLA APACHE NATION, NEW MEXICO"
5517,"APACHE JICARILLA"
5517,"JICARILLA"
5517,"JICARILLA APACHE"
5517,"JICARILLA APACHE NATION"
5517,"JICARILLA APACHE TRIBE"
5519,"MESCALERO APACHE TRIBE OF THE MESCALERO RESERVATION, NEW MEXICO"
5519,"APACHE MESCALERO"
5519,"MESCALERO"
5519,"MESCALERO APACHE"
5519,"MESCALERO APACHE TRIBE MESCALERO RESERVATION"
5519,"MESCALERO RESERVATION"
5519,"MIMBRENO"
5520,"SAN CARLOS APACHE TRIBE OF THE SAN CARLOS RESERVATION, ARIZONA"
5520,"APACHE SAN CARLOS"
5520,"BYLAS"
5520,"PERIDOT (SAN CARLOS APACHE)"
5520,"SAN CARLOS"
5520,"SAN CARLOS APACHE TRIBE"
5520,"SAN CARLOS APACHE TRIBE OF THE SAN CARLOS RESERVATION"
5520,"SEVEN MILE WASH"
5521,"TONTO APACHE TRIBE OF ARIZONA"
5521,"APACHE PAYSON"
5521,"APACHE PAYSON TONTO"
5521,"APACHE TONTO"
5521,"APACHE YAVAPAI TONTO"
5521,"PAYSON"
5521,"PAYSON APACHE"
5521,"PAYSON TONTO APACHE"
5521,"TONTO APACHE"
5521,"YAVAPAI TONTO APACHE"
5522,"WHITE MOUNTAIN APACHE TRIBE OF THE FORT APACHE RESERVATION, ARIZONA"
5522,"APACHE CIBECUE"
5522,"APACHE FORT"
5522,"APACHE GILA"
5522,"APACHE NORTH FORK"
5522,"APACHE WHITE MOUNTAIN"
5522,"APACHE WHITE RIVER"
5522,"CANYON DAY"
5522,"CEDAR CREEK"
5522,"CIBECUE"
5522,"CIBECUE APACHE"
5522,"CREEK CEDAR"
5522,"CREEK TURKEY"
5522,"EAST FORK"
5522,"FORT APACHE"
5522,"GILA APACHE"
5522,"MOUNTAIN APACHE"
5522,"NORTH FORK APACHE"
5522,"SEVEN MILE"
5522,"TURKEY CREEK"
5522,"WHITE MOUNTAIN APACHE TRIBE"
5522,"WHITE MTN APACHE"
5522,"WMAT"
5525,"NORTHERN ARAPAHO TRIBE OF THE WIND RIVER RESERVATION, WYOMING"
5525,"ARAPAHO NORTHERN"
5525,"ARAPAHO NORTHERN WIND RIVER"
5525,"ARAPAHO TRIBE OF THE WIND RIVER RESERVATION, WYOMING"
5525,"ARAPAHO WIND RIVER"
5525,"ARAPAHO WIND RIVER NORTHERN"
5525,"NORTHERN ARAPAHO"
5525,"NORTHERN ARAPAHO OF WIND RIVER"
5525,"NORTHERN ARAPAHO TRIBE"
5525,"NORTHERN ARAPAHOE"
5525,"WIND RIVER ARAPAHO"
5531,"ASSINIBOINE AND SIOUX TRIBES OF THE FORT PECK INDIAN RESERVATION, MONTANA"
5531,"ASSINIBOINE AND SIOUX"
5531,"ASSINIBOINE AND SIOUX TRIBES OF THE FORT PECK INDIAN RESERVATION"
5531,"ASSINIBOINE FORT PECK"
5531,"ASSINIBOINE NAKOTA"
5531,"ASSINIBOINE SIOUX"
5531,"FORT PECK"
5531,"FORT PECK ASSINIBOINE AND SIOUX TRIBES"
5531,"FORT PECK RESERVATION"
5531,"FT PECK ASSINIBOINE"
5531,"FT PECK ASSINIBOINE SIOUX"
5531,"FT PECK SIOUX"
5531,"NAKOTA ASSINIBOINE"
5531,"SIOUX ASSINIBOINE"
5536,"BLACKFEET TRIBE OF THE BLACKFEET INDIAN RESERVATION OF MONTANA"
5536,"AMSKAPI PIKUNI"
5536,"BLACKFEET NATION"
5536,"BLACKFEET TRIBE"
5536,"BLACKFEET TRIBE OF BLACKFEET INDIAN RESERVATION"
5536,"BLACKFEET TRIBE OF BLACKFEET INDIAN RESERVATION MONTANA"
5536,"BLACKFOOT TRIBE"
5536,"PIEGAN"
5536,"PIEGAN BLACKFEET"
5553,"CADDO NATION OF OKLAHOMA"
5553,"ANADACA"
5553,"ANADARKO"
5553,"ASINAI"
5553,"CADDO INDIAN TRIBE OF OKLAHOMA"
5553,"CADDO OKLAHOMA"
5553,"HASINAI"
5553,"NECHES"
5553,"OKLAHOMA CADDO"
5557,"AGUA CALIENTE BAND OF CAHUILLA INDIANS OF THE AGUA CALIENTE INDIAN RESERVATION, CALIFORNIA"
5557,"ACBCI (AGUA CALENTE BAND OF CAHUILLA INDIANS)"
5557,"AGUA CALIENTE BAND OF CAHUILLA INDIANS"
5557,"AGUA CALIENTE CAHUILLA"
5557,"AGUA CALIENTE INDIAN RESERVATION"
5557,"CAHUILLA AGUA CALIENTE"
5558,"AUGUSTINE BAND OF CAHUILLA INDIANS, CALIFORNIA"
5558,"AUGUSTINE"
5558,"AUGUSTINE RESERVATION"
5559,"CABAZON BAND OF CAHUILLA INDIANS"
5559,"CABAZON"
5559,"CABAZON BAND OF CAHUILLA INDIANS, CALIFORNIA"
5559,"CABAZON BAND OF MISSION INDIANS"
5559,"CABAZON MISSION"
5559,"CABAZON RESERVATION"
5559,"CAHUILLA CABAZON"
5559,"MISSION CABAZON"
5560,"LOS COYOTES BAND OF CAHUILLA AND CUPENO INDIANS, CALIFORNIA"
5560,"LOS COYOTES"
5560,"LOS COYOTES BAND OF CAHUILLA AND CUPENO INDIANS"
5560,"LOS COYOTES CAHUILLA"
5560,"LOS COYOTES CUPENO"
5560,"LOS COYOTES RESERVATION"
5560,"MISSION LOS COYOTES"
5561,"MORONGO BAND OF MISSION INDIANS, CALIFORNIA"
5561,"CAHUILLA MORONGO"
5561,"MISSION MORONGO"
5561,"MORONGO"
5561,"MORONGO BAND OF CAHUILLA MISSION INDIANS"
5561,"MORONGO RESERVATION"
5562,"RAMONA BAND OF CAHUILLA, CALIFORNIA"
5562,"RAMONA BAND OR VILLAGE OF CAHUILLA"
5562,"RAMONA BAND OR VILLAGE OF CAHUILLA MISSION INDIANS"
5562,"RAMONA RESERVATION"
5563,"SANTA ROSA BAND OF CAHUILLA INDIANS, CALIFORNIA"
5563,"CAHUILLA SANTA ROSA"
5563,"MISSION SANTA ROSA"
5563,"SANTA ROSA BAND OF CAHUILLA INDIANS"
5563,"SANTA ROSA BAND OF CAHUILLA INDIANS OF THE SANTA ROSA RESERVATION"
5563,"SANTA ROSA CAHUILLA"
5563,"SANTA ROSA MISSION"
5563,"SANTA ROSA OF CAHUILLA"
5564,"TORRES MARTINEZ DESERT CAHUILLA INDIANS, CALIFORNIA"
5564,"CAHUILLA TORRES MARTINEZ"
5564,"DESERT CAHUILLA"
5564,"DESERT TORRES MARTINEZ"
5564,"MISSION TORRES-MARTINEZ"
5564,"TM DESERT CAHUILLA"
5564,"TORRES MARTINEZ"
5564,"TORRES MARTINEZ BAND OF CAHUILLA MISSION INDIANS"
5564,"TORRES MARTINEZ DESERT CAHUILLA"
5564,"TORRES MARTINEZ DESERT CAHUILLA INDIANS"
5564,"TORRES MARTINEZ MISSION"
5564,"TORRES MARTINEZ RESERVATION"
5566,"BEAR RIVER BAND OF THE ROHNERVILLE RANCHERIA, CALIFORNIA"
5566,"BEAR RIVER"
5566,"BEAR RIVER BAND OF ROHNERVILLE RANCHERIA"
5566,"BEAR RIVER WIYOT"
5566,"MATTOLE"
5566,"MATTOLE RIVER"
5566,"ROHNERVILLE"
5566,"ROHNERVILLE RANCHERIA"
5567,"CAHTO TRIBE OF THE LAYTONVILLE RANCHERIA"
5567,"CAHTO"
5567,"CAHTO INDIAN TRIBE OF THE LAYTONVILLE RANCHERIA"
5567,"KAI POMO"
5567,"KATO"
5567,"LAYTONVILLE"
5567,"LAYTONVILLE RANCHERIA"
5568,"CALIFORNIA VALLEY MIWOK TRIBE, CALIFORNIA"
5568,"CALIFORNIA MIWOK"
5568,"CALIFORNIA VALLEY"
5568,"CALIFORNIA VALLEY MIWOK TRIBE"
5568,"SHEEP RANCH"
5568,"SHEEP RANCH OF MIWOK INDIANS"
5569,"CHER-AE HEIGHTS INDIAN COMMUNITY OF THE TRINIDAD RANCHERIA, CALIFORNIA"
5569,"CHER AE HEIGHTS"
5569,"CHER AE HEIGHTS INDIAN COMMUNITY"
5569,"CHER-AE"
5569,"CHER-AE HEIGHTS INDIAN COMMUNITY OF THE TRINIDAD RANCHERIA"
5569,"TRINIDAD RANCHERIA"
5575,"REDDING RANCHERIA, CALIFORNIA"
5575,"REDDING"
5575,"REDDING RANCHERIA"
5576,"SANTA ROSA INDIAN COMMUNITY OF THE SANTA ROSA RANCHERIA, CALIFORNIA"
5576,"SANTA ROSA INDIAN COMMUNITY"
5576,"SANTA ROSA INDIAN COMMUNITY OF THE SANTA ROSA RANCHERIA"
5576,"SANTA ROSA RANCHERIA"
5576,"SANTA ROSA TACHI"
5576,"TACHI YOKUT"
5586,"CATAWBA INDIAN NATION"
5586,"CATAWBA"
5586,"CATAWBA (OF SOUTH CAROLINA)"
5586,"CATAWBA INDIAN"
5586,"SANFORD CATAWBA"
5590,"CONFEDERATED TRIBES OF THE CHEHALIS RESERVATION"
5590,"CHEHALIS"
5590,"CONFED. TRIBES OF THE CHEHALIS RESERVATION, WASHINGTON"
5590,"HUMPTULIP"
5590,"SATSOP"
5593,"HOH INDIAN TRIBE"
5593,"HOH"
5594,"QUILEUTE TRIBE OF THE QUILEUTE RESERVATION"
5594,"LA PUSH INDIAN"
5594,"QUILEUTE"
5594,"QUILEUTE TRIBE OF THE QUILEUTE RESERVATION, WASHINGTON"
5597,"CHEMEHUEVI INDIAN TRIBE OF THE CHEMEHUEVI RESERVATION, CALIFORNIA"
5597,"CHEMEHUEVI"
5597,"CHEMEHUEVI INDIAN TRIBE"
5603,"CHEROKEE NATION"
5603,"CHEROKEE NATION OF OKLAHOMA"
5603,"CHEROKEE OF ARKANSAS"
5603,"CHEROKEE OKLAHOMA"
5603,"CHEROKEE TAHLEQUAH"
5603,"CHEROKEE WESTERN"
5603,"OKLAHOMA CHEROKEE"
5603,"OKLAHOMA TALQUE"
5603,"TAHLEQUAH"
5603,"WESTERN CHEROKEE"
5606,"EASTERN BAND OF CHEROKEE INDIANS"
5606,"CHEROKEE EASTERN"
5606,"CHEROKEE NC/NORTH CAROLINA"
5606,"CHEROKEE QUALLA"
5606,"E CHEROKEE"
5606,"EASTERN BAND CHEROKEE"
5606,"EASTERN BAND OF CHEROKEE, NC"
5606,"EASTERN CHEROKEE"
5606,"EBCI"
5606,"EBCI (EASTERN BAND OF CHEROKEE INDIANS)"
5606,"QUALLA"
5606,"QUALLA CHEROKEE"
5616,"UNITED KEETOOWAH BAND OF CHEROKEE INDIANS IN OKLAHOMA"
5616,"CHEROKEE KEETOOWAH"
5616,"CHEROKEE UNITED KEETOWAH BAND"
5616,"KEETOOWAH"
5616,"KEETOOWAH BAND CHEROKEES"
5616,"KEETOOWAH CHEROKEE"
5616,"KITUHWA (KITUWA)"
5616,"UKB"
5616,"UKB (UNITED KEETOWAH BAND)"
5616,"UNITED KEETOOWAH"
5616,"UNITED KEETOWAH BAND (UKB)"
5616,"UNITED KEETOWAH BAND OF CHEROKEE"
5620,"NORTHERN CHEYENNE TRIBE OF THE NORTHERN CHEYENNE INDIAN RESERVATION, MONTANA"
5620,"CHEYENNE NORTHERN"
5620,"NORTHERN CHEYENNE"
5620,"NORTHERN CHEYENNE TRIBE"
5620,"NORTHERN CHEYENNE TRIBE OF THE NORTHERN CHEYENNE RESERVATION, MONTANA"
5620,"SO'TAA'EO'O"
5620,"TSISTISTAS"
5624,"CHEYENNE AND ARAPAHO TRIBES, OKLAHOMA"
5624,"ARAPAHO CHEYENNE"
5624,"C AND A TRIBES"
5624,"CHEYENNE AND ARAPAHO TRIBE OF OKLAHOMA"
5624,"CHEYENNE AND ARAPAHO TRIBES"
5624,"CHEYENNE ARAPAHO"
5624,"CHEYENNE ARAPAHOE"
5624,"CONCHO AGENCY"
5624,"CONCHO OKLA"
5624,"SOUTHERN CHEYENNE AND ARAPAHO"
5629,"CHICKAHOMINY INDIAN TRIBE—EASTERN DIVISION"
5629,"CHICKAHOMINY INDIANS—EASTERN DIVISION"
5630,"CHICKAHOMINY INDIAN TRIBE"
5630,"CHICKAHOMINY"
5630,"CHICKAHOMINY TRIBE"
5630,"CHICKAHOMINY TRIBE, INC."
5630,"CHICKAHOMINY WESTERN"
5630,"WESTERN CHICKAHOMINY"
5635,"THE CHICKASAW NATION"
5635,"CHICASAW"
5635,"CHICKASAW"
5635,"CHICKASAW OKLAHOMA"
5635,"CHICKSAW"
5635,"OKLAHOMA CHICKASAW"
5650,"BAD RIVER BAND OF THE LAKE SUPERIOR TRIBE OF CHIPPEWA INDIANS OF THE BAD RIVER RESERVATION, WISCONSIN"
5650,"BAD RIVER"
5650,"BAD RIVER BAND"
5650,"BAD RIVER BAND OF THE LAKE SUPERIOR TRIBE"
5650,"BAD RIVER OF LAKE SUPERIOR"
5650,"CHIPPEWA BAD RIVER"
5651,"BAY MILLS INDIAN COMMUNITY, MICHIGAN"
5651,"BAY MILLS"
5651,"BAY MILLS CHIPPEWA"
5651,"BAY MILLS INDIAN COMMUNITY"
5651,"BAY MILLS INDIAN COMMUNITY OF THE SAULT STE MARIE BAND"
5651,"BMIC"
5651,"BMIC (BAY MILLS INDIAN COMMUNITY)"
5651,"BRIMLEY TRIBE"
5651,"CHIPPEWA BAY MILLS"
5651,"MICHIGAN BAY MILLS"
5651,"OJIBWA BAY MILLS"
5655,"GRAND TRAVERSE BAND OF OTTAWA AND CHIPPEWA INDIANS, MICHIGAN"
5655,"GRAND TRAVERSE"
5655,"GRAND TRAVERSE BAND"
5655,"GRAND TRAVERSE BAND OF OTTAWA AND CHIPPEWA INDIANS"
5655,"GRAND TRAVERSE CHIPPEWA"
5655,"GRAND TRAVERSE OTTAWA"
5655,"GTB"
5655,"LEELANAU"
5655,"OTTAWA BAND TRAVERSE"
5655,"OTTAWA GRAND TRAVERSE"
5655,"TRAVERSE BAND OTTAWA"
5655,"TURTLE CREEK CASINO"
5656,"KEWEENAW BAY INDIAN COMMUNITY, MICHIGAN"
5656,"BARAGA BAND"
5656,"BARAGA BAND CHIPPEWA"
5656,"CHIPPEWA BARAGA"
5656,"CHIPPEWA KEWEENAW"
5656,"CHIPPEWA KEWEENAW BAY"
5656,"CHIPPEWA L'ANSE"
5656,"KB CHIPPEWA"
5656,"KBIC"
5656,"KEWEENAW"
5656,"KEWEENAW BAY BARAGA"
5656,"KEWEENAW BAY CHIPPEWA"
5656,"KEWEENAW BAY INDIAN COMMUNITY"
5656,"KEWEENAW BAY INDIAN COMMUNITY OF THE L'ANSE"
5656,"KEWEENAW BAY OJIBWA"
5656,"L'ANSE"
5656,"OJIBWA KEWEENAW BAY"
5656,"ONTONAGON"
5657,"LAC COURTE OREILLES BAND OF LAKE SUPERIOR CHIPPEWA INDIANS OF WISCONSIN"
5657,"CHIPPEWA LAC COURTE OREILLES"
5657,"CHIPPEWA LCO"
5657,"LA COURTE CHIPPEWA"
5657,"LAC COURT OREILLES"
5657,"LAC COURTE OREILLES"
5657,"LAC COURTE OREILLES BAND OF LAKE SUPERIOR CHIPPEWA"
5657,"LAC COURTE OREILLES CHIPPEWA"
5657,"LCO"
5657,"OGIBWA LAC COURTE OREILLES"
5657,"OJIBWA LAC COURTE OREILLES"
5657,"WISC LAC COURTE OREILLE"
5657,"WISC LAC COURTE OREILLE CHIPPEWA"
5657,"WISCONSIN LCO CHIPPEWA"
5658,"LAC DU FLAMBEAU BAND OF LAKE SUPERIOR CHIPPEWA INDIANS OF THE LAC DU FLAMBEAU RESERVATION OF WISCONSIN"
5658,"CHIPPEWA LAC DU FLAMBEAU"
5658,"LAC DU FLAMBEAU"
5658,"LAC DU FLAMBEAU BAND OF LAKE SUPERIOR CHIPPEWA INDIANS"
5658,"LAC DU FLAMBEAU CHIPPEWA"
5658,"LDF"
5658,"LDF CHIPPEWA"
5658,"WISC LAC DU FLAMBEAU"
5658,"WISC LAC DU FLAMBEAU CHIPPEWA"
5658,"WISCONSIN LAC DU FLAMBEAU"
5658,"WISCONSIN LAC DU FLAMBEAU CHIPPEWA"
5659,"LAC VIEUX DESERT BAND OF LAKE SUPERIOR CHIPPEWA INDIANS OF MICHIGAN"
5659,"CHIPPEWA LAC VIEUX DESERT"
5659,"DESERT CHIPPEWA LAC VIEUX"
5659,"KATIKITEGON"
5659,"LAC VIEUX"
5659,"LAC VIEUX DESERT"
5659,"LAC VIEUX DESERT BAND"
5659,"LAC VIEUX DESERT BAND OF LAKE SUPERIOR CHIPPEWA"
5659,"LAC VIEUX DESERT BAND OF LAKE SUPERIOR CHIPPEWA INDIANS"
5659,"LAC VIEUX DESERT CHIPPEWA"
5659,"LVD"
5659,"MICHIGAN LAC VIEUX DESERT"
5659,"VIEUX DESERT"
5659,"WATERSMEET"
5662,"LITTLE SHELL TRIBE OF CHIPPEWA INDIANS OF MONTANA"
5662,"CHIPPEWA LITTLE SHELL"
5662,"LITTLE SHELL"
5662,"LITTLE SHELL CHIPPEWA INDIANS OF MONTANA"
5662,"LITTLE SHELL TRIBE"
5664,"MINNESOTA CHIPPEWA TRIBE, MINNESOTA"
5664,"CHIPPEWA MINNESOTA"
5664,"CHIPPEWA MISSISSIPI"
5664,"CHIPPEWA PILLAGER"
5664,"MCT"
5664,"MCT (MINN CHIPPEWA TRIBE)"
5664,"MINNESOTA CHIPPEWA"
5664,"MISSISSIPI CHIPPEWA"
5664,"PILLAGER"
5664,"WHITE OAK POINT"
5665,"RED CLIFF BAND OF LAKE SUPERIOR CHIPPEWA INDIANS OF WISCONSIN"
5665,"CHIPPEWA RED CLIFF"
5665,"CHIPPEWA RED CLIFF BAND OF LAKE SUPERIOR"
5665,"RED CLIFF"
5665,"RED CLIFF BAND"
5665,"RED CLIFF BAND OF LAKE SUPERIOR CHIPPEWA"
5665,"RED CLIFF CHIPPEWA"
5665,"RED CLIFF OJIBWA"
5665,"RED CLIFF OJIBWAY"
5665,"RED CLIFF OJIBWE"
5665,"RED CLIFF RESERVATION"
5665,"WISC RED CLIFF"
5665,"WISC RED CLIFF CHIPPEWA"
5665,"WISCONSIN RED CLIFF"
5665,"WISCONSIN RED CLIFF CHIPPEWA"
5666,"RED LAKE BAND OF CHIPPEWA INDIANS, MINNESOTA"
5666,"CHIPPEWA RED LAKE"
5666,"MINN RED LAKE"
5666,"MINN RED LAKE CHIPPEWA"
5666,"MINNESOTA RED LAKE"
5666,"MINNESOTA RED LAKE CHIPPEWA"
5666,"MN RED LAKE"
5666,"MN RED LAKE CHIPPEWA"
5666,"RED LAKE"
5666,"RED LAKE BAND OF CHIPPEWA INDIANS"
5666,"RED LAKE CHIPPEWA"
5666,"RL CHIPPEWA"
5667,"SAGINAW CHIPPEWA INDIAN TRIBE OF MICHIGAN"
5667,"CHIPPEWA ISABELLA"
5667,"CHIPPEWA MT PLEASANT"
5667,"CHIPPEWA SAGINAW"
5667,"ISABELLA CHIPPEWA"
5667,"ISABELLA OJIBWA"
5667,"MICHIGAN ISABELLA"
5667,"MICHIGAN SAGINAW"
5667,"MT PLEASANT CHIPPEWA"
5667,"OJIBWA ISABELLA"
5667,"SAGINAW CHIPPEWA"
5667,"SAGINAW CHIPPEWA INDIAN TRIBE"
5667,"SAGINAW OJIBWA"
5667,"SHIAWASSEE "
5668,"SAULT STE. MARIE TRIBE OF CHIPPEWA INDIANS, MICHIGAN"
5668,"CHIPPEWA SAULT"
5668,"CHIPPEWA SAULT STE MARIE"
5668,"MICHIGAN SAULT STE MARIE"
5668,"ORIGINAL BANDS OF SAULT STE MARIE CHIPPEWA"
5668,"SAULT BAND"
5668,"SAULT CHIPPEWA"
5668,"SAULT STE MARIE"
5668,"SAULT STE MARIE CHIPPEWA"
5668,"SAULT STE MARIE TRIBE OF CHIPPEWA"
5668,"SAULT STE. MARIE TRIBE OF CHIPPEWA INDIANS"
5668,"SAULT TRIBE"
5668,"SIOUX STE MARIE CHIPPEWA"
5668,"SOO STE MARIE CHIPPEWA"
5668,"SSM"
5668,"SSMTC"
5669,"SOKAOGON CHIPPEWA COMMUNITY, WISCONSIN"
5669,"CHIPPEWA SOKAOGON"
5669,"CRANDON"
5669,"CRANDON CHIPPEWA"
5669,"CRANDON RESERVATION"
5669,"MOLE LAKE"
5669,"MOLE LAKE BAND"
5669,"MOLE LAKE CHIPPEWA"
5669,"MOLE LAKE RESERVATION"
5669,"SOKAOGON"
5669,"SOKAOGON CHIPPEWA"
5669,"SOKAOGON CHIPPEWA COMMUNITY"
5670,"ST. CROIX CHIPPEWA INDIANS OF WISCONSIN"
5670,"CHIPPEWA ST CROIX"
5670,"ST CROIX INDIAN"
5670,"ST CROIX RIVER"
5670,"ST CROIX VALLEY"
5670,"ST CROIX VALLEY CHIP"
5670,"ST. CROIX CHIPPEWA"
5670,"WISC ST CROIX"
5670,"WISC ST CROIX CHIPPEWA"
5670,"WISCONSIN ST CROIX"
5670,"WISCONSIN ST CROIX CHIPPEWA"
5672,"TURTLE MOUNTAIN BAND OF CHIPPEWA INDIANS OF NORTH DAKOTA"
5672,"BELCOURT CHIPPEWA"
5672,"BELCOURT N DAKOTA"
5672,"CHIPPEWA BELCOURT"
5672,"CHIPPEWA NORTH DAKOTA"
5672,"CHIPPEWA TURTLE MOUNTAIN"
5672,"LITTLE TURTLES CHIPPEWA"
5672,"MITCHIF"
5672,"TM BAND OF CHIPPEWA"
5672,"TM CHIPPEWA"
5672,"TMBC"
5672,"TURTLE MNT LANDLESS"
5672,"TURTLE MOUNTAIN"
5672,"TURTLE MOUNTAIN BAND"
5672,"TURTLE MOUNTAIN BAND OF CHIPPEWA INDIANS"
5672,"TURTLE MOUNTAIN CHIPPEWA"
5672,"TURTLE MOUNTAIN OJIBWAY"
5672,"TURTLE MT BELCOURT"
5672,"TURTLE MTN CHIPPEWA"
5679,"CHIPPEWA CREE INDIANS OF THE ROCKY BOY’S RESERVATION, MONTANA"
5679,"CHIPPEWA CREE"
5679,"CHIPPEWA CREE LANDLESS"
5679,"CHIPPEWA CREE TRIBE OF ROCKY BOY MONTANA"
5679,"CREE OJIBWAY"
5679,"ROCKY BOY"
5679,"ROCKY BOY CHIPPEWA"
5679,"ROCKY BOY CREE"
5679,"ROCKY BOY'S CHIPPEWA CREE"
5679,"WOLF POINT"
5684,"CHITIMACHA TRIBE OF LOUISIANA"
5684,"BUTTE TRIBE OF BAYOU BOURBEAUX"
5684,"CHITEMACHA"
5684,"CHITIMACHA"
5690,"THE CHOCTAW NATION OF OKLAHOMA"
5690,"CHOCTAW NATION"
5690,"CHOCTAW NATION OF OK"
5690,"CHOCTAW OF OK"
5690,"CHOCTAW OF OKLAHOMA"
5690,"CHOCTAW OKLAHOMA"
5690,"CHOCTAW TRIBE OF OKLAHOMA"
5690,"OK CHOCTAW"
5690,"OKLAHOMA CHOCTAW"
5690,"OUACHITA CHOCTAW"
5692,"JENA BAND OF CHOCTAW INDIANS"
5692,"CHOCTAW JENA"
5692,"JENA CHOCTAW"
5694,"MISSISSIPPI BAND OF CHOCTAW INDIANS"
5694,"CHOCTAW MISSISSIPPI"
5694,"CHOCTAW MISSISSIPPI BAND"
5694,"CHOCTAW PEARL RIVER"
5694,"CHOCTAW WEST TENNESSEE"
5694,"MBCI"
5694,"MBCI (MISSISSIPPI BAND OF CHOCTAW INDIANS)"
5694,"MISSISSIPPI BAND OF CHOCTAW INDIAN"
5694,"MISSISSIPPI CHOCTAW"
5694,"MS BAND OF CHOCTAW"
5694,"PEARL RIVER TRIBE"
5694,"WEST TENNESSEE CHOCTAW"
5703,"SANTA YNEZ BAND OF CHUMASH MISSION INDIANS OF THE SANTA YNEZ RESERVATION, CALIFORNIA"
5703,"SANTA YNEZ"
5703,"SANTA YNEZ BAND OF CHUMASH MISSION INDIANS"
5703,"SANTA YNEZ RESERVATION"
5708,"COEUR D’ALENE TRIBE"
5708,"CDA"
5708,"COEUR D ALENE"
5708,"COEUR D'ALENE TRIBE"
5708,"COEUR D'ALENE TRIBE OF INDIANS"
5708,"SCHITSU'UMSH"
5708,"SKITSWISH"
5712,"COLORADO RIVER INDIAN TRIBES OF THE COLORADO RIVER INDIAN RESERVATION, ARIZONA AND CALIFORNIA"
5712,"COLORADO RIVER"
5712,"COLORADO RIVER INDIAN TRIBES"
5712,"CRIT"
5712,"CRIT (COLORADO RIVER INDIAN TRIBE)"
5712,"CRIT CHEM MOHAVE"
5712,"CRIT CHEMEHUEVI"
5712,"CRIT HOPI"
5712,"CRIT HOPI MOHAVE"
5712,"CRIT MOHAVE"
5712,"CRIT NAVAJO"
5714,"CONFEDERATED TRIBES OF THE COLVILLE RESERVATION"
5714,"CHIEF JOSEPH"
5714,"CHIEF JOSEPH NEZ PERCE"
5714,"COLVILLE"
5714,"COLVILLE CONFEDERATED"
5714,"COLVILLE CONFEDERATED TRIBES"
5714,"CONFEDERATED COLVILLE"
5714,"LAKE METHOW"
5714,"METHOW"
5714,"NESPELEM"
5714,"NORTHERN OKANAGAN"
5714,"OKANAGAN"
5714,"SAN POIL"
5714,"SANPOIL"
5714,"SOUTHERN OKANAGAN"
5716,"COMANCHE NATION, OKLAHOMA"
5716,"COMANCHE"
5716,"COMANCHE NATION"
5716,"COMANCHE OF OKLAHOMA"
5716,"COMANCHE TRIBE OF OKLAHOMA"
5716,"OKLAHOMA COMANCHE"
5720,"CONFEDERATED TRIBES OF THE COOS, LOWER UMPQUA AND SIUSLAW INDIANS"
5720,"CONFEDERATED COOS"
5720,"COOS CONFEDERATED"
5720,"COOS LOWER UMPQUA AND SIUSLAW INDIANS"
5720,"COOS LOWER UMPQUA SIUSLAW"
5720,"CTCLUSI"
5720,"CTCLUSI (CONFEDERATED TRIBES OF COOS, LOWER UMPQUA, AND SIUSLAW INDIANS)"
5720,"HANIS COOS"
5720,"LOWER UMPQUA"
5720,"MILUK COOS"
5720,"SUISLAW"
5722,"COQUILLE INDIAN TRIBE"
5722,"COQUILLE"
5722,"COQUILLE TRIBE OF OREGON"
5722,"COQUILLES"
5722,"HUTSUWA CORP"
5722,"KO'KWEL"
5722,"LOWER COQUILLES"
5722,"UPPER COQUILLES"
5727,"ALABAMA-COUSHATTA TRIBE OF TEXAS"
5727,"ALABAMA COUSHATTA"
5727,"ALABAMA KOASATI"
5727,"ALABAMA-COUSHATTA TRIBES OF TEXAS"
5727,"COUSHATTA ALABAMA"
5727,"KOASATI ALABAMA"
5728,"COUSHATTA TRIBE OF LOUISIANA"
5728,"COUSHATTA LOUISIANA"
5728,"LOUISIANA COUSHATTA"
5731,"COWLITZ INDIAN TRIBE"
5731,"COWLITZ"
5735,"THE MUSCOGEE (CREEK) NATION"
5735,"BROKEN ARROW"
5735,"COWETA"
5735,"CREEK NATION OF OKLAHOMA"
5735,"CREEK OKLAHOMA"
5735,"EASTERN MUSCOGEE"
5735,"EUFALA"
5735,"GREENLEAF"
5735,"MCN"
5735,"MUSCOGEE CREEK NATION"
5735,"MUSCOGEE NATION"
5735,"MUSKOGEE CREEK NATION"
5735,"OKFUSKEE"
5735,"OKLAHOMA CREEK"
5735,"WEWOKA"
5736,"ALABAMA-QUASSARTE TRIBAL TOWN"
5736,"ALABAMA QUASSARTE"
5736,"ALABAMA QUASSARTE (AQ)"
5736,"ALABAMA TRIBE"
5736,"ALIBAMU"
5736,"QUASSARTE"
5736,"QUASSARTE ALABAMA"
5739,"KIALEGEE TRIBAL TOWN"
5739,"KIALEGEE"
5739,"KTT"
5744,"POARCH BAND OF CREEK INDIANS"
5744,"ALABAMA POARCH CREEK"
5744,"CREEK POARCH BAND"
5744,"CREEK POARCH BAND INDIANS"
5744,"FRIENDLY POARCH"
5744,"PBCI"
5744,"PBCI (POARCH BAND OF CREEK INDIANS)"
5744,"POARCH"
5744,"POARCH BAND"
5744,"POARCH BAND CREEK INDIANS"
5744,"POARCH BAND OF CREEKS"
5744,"POARCH CREEK"
5744,"WIND CREEK TRIBE"
5746,"THLOPTHLOCCO TRIBAL TOWN"
5746,"THLOPTHLOCCO"
5752,"CROW TRIBE OF MONTANA"
5752,"ABSARAKA"
5752,"ABSAROKA"
5752,"ABSAROKEE"
5752,"APSAALOOKE"
5752,"CROW"
5752,"CROW NATION"
5763,"DELAWARE NATION, OKLAHOMA"
5763,"ABSENTEE DELAWARE"
5763,"DELAWARE ABSENTEE"
5763,"DELAWARE NATION"
5763,"DELAWARE OF WESTERN OKLAHOMA"
5763,"DELAWARE TRIBE OF WESTERN OKLAHOMA"
5763,"WESTERN DELAWARE"
5763,"WESTERN TRIBE OF DELAWARES"
5764,"DELAWARE TRIBE OF INDIANS"
5764,"CHEROKEE DELAWARE TRIBE"
5764,"DELAWARE CHEROKEE TRIBE"
5764,"DELAWARE EAST OF OKLAHOMA"
5764,"DELAWARE EASTERN"
5764,"DELAWARE TRIBE"
5764,"DELAWARE TRIBE OF INDIANS, OKLAHOMA"
5764,"EASTERN DELAWARE"
5764,"EASTERN DELAWARE NATION"
5773,"CAMPO BAND OF DIEGUENO MISSION INDIANS OF THE CAMPO INDIAN RESERVATION, CALIFORNIA"
5773,"CAMPO"
5773,"CAMPO BAND OF DIEGUENO MISSION INDIANS"
5773,"CAMPO INDIAN RESERVATION"
5773,"CAMPO KUMEYAAY"
5774,"CAPITAN GRANDE BAND OF DIEGUENO MISSION INDIANS OF CALIFORNIA"
5774,"CAPITAN GRANDE"
5774,"CAPITAN GRANDE BAND"
5774,"CAPITAN GRANDE BAND OF DIEGUENO MISSION INDIANS"
5775,"EWIIAAPAAYP BAND OF KUMEYAAY INDIANS, CALIFORNIA"
5775,"CUYAPAIPE RESERVATION"
5775,"EWIIAAPAAYP"
5775,"EWIIAAPAAYP BAND OF KUMEYAAY INDIANS"
5776,"IIPAY NATION OF SANTA YSABEL, CALIFORNIA"
5776,"IIPAY NATION OF SANTA YSABEL"
5776,"SANTA ISABEL DIEGUENO"
5776,"SANTA YSABEL RESERVATION"
5777,"INAJA BAND OF DIEGUENO MISSION INDIANS OF THE INAJA AND COSMIT RESERVATION, CALIFORNIA"
5777,"INAJA"
5777,"INAJA AND COSMIT RESERVATION"
5777,"INAJA BAND OF DIEGUENO MISSION INDIANS"
5777,"INAJA BAND OF DIEGUENO MISSION INDIANS OF THE INAJA AND COSMIT RESERVATION"
5778,"JAMUL INDIAN VILLAGE OF CALIFORNIA"
5778,"JAMUL"
5778,"JAMUL INDIAN VILLAGE"
5779,"LA POSTA BAND OF DIEGUENO MISSION INDIANS OF THE LA POSTA INDIAN RESERVATION, CALIFORNIA"
5779,"LA POSTA"
5779,"LA POSTA BAND INDIAN RESERVATION"
5779,"LA POSTA BAND OF DIEGUENO MISSION INDIANS"
5780,"MANZANITA BAND OF DIEGUENO MISSION INDIANS OF THE MANZANITA RESERVATION, CALIFORNIA"
5780,"MANZANITA"
5780,"MANZANITA BAND OF DIEGUENO MISSION INDIANS"
5780,"MANZANITA RESERVATION"
5781,"MESA GRANDE BAND OF DIEGUENO MISSION INDIANS OF THE MESA GRANDE RESERVATION, CALIFORNIA"
5781,"MESA GRANDE"
5781,"MESA GRANDE BAND OF DIEGUENO MISSION INDIANS"
5781,"MESA GRANDE RESERVATION"
5782,"SAN PASQUAL BAND OF DIEGUENO MISSION INDIANS OF CALIFORNIA"
5782,"SAN PASQUAL"
5782,"SAN PASQUAL BAND OF DIEGUENO MISSION INDIANS"
5782,"SAN PASQUAL RESERVATION"
5783,"SYCUAN BAND OF THE KUMEYAAY NATION"
5783,"SYCUAN"
5783,"SYCUAN RESERVATION"
5795,"NANSEMOND INDIAN NATION"
5795,"NANSEMOND INDIAN TRIBAL ASSOCIATION"
5795,"NANSEMOND INDIAN TRIBE"
5795,"NANSEMOND "
5808,"TUNICA-BILOXI INDIAN TRIBE"
5808,"TUNICA BILOXI"
5808,"TUNICA BILOXI INDIAN TRIBE OF LOUISIANA"
5820,"FORT BELKNAP INDIAN COMMUNITY OF THE FORT BELKNAP RESERVATION OF MONTANA"
5820,"ASSINIBOINE AND GROS VENTRE TRIBES"
5820,"BELKNAP"
5820,"FORT BELKNAP"
5820,"FORT BELKNAP ASSINIBOINE"
5820,"FORT BELKNAP GROS VENTRE & ASSINIBOINE INDIAN COMMUNITY"
5820,"FORT BELKNAP GROS VENTRES"
5820,"FORT BELKNAP INDIAN COMMUNITY"
5820,"FORT BELKNAP INDIAN COMMUNITY OF THE FORT BELKNAP RESERVATION"
5820,"FORT BELKNAP INDIAN COMMUNITY OF THE FT. BELKNAP RESERV."
5820,"GROS VENTRE ASSINIBOINE OF THE FT BELKNAP"
5824,"SHOSHONE-BANNOCK TRIBES OF THE FORT HALL RESERVATION"
5824,"FORT HALL"
5824,"SHOBAN"
5824,"SHOSHONE BANNOCK"
5827,"FORT MCDOWELL YAVAPAI NATION, ARIZONA"
5827,"APACHE FORT MCDOWELL MOHAVE"
5827,"APACHE MOHAVE"
5827,"FORT MCDOWELL"
5827,"FORT MCDOWELL MOHAVE-APACHE"
5827,"FORT MCDOWELL YAVAPAI NATION"
5827,"MOHAVE APACHE"
5831,"CONFEDERATED TRIBES OF THE GRAND RONDE COMMUNITY OF OREGON"
5831,"CONFEDERATED GRAND RONDE"
5831,"CONFEDERATED TRIBES OF THE GRAND RONDE COMMUNITY"
5831,"CTGR"
5831,"GRAND RONDE"
5831,"GRAND RONDE TRIBES"
5842,"HO-CHUNK NATION OF WISCONSIN"
5842,"HO CHUNK"
5842,"HO CHUNK NATION"
5842,"HOCHUNK WINNEBAGO"
5842,"WISCONSIN WINNEBAGO"
5844,"HOOPA VALLEY TRIBE, CALIFORNIA"
5844,"HOOPA"
5844,"HOOPA VALLEY TRIBE"
5844,"HUPA NATINIXWE"
5851,"HOPI TRIBE OF ARIZONA"
5851,"ARIZONA TEWA"
5851,"HOPI"
5859,"IOWA TRIBE OF KANSAS AND NEBRASKA"
5859,"IOWA KANSAS"
5859,"IOWA OF KANSAS"
5859,"NEBRASKA IOWA"
5860,"IOWA TRIBE OF OKLAHOMA"
5860,"IOWA OF OKLAHOMA"
5860,"IOWAY OF OKLAHOMA"
5864,"CAYUGA NATION"
5864,"CAYUGA"
5864,"CAYUGA NATION OF NEW YORK"
5867,"ONEIDA INDIAN NATION"
5867,"ONEIDA NATION OF NEW YORK"
5867,"ONEIDA OF NY"
5868,"ONONDAGA NATION"
5868,"ONONDAGA"
5869,"SAINT REGIS MOHAWK TRIBE"
5869,"AKWESASNE"
5869,"AKWESASNE MOHAWK"
5869,"MOHAWK AKWESASNE"
5869,"SAINT REGIS"
5869,"ST REGIS BAND OF MOHAWK INDIANS IN NEW YORK"
5869,"ST REGIS MOHAWK"
5870,"SENECA NATION OF INDIANS"
5870,"ALLEGANY"
5870,"CATTARAUGUS"
5870,"SALAMANCA"
5870,"SENECA"
5872,"SENECA-CAYUGA NATION"
5872,"SENECA CAYUGA"
5872,"SENECA CAYUGA TRIBE OF OKLAHOMA"
5873,"TONAWANDA BAND OF SENECA"
5873,"TONAWANDA"
5873,"TONAWANDA BAND OF SENECA INDIANS"
5874,"TUSCARORA NATION"
5874,"TUSCARORA"
5875,"WYANDOTTE NATION"
5875,"WYANDOTTE"
5880,"KALISPEL INDIAN COMMUNITY OF THE KALISPEL RESERVATION"
5880,"KALISPEL"
5880,"KALISPEL INDIAN COMMUNITY"
5882,"KARUK TRIBE"
5882,"KARUK"
5884,"KAW NATION, OKLAHOMA"
5884,"KANZA"
5884,"KAW"
5884,"KAW NATION"
5887,"KICKAPOO TRADITIONAL TRIBE OF TEXAS"
5887,"KICKAPOO OF TEXAS"
5887,"KTTT"
5887,"TEXAS KICKAPOO"
5887,"THE TRIBE IN EAGLE PASS"
5888,"KICKAPOO TRIBE OF INDIANS OF THE KICKAPOO RESERVATION IN KANSAS"
5888,"KANSAS KICKAPOO"
5888,"KICKAPOO TRIBE IN KANSAS"
5888,"KICKAPOO TRIBE OF INDIANS IN KANSAS"
5889,"KICKAPOO TRIBE OF OKLAHOMA"
5889,"KICKAPOO OF OKLAHOMA"
5889,"OKLAHOMA KICKAPOO"
5892,"KIOWA INDIAN TRIBE OF OKLAHOMA"
5896,"KLAMATH TRIBES"
5896,"KLAMATH"
5896,"KLAMATH INDIAN TRIBE OF OREGON"
5896,"KLAMATH MODOC"
5896,"YAHOOSKIN BAND OF SNAKE"
5900,"KOOTENAI TRIBE OF IDAHO"
5900,"KOOTENAI"
5900,"KOOTENAI TRIBE"
5900,"KTUNAXA"
5913,"LA JOLLA BAND OF LUISENO INDIANS, CALIFORNIA"
5913,"LA JOLLA"
5913,"LA JOLLA BAND OF LUISENO MISSION INDIANS"
5913,"LA JOLLA MISSION"
5913,"LA JOLLA RESERVATION"
5913,"POTRERO"
5914,"PALA BAND OF MISSION INDIANS"
5914,"MISSION PALA"
5914,"PALA"
5914,"PALA BAND OF LUISENO MISSION INDIANS"
5914,"PALA CAHUILLA"
5914,"PALA MISSION"
5915,"PAUMA BAND OF LUISENO MISSION INDIANS OF THE PAUMA AND YUIMA RESERVATION, CALIFORNIA"
5915,"LUISENO PAUMA"
5915,"MISSION PAUMA"
5915,"PAUMA"
5915,"PAUMA & YUIMA RESERVATION"
5915,"PAUMA BAND MISSION"
5915,"PAUMA BAND OF LUISENO MISSION INDIANS"
5915,"PAUMA-YUIMA"
5915,"YUIMA"
5916,"PECHANGA BAND OF INDIANS"
5916,"MISSION PECHANGA"
5916,"PECHANGA"
5916,"PECHANGA BAND OF LUISENO MISSION INDIANS"
5916,"PECHANGA BAND OF LUISENO MISSION INDIANS OF THE PECHANGA RESERVATION, CALIFORNIA"
5916,"PECHANGA RESERVATION"
5917,"RINCON BAND OF LUISENO MISSION INDIANS OF RINCON RESERVATION, CALIFORNIA"
5917,"RINCON"
5917,"RINCON BAND OF LUISENO MISSION INDIANS"
5917,"RINCON RESERVATION"
5918,"SOBOBA BAND OF LUISENO INDIANS, CALIFORNIA"
5918,"MISSION SOBOBA"
5918,"SOBOBA"
5918,"SOBOBA BAND OF LUISENO INDIANS"
5918,"SOBOBA LUISENO"
5918,"SOBOBA MISSION"
5920,"TWENTY-NINE PALMS BAND OF MISSION INDIANS OF CALIFORNIA"
5920,"MISSION TWENTY-NINE PALMS"
5920,"TWENTY-NINE PALMS"
5920,"TWENTY-NINE PALMS BAND OF LUISENO MISSION INDIANS"
5920,"TWENTY-NINE PALMS RESERVATION"
5922,"CHERAW"
5922,"LUMBEE"
5922,"LUMBEE TRIBE OF NORTH CAROLINA"
5922,"LUMBERTON"
5922,"PEMBROKE"
5922,"PEMBROKE LUMBEE"
5922,"SAURA INDIAN"
5924,"LUMMI TRIBE OF THE LUMMI RESERVATION"
5924,"ALUMNI NATION"
5924,"LUMI ALASKAN"
5924,"LUMMI"
5924,"LUMMI BELLINGHAM"
5924,"LUMMI INDIAN NATION"
5924,"LUMMI TRIBE"
5924,"PAN LUMMIE"
5924,"SONGISH"
5927,"BERRY CREEK RANCHERIA OF MAIDU INDIANS OF CALIFORNIA"
5927,"BERRY CREEK"
5927,"BERRY CREEK RANCHERIA OF MAIDU INDIANS"
5927,"CREEK BERRY"
5927,"TYME MAIDU"
5928,"ENTERPRISE RANCHERIA OF MAIDU INDIANS OF CALIFORNIA"
5928,"ENTERPRISE"
5928,"ENTERPRISE RANCHERIA"
5928,"ENTERPRISE RANCHERIA OF MAIDU INDIANS"
5928,"ESTOM YUMEKA MAIDU"
5929,"GREENVILLE RANCHERIA"
5929,"GREENVILLE"
5929,"GREENVILLE RANCHERIA OF MAIDU INDIANS"
5930,"MECHOOPDA INDIAN TRIBE OF CHICO RANCHERIA, CALIFORNIA"
5930,"CHICO RANCHERIA"
5930,"MECHOOPDA"
5930,"MECHOOPDA INDIAN TRIBE OF CHICO RANCHERIA"
5931,"MOORETOWN RANCHERIA OF MAIDU INDIANS OF CALIFORNIA"
5931,"MOORETOWN RANCHERIA"
5931,"MOORETOWN RANCHERIA OF MAIDU INDIANS"
5934,"UNITED AUBURN INDIAN COMMUNITY OF THE AUBURN RANCHERIA OF CALIFORNIA"
5934,"UAIC"
5934,"UNITED AUBURN"
5934,"UNITED AUBURN INDIAN COMMUNITY"
5934,"UNITED AUBURN RANCHERIA"
5936,"MAKAH INDIAN TRIBE OF THE MAKAH INDIAN RESERVATION"
5936,"MAKAH"
5936,"MAKAH INDIAN TRIBE"
5939,"HOULTON BAND OF MALISEET INDIANS"
5939,"HOULTON"
5944,"UPPER MATTAPONI TRIBE"
5944,"THE UPPER MATTAPONI TRIBE"
5944,"UPPER MATTAPONI"
5948,"MENOMINEE INDIAN TRIBE OF WISCONSIN"
5948,"MENOMINEE"
5948,"MENOMINEE INDIAN TRIBE"
5955,"MIAMI TRIBE OF OKLAHOMA"
5955,"MIAMI OKLAHOMA"
5957,"MICCOSUKEE TRIBE OF INDIANS"
5957,"MICCOSUKEE"
5957,"MICCOSUKEE TRIBE OF INDIANS OF FLORIDA"
5960,"MI’KMAQ NATION"
5960,"AROOSTOOK BAND OF MICMAC INDIANS"
5960,"AROOSTOOK BAND OF MICMACS"
5965,"CAHUILLA BAND OF INDIANS"
5965,"CAHUILLA RANCHERIA"
5965,"MOUNTAIN CAHUILLA"
5970,"BUENA VISTA RANCHERIA OF ME-WUK INDIANS OF CALIFORNIA"
5970,"BUENA VISTA RANCHERIA"
5971,"CHICKEN RANCH RANCHERIA OF ME-WUK INDIANS OF CALIFORNIA"
5971,"CHICKEN RANCH"
5971,"CHICKEN RANCH RANCHERIA"
5971,"CHICKEN RANCH RANCHERIA OF ME-WUK INDIANS"
5972,"IONE BAND OF MIWOK INDIANS OF CALIFORNIA"
5972,"IONE"
5972,"IONE BAND OF MIWOK INDIANS"
5973,"JACKSON BAND OF MIWUK INDIANS"
5973,"JACKSON RANCHERIA"
5973,"JACKSON RANCHERIA OF ME-WUK INDIANS OF CALIFORNIA"
5974,"SHINGLE SPRINGS BAND OF MIWOK INDIANS, SHINGLE SPRINGS RANCHERIA (VERONA TRACT), CALIFORNIA"
5974,"SHINGLE SPRINGS"
5974,"SHINGLE SPRINGS BAND OF MIWOK INDIANS"
5974,"SHINGLE SPRINGS RANCHERIA"
5975,"TUOLUMNE BAND OF ME-WUK INDIANS OF THE TUOLUMNE RANCHERIA OF CALIFORNIA"
5975,"TUOLUMNE"
5975,"TUOLUMNE BAND OF ME-WUK INDIANS OF CALIFORNIA"
5975,"TUOLUMNE RANCHERIA"
5976,"WILTON RANCHERIA, CALIFORNIA"
5976,"WILTON"
5976,"WILTON RANCHERIA"
5980,"MODOC NATION"
5980,"THE MODOC TRIBE OF OKLAHOMA"
5984,"MOHEGAN TRIBE OF INDIANS OF CONNECTICUT"
5984,"MOHEGAN"
5984,"MOHEGAN INDIAN TRIBE"
5986,"MONACAN INDIAN NATION"
5989,"BIG SANDY RANCHERIA OF WESTERN MONO INDIANS OF CALIFORNIA"
5989,"BIG SANDY"
5990,"COLD SPRINGS RANCHERIA OF MONO INDIANS OF CALIFORNIA"
5990,"COLD SPRINGS"
5990,"COLD SPRINGS RANCHERIA OF MONO INDIANS"
5991,"NORTHFORK RANCHERIA OF MONO INDIANS OF CALIFORNIA"
5991,"NORTH FORK"
5991,"NORTH FORK RANCHERIA"
5991,"NORTH FORK RANCHERIA OF MONO INDIANS"
5997,"NARRAGANSETT INDIAN TRIBE"
5997,"NARRAGANSETT"
5999,"NAVAJO NATION, ARIZONA, NEW MEXICO, AND UTAH"
5999,"DINE"
5999,"NAVAJO"
5999,"NAVAJO DINE"
5999,"NAVAJO NATION"
6001,"NEZ PERCE TRIBE"
6001,"NEZ PERCE"
6001,"NEZ PERCE TRIBE OF IDAHO"
6001,"NIMIIPUU"
6009,"PASKENTA BAND OF NOMLAKI INDIANS OF CALIFORNIA"
6009,"PASKENTA"
6009,"PASKENTA BAND OF NOMLAKI INDIANS"
6023,"OMAHA TRIBE OF NEBRASKA"
6023,"OMAHA"
6025,"ONEIDA NATION"
6025,"ONEIDA NATION (WISCONSIN)"
6025,"ONEIDA OF WI"
6025,"ONEIDA OF WISCONSIN"
6025,"ONEIDA TRIBE"
6025,"ONEIDA TRIBE OF INDIANS"
6029,"THE OSAGE NATION"
6029,"OSAGE"
6029,"OSAGE NATION"
6029,"OSAGE TRIBE, OKLAHOMA"
6031,"OTOE-MISSOURIA TRIBE OF INDIANS, OKLAHOMA"
6031,"MISSOURIA "
6031,"OTOE"
6031,"OTOE MISSOURIA"
6031,"OTOE-MISSOURIA TRIBE OF INDIANS"
6035,"LITTLE RIVER BAND OF OTTAWA INDIANS, MICHIGAN"
6035,"LITTLE RIVER"
6035,"LITTLE RIVER BAND OF OTTAWA INDIANS OF MICHIGAN"
6035,"LRBOI"
6036,"LITTLE TRAVERSE BAY BANDS OF ODAWA INDIANS, MICHIGAN"
6036,"LITTLE TRAVERSE"
6036,"LITTLE TRAVERSE BAY BANDS OF ODAWA INDIANS"
6036,"LTBB"
6037,"OTTAWA TRIBE OF OKLAHOMA"
6044,"BIG PINE PAIUTE TRIBE OF THE OWENS VALLEY"
6044,"BIG PINE RESERVATION"
6045,"BRIDGEPORT INDIAN COLONY"
6045,"BRIDGEPORT"
6045,"BRIDGEPORT PAIUTE INDIAN COLONY"
6046,"BURNS PAIUTE TRIBE"
6046,"BURNS PAIUTE"
6047,"CEDARVILLE RANCHERIA, CALIFORNIA"
6047,"CEDARVILLE"
6047,"CEDARVILLE RANCHERIA"
6048,"FORT BIDWELL INDIAN COMMUNITY OF THE FORT BIDWELL RESERVATION OF CALIFORNIA"
6048,"FORT BIDWELL"
6048,"FORT BIDWELL INDIAN COMMUNITY"
6048,"FORT BIDWELL RESERVATION"
6049,"FORT INDEPENDENCE INDIAN COMMUNITY OF PAIUTE INDIANS OF THE FORT INDEPENDENCE RESERVATION, CALIFORNIA"
6049,"FORT INDEPENDENCE"
6049,"FORT INDEPENDENCE INDIAN COMMUNITY"
6049,"FORT INDEPENDENCE RESERVATION"
6050,"KAIBAB BAND OF PAIUTE INDIANS OF THE KAIBAB INDIAN RESERVATION, ARIZONA"
6050,"KAIBAB"
6050,"KAIBAB BAND OF PAIUTE INDIANS OF THE KAIBAB INDIAN RESERVATION"
6050,"KAIBAB PAIUTE TRIBE"
6051,"LAS VEGAS TRIBE OF PAIUTE INDIANS OF THE LAS VEGAS INDIAN COLONY, NEVADA"
6051,"LAS VEGAS TRIBE OF PAIUTE INDIANS OF THE LAS VEGAS INDIAN COLONY"
6052,"LOVELOCK PAIUTE TRIBE OF THE LOVELOCK INDIAN COLONY, NEVADA"
6054,"MOAPA BAND OF PAIUTE INDIANS OF THE MOAPA RIVER INDIAN RESERVATION, NEVADA"
6054,"MOAPA"
6056,"PAIUTE INDIAN TRIBE OF UTAH"
6056,"CEDAR BAND OF PAIUTES"
6056,"INDIAN PEAKS BAND OF PAIUTES"
6056,"KANOSH BAND OF PAIUTES"
6056,"KOOSHAREM BAND OF PAIUTES"
6056,"PAIUTE INDIAN TRIBE OF UTAH (SOUTHERN PAIUTE)"
6056,"PAIUTE OF UTAH"
6056,"SHIVWITS BAND OF PAIUTES"
6057,"PYRAMID LAKE PAIUTE TRIBE OF THE PYRAMID LAKE RESERVATION, NEVADA"
6057,"PLPT"
6057,"PYRAMID LAKE"
6057,"PYRAMID LAKE PAIUTE"
6057,"PYRAMID LAKE PAIUTE TRIBE"
6058,"SAN JUAN SOUTHERN PAIUTE TRIBE OF ARIZONA"
6059,"SUMMIT LAKE PAIUTE TRIBE OF NEVADA"
6059,"SUMMIT LAKE"
6060,"SUSANVILLE INDIAN RANCHERIA, CALIFORNIA"
6060,"SUSANVILLE"
6061,"UTU UTU GWAITU PAIUTE TRIBE OF THE BENTON PAIUTE RESERVATION, CALIFORNIA"
6061,"BENTON"
6061,"BENTON PAIUTE RESERVATION"
6061,"UTU UTU GWAITU PAIUTE TRIBE"
6062,"WALKER RIVER PAIUTE TRIBE OF THE WALKER RIVER RESERVATION, NEVADA"
6062,"WALKER RIVER"
6062,"WALKER RIVER PAIUTE"
6062,"WALKER RIVER PAIUTE TRIBE"
6063,"WINNEMUCCA INDIAN COLONY OF NEVADA"
6063,"WINNEMUCCA"
6065,"YERINGTON PAIUTE TRIBE OF THE YERINGTON COLONY AND CAMPBELL RANCH, NEVADA"
6065,"YERINGTON"
6065,"YERINGTON PAIUTE TRIBE"
6069,"FORT MCDERMITT PAIUTE AND SHOSHONE TRIBES OF THE FORT MCDERMITT INDIAN RESERVATION, NEVADA AND OREGON"
6069,"FORT MCDERMITT"
6069,"FORT MCDERMITT PAIUTE AND SHOSHONE TRIBE"
6069,"FORT MCDERMITT PAIUTE AND SHOSHONE TRIBE OF NEVADA AND OREGON"
6070,"LONE PINE PAIUTE-SHOSHONE TRIBE"
6070,"LONE PINE"
6070,"LONE PINE PAIUTE"
6070,"LONE PINE PAIUTE SHOSHONE"
6070,"LONE PINE RANCHERIA"
6070,"LONE PINE SHOSHONE"
6070,"PAIUTE SHOSHONE LONE PINE"
6071,"PAIUTE-SHOSHONE TRIBE OF THE FALLON RESERVATION AND COLONY, NEVADA"
6071,"FALLON BUSINESS COUNCIL"
6071,"FALLON PAIUTE"
6071,"FALLON PAIUTE SHOSHONE"
6071,"FALLON SHOSHONE"
6071,"FALLON SHOSHONE PAIUTE"
6071,"PAIUTE SHOSHONE FALLON"
6072,"BISHOP PAIUTE TRIBE"
6072,"BISHOP PAIUTE"
6072,"BISHOP PAIUTE RESERVATION"
6072,"BISHOP PAIUTE SHOSHONE"
6072,"BISHOP PAIUTE TRIBE OF THE OWENS VALLEY"
6072,"BISHOP SHOSHONE"
6072,"BISHOP SHOSHONE PAIUTE"
6072,"OWENS VALLEY PAIUTE"
6072,"PAIUTE BISHOP"
6072,"PAIUTE SHOSHONE BISHOP"
6072,"SHOSHONE BISHOP"
6073,"SHOSHONE-PAIUTE TRIBES OF THE DUCK VALLEY RESERVATION, NEVADA"
6073,"DUCK VALLEY"
6073,"DUCK VALLEY PAIUTE"
6073,"DUCK VALLEY PAIUTE SHOSHONE"
6073,"DUCK VALLEY SHOSHONE"
6073,"DUCK VALLEY SHOSHONE PAIUTE"
6073,"PAIUTE DUCK VALLEY"
6073,"SHOSHONE DUCK VALLEY"
6073,"SHOSHONE-PAIUTE"
6073,"SHOSHONE-PAIUTE TRIBES OF THE DUCK VALLEY RESERVATION"
6078,"PAMUNKEY INDIAN TRIBE"
6078,"PAMUNKEY"
6081,"PASSAMAQUODDY TRIBE"
6081,"INDIAN TOWNSHIP"
6081,"PASSAMAQUODDY"
6081,"PASSAMAQUODDY INDIAN TOWNSHIP"
6081,"PASSAMAQUODDY PLEASANT POINT "
6081,"PLEASANT POINT PASSAMAQUODDY"
6086,"PAWNEE NATION OF OKLAHOMA"
6090,"PENOBSCOT NATION"
6090,"PENOBSCOT"
6090,"PENOBSCOT TRIBE OF MAINE"
6093,"PEORIA TRIBE OF INDIANS OF OKLAHOMA"
6093,"KASKASKIA INDIAN "
6093,"PEORIA"
6093,"PEORIA TRIBE"
6093,"TAMAROA TRIBE"
6099,"MASHANTUCKET PEQUOT INDIAN TRIBE"
6099,"MASHANTUCKET PEQUOT"
6099,"MASHANTUCKET PEQUOT TRIBE OF CONNECTICUT"
6099,"MASHANTUCKET WESTERN PEQUOT TRIBE"
6103,"GILA RIVER INDIAN COMMUNITY OF THE GILA RIVER INDIAN RESERVATION, ARIZONA"
6103,"GILA RIVER"
6103,"GILA RIVER INDIAN"
6103,"GILA RIVER INDIAN COMMUNITY"
6103,"GILA RIVER INDIAN COMMUNITY OF THE GILA RIVER INDIAN RESERVATION"
6103,"GRIC"
6105,"SALT RIVER PIMA-MARICOPA INDIAN COMMUNITY OF THE SALT RIVER RESERVATION, ARIZONA"
6105,"SALT RIVER"
6105,"SALT RIVER PIMA"
6105,"SALT RIVER PIMA MARICOPA INDIAN COMMUNITY"
6105,"SRPMI"
6105,"SRPMIC"
6112,"ALTURAS INDIAN RANCHERIA, CALIFORNIA"
6112,"ALTURAS"
6112,"ALTURAS INDIAN RANCHERIA"
6113,"PIT RIVER TRIBE, CALIFORNIA"
6113,"PIT RIVER"
6113,"PIT RIVER TRIBE OF CALIFORNIA"
6118,"BIG VALLEY BAND OF POMO INDIANS OF THE BIG VALLEY RANCHERIA, CALIFORNIA"
6118,"BIG VALLEY BAND OF POMO INDIANS"
6118,"BIG VALLEY BAND OF POMO INDIANS OF THE BIG VALLEY RANCHERIA"
6118,"BIG VALLEY RANCHERIA"
6120,"CLOVERDALE RANCHERIA OF POMO INDIANS OF CALIFORNIA"
6120,"CLOVERDALE"
6120,"CLOVERDALE RANCHERIA"
6121,"COYOTE VALLEY BAND OF POMO INDIANS OF CALIFORNIA"
6121,"COYOTE VALLEY"
6122,"DRY CREEK RANCHERIA BAND OF POMO INDIANS, CALIFORNIA"
6122,"DRY CREEK"
6122,"DRY CREEK RANCHERIA"
6122,"DRY CREEK RANCHERIA POMO"
6124,"ELEM INDIAN COLONY OF POMO INDIANS OF THE SULPHUR BANK RANCHERIA, CALIFORNIA"
6124,"ELEM"
6124,"ELEM INDIAN COLONY"
6124,"ELEM INDIAN COLONY OF THE SULPHUR BANK RANCHERIA"
6125,"FEDERATED INDIANS OF GRATON RANCHERIA, CALIFORNIA"
6125,"COAST MIWOK"
6125,"COAST POMO"
6125,"FEDERATED INDIANS OF GRATON"
6125,"FEDERATED INDIANS OF GRATON RANCHERIA"
6125,"FIGR"
6125,"GRATON RANCHERIA"
6126,"GUIDIVILLE RANCHERIA OF CALIFORNIA"
6126,"GUIDIVILLE"
6126,"GUIDIVILLE RANCHERIA"
6127,"HABEMATOLEL POMO OF UPPER LAKE, CALIFORNIA"
6127,"HABEMATOLEL"
6127,"HABEMATOLEL POMO OF UPPER LAKE"
6127,"UPPER LAKE BAND POMO INDIANS UPPER LAKE RANCHERIA"
6127,"UPPER LAKE RANCHERIA"
6128,"HOPLAND BAND OF POMO INDIANS, CALIFORNIA"
6128,"HOPLAND"
6128,"HOPLAND BAND OF POMO INDIANS"
6128,"HOPLAND RANCHERIA"
6129,"KASHIA BAND OF POMO INDIANS OF THE STEWARTS POINT RANCHERIA, CALIFORNIA"
6129,"KASHIA"
6129,"KASHIA BAND OF POMO INDIANS OF THE STEWARTS POINT RANCHERIA"
6129,"STEWARTS POINT RANCHERIA"
6130,"KOI NATION OF NORTHERN CALIFORNIA"
6130,"LOWER LAKE RANCHERIA"
6130,"LOWER LAKE RANCHERIA KOI NATION"
6131,"LYTTON RANCHERIA OF CALIFORNIA"
6132,"MANCHESTER BAND OF POMO INDIANS OF THE MANCHESTER RANCHERIA, CALIFORNIA"
6132,"MANCHESTER BAND OF POMO INDIANS"
6132,"MANCHESTER POINT ARENA"
6132,"MANCHESTER RANCHERIA"
6132,"POINT ARENA"
6133,"MIDDLETOWN RANCHERIA OF POMO INDIANS OF CALIFORNIA"
6133,"MIDDLETOWN RANCHERIA"
6133,"MIDDLETOWN RANCHERIA OF POMO INDIANS"
6135,"PINOLEVILLE POMO NATION, CALIFORNIA"
6135,"PINOLEVILLE"
6135,"PINOLEVILLE POMO NATION"
6135,"PINOLEVILLE RANCHERIA"
6136,"POTTER VALLEY TRIBE, CALIFORNIA"
6136,"POTTER VALLEY"
6136,"POTTER VALLEY TRIBE"
6137,"REDWOOD VALLEY OR LITTLE RIVER BAND OF POMO INDIANS OF THE REDWOOD VALLEY RANCHERIA CALIFORNIA"
6137,"LITTLE RIVER BAND OF POMO INDIANS"
6137,"LITTLE RIVER BAND REDWOOD VALLEY"
6137,"REDWOOD VALLEY"
6137,"REDWOOD VALLEY RANCHERIA"
6138,"ROBINSON RANCHERIA"
6138,"ROBINSON RANCHERIA OF POMO INDIANS"
6139,"SCOTTS VALLEY BAND OF POMO INDIANS OF CALIFORNIA"
6139,"SCOTTS VALLEY"
6139,"SCOTTS VALLEY RANCHERIA"
6140,"SHERWOOD VALLEY RANCHERIA OF POMO INDIANS OF CALIFORNIA"
6140,"SHERWOOD VALLEY"
6140,"SHERWOOD VALLEY RANCHERIA"
6148,"PONCA TRIBE OF INDIANS OF OKLAHOMA"
6148,"PONCA TRIBE OF OKLAHOMA"
6149,"PONCA TRIBE OF NEBRASKA"
6149,"PONCA OF NEBRASKA"
6153,"CITIZEN POTAWATOMI NATION, OKLAHOMA"
6153,"CITIZEN BAND POTAWATOMI"
6153,"CITIZEN BAND POTAWATOMI OF OKLAHOMA"
6153,"CITIZEN POTAWATOMI NATION"
6153,"CPN"
6153,"MISSION BAND OF POTAWATOMI"
6153,"OKLAHOMA POTAWATOMI"
6153,"POTAWATOMI CITIZEN BAND"
6153,"POTAWATOMI OKLAHOMA"
6153,"POTAWATOMIE OF OKLAHOMA"
6153,"SACRED HEART BAND OF POTAWATOMI"
6153,"ST JOSEPH POTAWATOMI"
6154,"FOREST COUNTY POTAWATOMI COMMUNITY, WISCONSIN"
6154,"FOREST COUNTY"
6154,"FOREST COUNTY POTAWATOMI"
6154,"POTAWATOMI WISCONSIN"
6154,"STONE LAKE WISC POTAWATOMI"
6154,"WISCONSIN POTAWATOMI"
6154,"WISCONSIN POTOWATOMI"
6155,"HANNAHVILLE INDIAN COMMUNITY, MICHIGAN"
6155,"HANNAHVILLE"
6155,"HANNAHVILLE INDIAN COMMUNITY"
6155,"HANNAHVILLE INDIAN COMMUNITY OF WISC POTAWATOMI"
6155,"HANNAHVILLE INDIAN COMMUNITY POTAWATOMI"
6155,"HANNAHVILLE INDIAN RESERVATION"
6155,"HANNAHVILLE POTAWATOMI INDIAN TRIBE, MICHIGAN"
6156,"MATCH-E-BE-NASH-SHE-WISH BAND OF POTTAWATOMI INDIANS OF MICHIGAN"
6156,"GUN LAKE"
6156,"GUN LAKE POTAWATOMI"
6156,"GUN LAKE TRIBE"
6156,"MATCH E BE NASH SHE WISH"
6156,"MATCH E BE NASH SHE WISH BAND"
6156,"MATCH E BE NASH SHE WISH POTAWATOMI"
6156,"MATCH-E-BE-NASH-SHE-WISH BAND OF POTTAWATOMI INDIANS"
6156,"MATCH-E-BE-NASH-SHE-WISH POTTAWATOMI"
6157,"NOTTAWASEPPI HURON BAND OF THE POTAWATOMI, MICHIGAN"
6157,"HURON NOTTAWASEPPI"
6157,"HURON POTAWATOMI"
6157,"HURON POTAWATOMI, INC"
6157,"NHBP"
6157,"NOTTAWASEPPI POTAWATOMI"
6158,"POKAGON BAND OF POTAWATOMI INDIANS, MICHIGAN AND INDIANA"
6158,"POGAGON"
6158,"POGAGON POTAWATOMI"
6158,"POKAGON BAND OF POTAWATOMI"
6158,"POKAGON BAND OF POTAWATOMI INDIANS"
6158,"POTAWATOMI POGAGON"
6158,"POTOWATOMI PAGAGAN"
6159,"PRAIRIE BAND POTAWATOMI NATION"
6159,"KANSAS POTAWATOMI"
6159,"POTAWATOMI PRAIRIE BAND"
6159,"PRAIRIE BAND"
6159,"PRAIRIE BAND OF POTOWATOMI"
6159,"PRAIRIE BAND OF POTOWATOMI INDIANS"
6165,"OHKAY OWINGEH, NEW MEXICO"
6165,"OHKAY OWINGEH"
6165,"SAN JUAN PUEBLO"
6167,"PUEBLO OF ACOMA, NEW MEXICO"
6167,"ACOMA"
6167,"ACOMA PUEBLO"
6167,"HAAKU"
6167,"PUEBLO OF ACOMA"
6168,"PUEBLO OF COCHITI, NEW MEXICO"
6168,"COCHITI PUEBLO"
6168,"KOTYIT"
6168,"PUEBLO DE COCHITI"
6168,"PUEBLO OF COCHITI"
6169,"PUEBLO OF ISLETA, NEW MEXICO"
6169,"ISLETA"
6169,"PUEBLO OF ISLETA"
6169,"TUE-I"
6170,"PUEBLO OF JEMEZ, NEW MEXICO"
6170,"JEMEZ"
6170,"JEMEZ PUEBLO"
6170,"PUEBLO OF JEMEZ"
6170,"WALATOWA"
6171,"PUEBLO OF LAGUNA, NEW MEXICO"
6171,"KA'WAIKA"
6171,"LAGUNA"
6171,"LAGUNA PUEBLO"
6171,"PUEBLO OF LAGUNA"
6172,"PUEBLO OF NAMBE, NEW MEXICO"
6172,"NAMBE"
6172,"NAMBE O WEEN GE"
6172,"NAMBE PUEBLO"
6172,"NAMBE TEWA"
6172,"NAMBE'O-WEEN-GE'"
6172,"PUEBLO NAMBE"
6172,"PUEBLO OF NAMBE"
6173,"PUEBLO OF PICURIS, NEW MEXICO"
6173,"PE'EWI"
6173,"PICURIS"
6173,"PICURIS PUEBLO"
6173,"PUEBLO OF PICURIS"
6173,"PUEBLO PICURIS"
6174,"PUEBLO OF POJOAQUE, NEW MEXICO"
6174,"POJOAQUE"
6174,"POJOAQUE PUEBLO"
6174,"POJOAQUE VALLEY"
6174,"PO-SUWAE-GEH"
6174,"PUEBLO OF POJOAQUE"
6175,"PUEBLO OF SAN FELIPE, NEW MEXICO"
6175,"KATISHTYA"
6175,"PUEBLO OF SAN FELIPE"
6175,"SAN FELIPE"
6175,"SAN FELIPE PUEBLO"
6176,"PUEBLO OF SAN ILDEFONSO, NEW MEXICO"
6176,"PO-WOH-GE-OWEENGE"
6176,"PUEBLO OF SAN ILDEFONSO"
6176,"PUEBLO SAN ILDEFONSO"
6176,"SAN ILDEFONSO"
6176,"SAN ILDEFONSO PUEBLO"
6177,"PUEBLO OF SANDIA, NEW MEXICO"
6177,"NA-FIAT"
6177,"PUEBLO OF SANDIA"
6177,"PUEBLO SANDIA"
6177,"SANDIA"
6177,"SANDIA PUEBLO"
6178,"PUEBLO OF SANTA ANA, NEW MEXICO"
6178,"PUEBLO OF SANTA ANA"
6178,"PUEBLO SANTA ANA"
6178,"SANTA ANA PUEBLO"
6178,"TAMAYA"
6179,"PUEBLO OF SANTA CLARA, NEW MEXICO"
6179,"KAH'P'OO OWINGE"
6179,"PUEBLO OF SANTA CLARA"
6179,"PUEBLO SANTA CLARA"
6179,"SANTA CLARA PUEBLO"
6180,"SANTO DOMINGO PUEBLO"
6180,"KEWA"
6180,"KEWA PUEBLO"
6180,"KEWA PUEBLO, NEW MEXICO"
6180,"PUEBLO KEWA"
6180,"PUEBLO SANTO DOMINGO"
6180,"SAN DOMINGO PUEBLO"
6180,"SAN DOMINGO TRIBE"
6180,"SANTO DOMINGO TRIBE"
6181,"PUEBLO OF TAOS, NEW MEXICO"
6181,"PUEBLO OF TAOS"
6181,"TAOS PUEBLO"
6181,"TUAH-TAH"
6182,"PUEBLO OF TESUQUE, NEW MEXICO"
6182,"PUEBLO OF TESUQUE"
6182,"PUEBLO TESUQUE"
6182,"TESUQUE"
6182,"TESUQUE PUEBLO"
6182,"TET-SUGEH"
6183,"PUEBLO OF ZIA, NEW MEXICO"
6183,"PUEBLO OF ZIA"
6183,"TSI-YA"
6183,"ZIA PUEBLO"
6185,"YSLETA DEL SUR PUEBLO"
6185,"TIGUA"
6185,"YSLETA DEL SUR"
6185,"YSLETA DEL SUR PUEBLO OF TEXAS"
6186,"ZUNI TRIBE OF THE ZUNI RESERVATION, NEW MEXICO"
6186,"ASHIWI"
6186,"PUEBLO OF ZUNI"
6186,"ZUNI"
6186,"ZUNI PUEBLO"
6186,"ZUNI TRIBE"
6186,"ZUNI TRIBE OF THE ZUNI RESERVATION"
6194,"MUCKLESHOOT INDIAN TRIBE"
6194,"MUCKLESHOOT"
6195,"NISQUALLY INDIAN TRIBE"
6195,"NISQUALLY"
6196,"NOOKSACK INDIAN TRIBE"
6196,"MARIETTA BAND OF NOOKSACK"
6196,"NOOKSACK"
6197,"PUYALLUP TRIBE OF THE PUYALLUP RESERVATION"
6197,"PUYALLUP"
6197,"PUYALLUP TRIBE"
6198,"SAMISH INDIAN NATION"
6198,"SAMISH"
6199,"SAUK-SUIATTLE INDIAN TRIBE"
6199,"SAUK-SUIATTLE"
6200,"SKOKOMISH INDIAN TRIBE"
6200,"SKOKOMISH"
6203,"SNOQUALMIE INDIAN TRIBE"
6203,"SNOQUALMIE"
6204,"SQUAXIN ISLAND TRIBE OF THE SQUAXIN ISLAND RESERVATION"
6204,"SQUAXIN"
6204,"SQUAXIN ISLAND"
6204,"SQUAXIN ISLAND TRIBE OF THE SQUAXIN ISLAND RESERVATION, WASHINGTON"
6206,"STILLAGUAMISH TRIBE OF INDIANS OF WASHINGTON"
6206,"STILLAGUAMISH"
6207,"SWINOMISH INDIAN TRIBAL COMMUNITY"
6207,"SWINOMISH"
6208,"SUQUAMISH INDIAN TRIBE OF THE PORT MADISON RESERVATION"
6208,"ETAKMUR"
6208,"PORT MADISON"
6208,"SHAKTABSH"
6208,"SUQUAMISH"
6208,"SUQUAMISH OLYMPIC"
6208,"THE SUQUAMISH TRIBE"
6209,"TULALIP TRIBES OF WASHINGTON"
6209,"TULALIP"
6210,"UPPER SKAGIT INDIAN TRIBE"
6210,"UPPER SKAGIT"
6214,"QUAPAW NATION"
6214,"QUAPAW"
6214,"QUAPAW TRIBE OF INDIANS, OKLAHOMA"
6214,"THE QUAPAW TRIBE OF INDIANS"
6216,"QUINAULT INDIAN NATION"
6216,"QUINAULT"
6216,"QUINAULT TRIBE"
6218,"RAPPAHANNOCK TRIBE, INC."
6218,"RAPPAHANNOCK"
6218,"RAPPAHANNOCK INDIAN TRIBE"
6220,"RENO-SPARKS INDIAN COLONY, NEVADA"
6220,"PAIUTE RENO"
6220,"PAIUTE RENO SPARKS"
6220,"RENO SPARKS INDIAN COLONY"
6220,"RENO SPARKS PAIUTE"
6220,"RENO SPARKS SHOSHONE"
6220,"RENO SPARKS WASHOE"
6220,"RENO-SPARKS"
6220,"RSIC"
6220,"WASHOE RENO SPARKS"
6222,"ROUND VALLEY INDIAN TRIBES, ROUND VALLEY RESERVATION, CALIFORNIA"
6222,"COVELO"
6222,"ROUND VALLEY"
6222,"ROUND VALLEY INDIAN TRIBES"
6225,"JAMESTOWN S’KLALLAM TRIBE"
6225,"JAMESTOWN"
6225,"JAMESTOWN S’KLALLAM TRIBE OF WASHINGTON"
6226,"LOWER ELWHA TRIBAL COMMUNITY"
6226,"ELWHA KLALLAM"
6226,"ELWHA TRIBAL COMMUNITY"
6227,"PORT GAMBLE S'KLALLAM TRIBE"
6227,"PORT GAMBLE"
6230,"SAC AND FOX NATION OF MISSOURI IN KANSAS AND NEBRASKA"
6230,"MISSOURI SAC AND FOX"
6230,"SAC AND FOX MISSOURI"
6230,"SAC AND FOX OF MISSOURI"
6231,"SAC AND FOX NATION, OKLAHOMA"
6231,"OKLAHOMA SAC AND FOX"
6231,"SAC AND FOX NATION OF OKLAHOMA"
6232,"SAC AND FOX TRIBE OF THE MISSISSIPPI IN IOWA"
6232,"FOX"
6232,"FOX NATION"
6232,"MESKWAKI NATION"
6232,"MESQUAKIE"
6232,"OUTAGAMI"
6232,"SAC AND FOX OF MISSISSIPPI"
6232,"SAC FOX MESKWAKI"
6232,"TAMA INDIAN"
6238,"CONFEDERATED SALISH AND KOOTENAI TRIBES OF THE FLATHEAD RESERVATION"
6238,"BITTERROOT SALISH"
6238,"CONFEDERATED SALISH"
6238,"CONFEDERATED SALISH AND KOOTENAI TRIBES OF THE FLATHEAD NATION"
6238,"CSKT"
6238,"FLATHEAD"
6238,"KOOTENAI SALISH"
6238,"PEND D'OREILLE"
6238,"SALISH AND KOOTENAI TRIBES"
6238,"SALISH KOOTENAI"
6238,"SALISH KTUNAXA"
6250,"SEMINOLE TRIBE OF FLORIDA"
6250,"BIG CYPRESS RESERVATION"
6250,"BIG CYPRESS SEMINOLE"
6250,"BRIGHTON RESERVATION"
6250,"BRIGHTON SEMINOLE"
6250,"DANIA"
6250,"HOLLYWOOD RESERVATION"
6250,"HOLLYWOOD RESERVATION (DANIA)"
6250,"IMMOKALEE RESERVATION"
6250,"OSCEOLA SEMINOLE"
6250,"SEMINOLE BIG CYPRESS"
6250,"SEMINOLE BRIGHTON"
6250,"SEMINOLE FLORIDA"
6250,"SEMINOLE TA-MIAMI"
6250,"SEMINOLE TAMPA"
6250,"STOF"
6250,"TA-MIAMI SEMINOLES"
6250,"TAMPA RESERVATION"
6250,"TAMPA SEMINOLE"
6251,"THE SEMINOLE NATION OF OKLAHOMA"
6251,"OKLAHOMA SEMINOLE"
6251,"SEMINOLE NATION"
6251,"SEMINOLE OKLAHOMA"
6260,"YUHAAVIATAM OF SAN MANUEL NATION"
6260,"SAN MANUEL BAND"
6260,"SAN MANUEL BAND OF MISSION INDIANS, CALIFORNIA"
6260,"SAN MANUEL MISSION"
6260,"SAN MANUEL SERRANO INDIAN"
6260,"YUHAAVIATAM"
6265,"QUARTZ VALLEY INDIAN COMMUNITY OF THE QUARTZ VALLEY RESERVATION OF CALIFORNIA"
6265,"ANAV TRIBE"
6265,"QUARTZ VALLEY"
6265,"QUARTZ VALLEY INDIAN RESERVATION"
6270,"ABSENTEE-SHAWNEE TRIBE OF INDIANS OF OKLAHOMA"
6270,"ABSENTEE SHAWNEE"
6270,"AST SHAWNEE"
6272,"EASTERN SHAWNEE TRIBE OF OKLAHOMA"
6272,"EASTERN SHAWNEE"
6272,"SHAWNEE EASTERN"
6275,"SHAWNEE TRIBE"
6275,"CHEROKEE BAND OF SHAWNEE"
6275,"CHEROKEE SHAWNEE"
6275,"CHEROKEE SHAWNEE BAND"
6275,"CHEROKEE SHAWNEE TRIBE"
6275,"LOYAL SHAWNEE TRIBE"
6275,"SHAWNEE CHEROKEE"
6275,"SHAWNEE LOYAL"
6275,"SHAWNEE TRIBE, OKLAHOMA"
6279,"SHINNECOCK INDIAN NATION"
6279,"SHINNECOCK"
6281,"SHOALWATER BAY INDIAN TRIBE OF THE SHOALWATER BAY INDIAN RESERVATION"
6281,"SHOALWATER"
6281,"SHOALWATER BAY"
6281,"SHOALWATER BAY INDIAN TRIBE"
6281,"SHOALWATER BAY TRIBE OF SHOALWATER BAY RESERVATION, WASH."
6284,"CONFEDERATED TRIBES OF THE GOSHUTE RESERVATION, NEVADA AND UTAH"
6284,"CONFED. TRIBES OF THE GOSHUTE RESERVATION, NEVADA & UTAH"
6284,"CONFEDERATED GOSHUTE"
6284,"CONFEDERATED TRIBES OF THE GOSHUTE RESERVATION"
6284,"COSO"
6284,"GOSHIP"
6284,"GOSHIP UTES"
6284,"GOSHUTE CONFEDERATED"
6284,"GOSHUTE INDIAN"
6285,"TIMBISHA SHOSHONE TRIBE"
6285,"DEATH VALLEY TIMBA-SHA"
6285,"DEATH VALLEY TIMBA-SHA SHOSHONE"
6285,"KOSO"
6285,"PANAMINT"
6285,"SHOSHONE TIMBI SHA"
6285,"TIMBA SHA SHOSHONE"
6285,"TIMBA-SHA"
6285,"TIMBA-SHA RESERVATION"
6285,"TIMBI SHA"
6285,"TIMBISHA SHOSHONE"
6286,"DUCKWATER SHOSHONE TRIBE OF THE DUCKWATER RESERVATION, NEVADA"
6286,"DUCKWATER"
6286,"DUCKWATER SHOSHONE"
6286,"DUCKWATER SHOSHONE TRIBE"
6286,"DUCKWATER TRIBE"
6286,"SHOSHONE DUCKWATER"
6287,"EASTERN SHOSHONE TRIBE OF THE WIND RIVER RESERVATION, WYOMING"
6287,"EAST SHOSHONE"
6287,"EASTERN SHOSHONE"
6287,"FORT WASHAKIE"
6287,"SHOSHONE TRIBE OF THE WIND RIVER"
6287,"WIND RIVER SHOSHONE"
6288,"ELY SHOSHONE TRIBE OF NEVADA"
6288,"ELY COLONY"
6288,"ELY SHOSHONE"
6288,"ELY SHOSHONE TRIBE"
6288,"SHOSHONE ELY"
6289,"NORTHWESTERN BAND OF THE SHOSHONE NATION"
6289,"NORTHWESTERN BAND OF SHOSHONE"
6289,"NORTHWESTERN BAND OF SHOSHONE OF WASHAKIE UTAH"
6289,"NORTHWESTERN BAND OF SHOSHONI NATION OF UTAH (WASHAKIE)"
6289,"NORTHWESTERN SHOSHONE"
6289,"NW BAND OF SHOSHONE"
6289,"NWB SHOSHONE"
6289,"NWBS"
6289,"SHOSHONE NATION OF UTAH"
6289,"SHOSHONE NORTHWESTERN"
6289,"SHOSHONE WASHAKIE"
6289,"WASHAKIE"
6289,"WASHAKIE SHOSHONE"
6290,"SKULL VALLEY BAND OF GOSHUTE INDIANS OF UTAH"
6290,"SKULL VALLEY"
6290,"SKULL VALLEY BAND OF GOSHUTE INDIANS"
6290,"SKULL VALLEY GOSHUTE"
6290,"SKULL VALLEY RESERVATION"
6290,"SKULL VALLEY SHOSHONE"
6291,"YOMBA SHOSHONE TRIBE OF THE YOMBA RESERVATION, NEVADA"
6291,"BEOWAWE"
6291,"SHOSHONE YOMBA"
6291,"YOMBA"
6291,"YOMBA SHOSHONE"
6291,"YOMBA SHOSHONE TRIBE"
6293,"CONFEDERATED TRIBES OF SILETZ INDIANS OF OREGON"
6293,"CONF TRIBE SILETZ INDIANS"
6293,"CONFEDERATED SILETZ (CTSI)"
6293,"CTSI"
6293,"SHASTA COSTA"
6293,"SILETZ"
6293,"SILETZ TRIBE"
6297,"CHEYENNE RIVER SIOUX TRIBE OF THE CHEYENNE RIVER RESERVATION, SOUTH DAKOTA"
6297,"BLACKFOOT SIOUX"
6297,"CHEYENNE RIVER"
6297,"CHEYENNE RIVER SIOUX"
6297,"CHEYENNE RIVER SIOUX CHEYENNE RIVER RESERVATION"
6297,"CHEYENNE RIVER SIOUX TRIBE"
6297,"CRST"
6297,"EAGLE BUTTE SIOUX"
6297,"ITAZIPCHO"
6297,"ITAZIPCO"
6297,"LAKOTA BLACKFOOT"
6297,"MINICONJOU"
6297,"OOHENUMPA"
6297,"SIHA SAPA SIOUX"
6297,"SIHASAPA"
6297,"SIOUX BLACKFOOT"
6297,"SIOUX CHEYENNE RIVER"
6297,"SIOUX EAGLE BUTTE"
6297,"SIOUX OOHENONPA"
6297,"SIOUX OOHENUMPA"
6297,"SIOUX SANS ARC"
6297,"SIOUX TWO KETTLE"
6297,"TWO KETTLE SIOUX"
6298,"CROW CREEK SIOUX TRIBE OF THE CROW CREEK RESERVATION, SOUTH DAKOTA"
6298,"CCST"
6298,"CROW CREEK"
6298,"CROW CREEK DAKOTA"
6298,"CROW CREEK SIOUX"
6298,"CROW CREEK SIOUX TRIBE (CCST)"
6298,"CROW CREEK SIOUX TRIBE CROW CREEK RESERVATION"
6298,"CROW CREEK SIOUX TRIBE OF THE CROW CREEK RESERVATION SOUTH DAKOTA (CCST)"
6298,"CROW CREEK YANKTON SIOUX"
6298,"FORT THOMPSON"
6298,"HUNKPATI"
6298,"HUNKPATI SIOUX"
6298,"SIOUX CROW CREEK"
6298,"SIOUX HUNKPATI"
6300,"FLANDREAU SANTEE SIOUX TRIBE OF SOUTH DAKOTA"
6300,"FLANDREAU"
6300,"FLANDREAU SANTEE"
6300,"FLANDREAU SANTEE SIOUX"
6300,"FLANDREAU SIOUX"
6300,"FSST"
6300,"SANTEE FLANDREAU"
6300,"SANTEE SIOUX FLANDREAU"
6301,"LOWER BRULE SIOUX TRIBE OF THE LOWER BRULE RESERVATION, SOUTH DAKOTA"
6301,"KUL WICSAS OYATE"
6301,"LOWER BRULE"
6301,"LOWER BRULE SIOUX"
6301,"LOWER BRULE SIOUX TRIBE LOWER BRULE RESERVATION"
6301,"SIOUX LOWER BRULE"
6302,"LOWER SIOUX INDIAN COMMUNITY IN THE STATE OF MINNESOTA"
6302,"LOWER SIOUX"
6302,"LOWER SIOUX INDIAN COMMUNITY MINNESOTA"
6302,"LOWER SIOUX INDIAN COMMUNITY OF MINNESOTA"
6302,"LOWER SIOUX MDEWAKANTON"
6302,"MDEWAKANTON LOWER SIOUX"
6304,"OGLALA"
6304,"OGLALA LAKOTA"
6304,"OGLALA OYANKE"
6304,"OGLALA PINE RIDGE"
6304,"OGLALA SIOUX"
6304,"OGLALA SIOUX TRIBE"
6304,"OGLALA SIOUX TRIBE OF THE PINE RIDGE RESERVATION"
6304,"OGLALA SIOUX TRIBE OF THE PINE RIDGE RESERVATION, SOUTH DAKOTA"
6304,"OST"
6304,"OST SIOUX"
6304,"PINE RIDGE"
6304,"PINE RIDGE OGLALA"
6304,"PINE RIDGE SIOUX"
6304,"SIOUX OGLALA"
6304,"SIOUX PINE RIDGE"
6306,"PRAIRIE ISLAND INDIAN COMMUNITY IN THE STATE OF MINNESOTA"
6306,"MDEWAKANTON PRAIRIE ISLAND"
6306,"MINN PRAIRIE ISLAND"
6306,"MN PRAIRIE ISLAND"
6306,"PRAIRIE ISLAND"
6306,"PRAIRIE ISLAND INDIAN COMMUNITY"
6306,"PRAIRIE ISLAND MDEWAKANTON SIOUX"
6306,"PRAIRIE ISLAND SIOUX"
6306,"SIOUX PRAIRIE"
6306,"SIOUX PRAIRIE ISLAND"
6307,"ROSEBUD SIOUX TRIBE OF THE ROSEBUD INDIAN RESERVATION, SOUTH DAKOTA"
6307,"ROSEBUD"
6307,"ROSEBUD SIOUX"
6307,"ROSEBUD SIOUX TRIBE OF THE ROSEBUD RESERVATION"
6307,"SICANGU"
6307,"SICANGU LAKOTA"
6307,"SICANGU OYATE"
6307,"SICANGU SIOUX"
6307,"SIOUX ROSEBUD"
6308,"SANTEE SIOUX NATION, NEBRASKA"
6308,"ISANTI"
6308,"MDEWAKANTON SANTEE SIOUX"
6308,"SANTEE SIOUX"
6308,"SANTEE SIOUX MDEWAKANTON"
6308,"SANTEE SIOUX OF NE"
6308,"SANTEE SIOUX OF NEBRASKA"
6308,"SIOUX SANTEE"
6309,"SHAKOPEE MDEWAKANTON SIOUX COMMUNITY OF MINNESOTA"
6309,"MDEWAKANTON SHAKOPEE SIOUX"
6309,"PRIOR LAKE"
6309,"PRIOR LAKE SIOUX"
6309,"SHAKOPEE"
6309,"SHAKOPEE MDEWAKANTON SIOUX"
6309,"SHAKOPEE MDEWAKANTON SIOUX COMMUNITY"
6309,"SIOUX PRIOR LAKE"
6309,"SIOUX SHAKOPEE MDEWAKANTON"
6309,"SMSC"
6310,"SISSETON-WAHPETON OYATE OF THE LAKE TRAVERSE RESERVATION, SOUTH DAKOTA"
6310,"CHONGASKETHON"
6310,"CHONGASKETHON DOG"
6310,"DAKOTA SISSETON"
6310,"LAKE TRAVERSE"
6310,"LAKE TRAVERSE SIOUX"
6310,"MDEWAKANTON SISSETON"
6310,"SHAHSWEENTOWAHS"
6310,"SIOUX LAKE TRAVERSE"
6310,"SIOUX SISSETON"
6310,"SIOUX SISSETON-WAHPETAN"
6310,"SIOUX SISSETON-WAHPETON"
6310,"SIOUX WAHPETAN"
6310,"SIOUX WAHPETON"
6310,"SISSETON SIOUX"
6310,"SISSETON WAHPETAN"
6310,"SISSETON WAHPETAN SIOUX"
6310,"SISSETON WAHPETON"
6310,"SISSETON WAHPETON OYATE"
6310,"SISSETON WAHPETON SIOUX"
6310,"SISSETONWAHPETON OYATE LAKE TRAVERSE RESERVATION"
6310,"SWO"
6310,"SWO LK"
6310,"SWOT"
6311,"SPIRIT LAKE TRIBE, NORTH DAKOTA"
6311,"SPIRIT LAKE"
6311,"SPIRIT LAKE SIOUX"
6311,"SPIRIT LAKE TRIBE"
6312,"STANDING ROCK SIOUX TRIBE OF NORTH & SOUTH DAKOTA"
6312,"SRST"
6312,"STANDING ROCK"
6312,"STANDING ROCK SIOUX"
6312,"STANDING ROCK SIOUX TRIBE"
6314,"UPPER SIOUX COMMUNITY, MINNESOTA"
6314,"SIOUX UPPER YANKTONAI"
6314,"UPPER SIOUX"
6314,"UPPER SIOUX COMMUNITY"
6317,"YANKTON SIOUX TRIBE OF SOUTH DAKOTA"
6317,"IHANKTONWAN SIOUX"
6317,"NAKOTA"
6317,"NAKOTA SIOUX"
6317,"PIPESTONE SIOUX"
6317,"SIOUX NAKOTA"
6317,"SIOUX YANKTON"
6317,"YANKTON"
6317,"YANKTON NAKOTA"
6317,"YANKTON SIOUX"
6322,"SPOKANE TRIBE OF THE SPOKANE RESERVATION"
6322,"SPOKANE"
6322,"SPOKANE TRIBE"
6322,"WELLPINIT"
6324,"STOCKBRIDGE MUNSEE COMMUNITY, WISCONSIN"
6324,"MUNSEE STOCKBRIDGE"
6324,"STOCKBRIDGE"
6324,"STOCKBRIDGE MUNSEE"
6324,"STOCKBRIDGE-MUNSEE COMMUNITY"
6324,"STOCKBRIDGE-MUNSEE COMMUNITY OF MOHICAN INDIANS OF WISCONSIN"
6324,"WAPPINGER"
6326,"TE-MOAK TRIBE OF WESTERN SHOSHONE INDIANS OF NEVADA"
6326,"BATTLE MOUNTAIN BAND"
6326,"ELKO BAND"
6326,"SOUTH FORK BAND"
6326,"TE MOAK"
6326,"TE MOAK TRIBE"
6326,"TE-MOAK WESTERN SHOSHONE"
6326,"WELLS BAND"
6339,"THREE AFFILIATED TRIBES OF THE FORT BERTHOLD RESERVATION, NORTH DAKOTA"
6339,"FORT BERTHOLD"
6339,"FORT BERTHOLD THREE AFFLIATED TRIBES"
6339,"MANDAN, HIDATSA AND ARIKARA NATION"
6339,"MHA NATION"
6339,"THREE AFFILIATED"
6339,"THREE AFFILIATED TRIBES FT BERTHOLD RESERVATION"
6339,"THREE AFFILIATED TRIBES OF FORT BETHOLD"
6339,"THREE AFFILIATED TRIBES OF FT. BERTHOLD RESERVATION, NORTH DAKOTA"
6339,"THREE AFFILIATED TRIBES OF NORTH DAKOTA"
6341,"TOHONO O’ODHAM NATION OF ARIZONA"
6341,"HIA CED O ODHAM"
6341,"O'ODHAM"
6341,"PAPAGO"
6341,"PAPGO"
6341,"SAN XAVIER"
6341,"SAN XAVIER RESERVATION"
6341,"SAND PAPAGO"
6341,"SELLS"
6341,"SELLS PAPAGO"
6341,"SELLS TOHONO O'ODHAM"
6341,"TOHONO"
6341,"TOHONO O ODHAM"
6341,"TOHONO OODHAM"
6341,"TOHONO O'ODHAM NATION OF ARIZONA"
6341,"TOHONO O'ODHAM SELLS"
6346,"TOLOWA"
6346,"CRESCENT CITY"
6347,"BIG LAGOON RANCHERIA, CALIFORNIA"
6347,"BIG LAGOON"
6347,"BIG LAGOON RANCHERIA"
6348,"ELK VALLEY RANCHERIA, CALIFORNIA"
6348,"ELK VALLEY"
6348,"ELK VALLEY RANCHERIA"
6351,"TONKAWA TRIBE OF INDIANS OF OKLAHOMA"
6351,"TONKAWA"
6351,"TONKAWA TRIBE OF OKLAHOMA"
6355,"CONFEDERATED TRIBES OF THE UMATILLA INDIAN RESERVATION"
6355,"CONFEDERATED UMATILLA TRIBE"
6355,"CTUIR"
6355,"UMATILLA"
6355,"UMATILLA TRIBE"
6358,"COW CREEK BAND OF UMPQUA TRIBE OF INDIANS"
6358,"COW CREEK"
6358,"COW CREEK UMPQUA"
6358,"CREEK COW"
6358,"CREEK COW UMPQUA"
6358,"UMPQUA COW CREEK"
6358,"UPPER UMPQUA"
6363,"SOUTHERN UTE INDIAN TRIBE OF THE SOUTHERN UTE RESERVATION, COLORADO"
6363,"CAPOTE"
6363,"MOACHE"
6363,"MOUACHE"
6363,"SOUTHERN UTE"
6363,"SOUTHERN UTE INDIAN TRIBE OF SOUTHERN UTE RESERVATION"
6363,"SOUTHERN UTE INDIAN TRIBE OF THE SOUTHERN UTE RESERVATION"
6363,"UTE SOUTHERN"
6364,"UTE INDIAN TRIBE OF THE UINTAH AND OURAY RESERVATION, UTAH"
6364,"NORTHERN UTE"
6364,"UNCOMPAHGRE"
6364,"UNCOMPAHGRE BAND"
6364,"UTE INDIAN TRIBE UINTAH OURAY"
6364,"UTE NORTHERN"
6364,"UTE UINTA"
6364,"UTE UINTAH"
6364,"UTE WHITE RIVER"
6364,"WHITE RIVER UTE"
6365,"UTE MOUNTAIN UTE TRIBE"
6365,"ALLEN CANYON"
6365,"ALLEN CANYON UTE"
6365,"MOUNTAIN UTE"
6365,"UMUT"
6365,"UTE MOUNTAIN"
6365,"UTE MOUNTAIN TRIBE OF COLORADO, NEW MEXICO, & UTAH"
6365,"UTE MOUNTAIN UTE"
6365,"UTE UTE MOUNTAIN"
6365,"WEEMINUCHE"
6365,"WHITE MESA"
6365,"WHITE MESA UTE COUNCIL"
6365,"WIMINUCHE"
6375,"MASHPEE WAMPANOAG TRIBE"
6375,"MASHPEE"
6375,"MASHPEE WAMPANOAG"
6375,"WAMPANOAG MASHPEE"
6380,"WAMPANOAG TRIBE OF GAY HEAD (AQUINNAH)"
6380,"AQUINNAH"
6380,"AQUINNAH (GAYHEAD)"
6380,"AQUINNAH WAMPANOAG"
6380,"GAY HEAD"
6380,"GAY HEAD (AQUINNAH) WAMPANOAG"
6380,"WAMPANOAG TRIBE OF GAY HEAD"
6386,"CONFEDERATED TRIBES OF THE WARM SPRINGS RESERVATION OF OREGON"
6386,"CONFEDERATED TRIBES OF WARM SPRINGS"
6386,"CONFEDERATED WARM SPRINGS"
6386,"CTWS"
6386,"TENINO"
6386,"TYGH"
6386,"WARM SPRINGS"
6386,"WARM SPRINGS CONFEDERATED TRIBES"
6386,"WARM SPRINGS TRIBES"
6391,"WASHOE TRIBE OF NEVADA AND CALIFORNIA"
6391,"CARSON COLONY"
6391,"DRESSLERVILLE COLONY"
6391,"STEWART COMMUNITY"
6391,"WASHOE"
6391,"WASHOE RANCHES"
6391,"WOODFORDS COMMUNITY"
6395,"WICHITA AND AFFILIATED TRIBES, OKLAHOMA"
6395,"KEECHI"
6395,"KICHAI"
6395,"TAWAKONI"
6395,"WACO"
6395,"WICHITA"
6395,"WICHITA TRIBE"
6403,"WINNEBAGO TRIBE OF NEBRASKA"
6403,"HO CHUNK NEBRASKA"
6403,"HOCAK NEBRASKA"
6403,"NE WINNEBAGO"
6403,"NEBRASKA WINNEBAGO"
6403,"NE-SHOCH-ACHEE"
6403,"WINNEBAGO NEBRASKA"
6408,"CACHIL DEHE BAND OF WINTUN INDIANS OF THE COLUSA INDIAN COMMUNITY OF THE COLUSA RANCHERIA, CALIFORNIA"
6408,"CACHIL DEHE"
6408,"CACHIL DEHE BAND"
6408,"CACHIL DEHE BAND OF WINTUN INDIANS OF THE COLUSA RANCHERIA"
6408,"CACHIL DEHE WINTUN"
6408,"COLUSA"
6408,"COLUSA RANCHERIA"
6409,"KLETSEL DEHE WINTUN NATION OF THE CORTINA RANCHERIA"
6409,"CORTINA"
6409,"CORTINA INDIAN RANCHERIA"
6409,"CORTINA INDIAN RANCHERIA OF WINTUN INDIANS"
6409,"CORTINA RANCHERIA"
6409,"CORTINA WINTUN"
6409,"KLETSEL DEHE BAND"
6409,"KLETSEL DEHE BAND OF WINTUN INDIANS"
6409,"KLETSEL DEHE WINTUN"
6410,"YOCHA DEHE WINTUN NATION, CALIFORNIA"
6410,"RUMSEY"
6410,"RUMSEY INDIAN RANCHERIA OF WINTUN INDIANS"
6410,"RUMSEY RANCHERIA"
6410,"RUMSEY WINTUN"
6410,"RUMSEY YOCHA DEHE WINTUN"
6410,"WINTUN YOCHA DEHE"
6410,"YOCHA DEHE"
6410,"YOCHA DEHE WINTUN"
6410,"YOCHA DEHE WINTUN NATION (RUMSEY RANCHERIA)"
6412,"GRINDSTONE INDIAN RANCHERIA OF WINTUN-WAILAKI INDIANS OF CALIFORNIA"
6412,"GRINDSTONE"
6412,"GRINDSTONE INDIAN RANCHERIA"
6412,"GRINDSTONE INDIAN RANCHERIA OF WINTUN-WAILAKI INDIANS"
6412,"WAILAKI WINTUN"
6412,"WINTUN-WAILAKI"
6414,"BLUE LAKE RANCHERIA, CALIFORNIA"
6414,"BLUE LAKE"
6414,"BLUE LAKE RANCHERIA"
6414,"BLUE LAKE WIYOT"
6415,"WIYOT TRIBE, CALIFORNIA"
6415,"HUMBOLDT BAY"
6415,"MAD RIVER"
6415,"TABLE BLUFF"
6415,"TABLE BLUFF RANCHERIA"
6415,"TABLE BLUFF WIYOT"
6415,"WIYOT"
6419,"CONFEDERATED TRIBES AND BANDS OF THE YAKAMA NATION"
6419,"CONFEDERATED YAKAMA"
6419,"KLICKITAT "
6419,"KLICKITAT (YAKAMA)"
6419,"KLINQUIT"
6419,"OCHECHOTES"
6419,"PALOOS"
6419,"PALOUSE"
6419,"PALUS"
6419,"PISQUOSE"
6419,"SAHAPTIN"
6419,"SHYIKS"
6419,"SIAPEATS"
6419,"SKINPAH"
6419,"THE YAKAMA NATION"
6419,"TOPPENISH"
6419,"WANAPUM"
6419,"WISHRAM"
6419,"YAKAMA"
6419,"YAKAMA INDIAN NATION"
6419,"YAKAMA NATION"
6419,"YAKIMA"
6419,"YAKIMA CONFEDERATED"
6424,"PASCUA YAQUI TRIBE OF ARIZONA"
6424,"BARRIO LIBRE"
6424,"HIAKI"
6424,"PASCUA YAQUI"
6424,"YOEME"
6428,"YAVAPAI-APACHE NATION OF THE CAMP VERDE INDIAN RESERVATION, ARIZONA"
6428,"APACHE CAMP VERDE YAVAPAI"
6428,"APACHE YAVAPAI"
6428,"CAMP VERDE"
6428,"CAMP VERDE YAVAPAI-APACHE"
6428,"YAVAPAI APACHE"
6428,"YAVAPAI APACHE NATION"
6428,"YAVAPAI APACHE NATION OF THE CAMP VERDE INDIAN RESERVATION"
6431,"PICAYUNE RANCHERIA OF CHUKCHANSI INDIANS OF CALIFORNIA"
6431,"CHUKCHANSI"
6431,"CHUKCHANSI YOKUTS"
6431,"PICAYUNE"
6431,"PICAYUNE RANCHERIA"
6431,"PICAYUNE RANCHERIA OF CHUKCHANSI INDIANS"
6432,"TABLE MOUNTAIN RANCHERIA"
6432,"TABLE MOUNTAIN"
6434,"TEJON INDIAN TRIBE"
6434,"KITANEMUK"
6434,"TEJON"
6435,"TULE RIVER INDIAN TRIBE OF THE TULE RIVER RESERVATION, CALIFORNIA"
6435,"TULE"
6435,"TULE RIVER"
6435,"TULE RIVER INDIAN TRIBE"
6435,"TULE RIVER RESERVATION"
6435,"TULE RIVER YOKUT"
6435,"YOKUT TULE RIVER"
6445,"COCOPAH TRIBE OF ARIZONA"
6445,"COCOPA"
6445,"COCOPAH"
6445,"KWAPA"
6446,"FORT MOJAVE INDIAN TRIBE OF ARIZONA, CALIFORNIA AND NEVADA"
6446,"AHA MACAV"
6446,"FORT MOHAVE"
6446,"FORT MOJAVE"
6446,"FORT MOJAVE INDIAN TRIBE"
6446,"FORT MOJAVE INDIAN TRIBE OF ARIZONA"
6446,"MESQUITE CREEK"
6446,"MOHAVE"
6446,"MOJAVE"
6446,"MOJAVE NEEDLES"
6446,"PIPA AHA MACAV"
6447,"HAVASUPAI TRIBE OF THE HAVASUPAI RESERVATION, ARIZONA"
6447,"HAVASUPAI"
6447,"HAVASUPAI TRIBE"
6447,"HAVASUPAI TRIBE OF THE HAVASUPAI RESERVATION"
6448,"HUALAPAI INDIAN TRIBE OF THE HUALAPAI INDIAN RESERVATION, ARIZONA"
6448,"HUALAPAI"
6448,"HUALAPAI INDIAN TRIBE"
6448,"HUALAPAI INDIAN TRIBE OF THE HUALAPAI RESERVATION"
6448,"WALAPAI"
6450,"QUECHAN TRIBE OF THE FORT YUMA INDIAN RESERVATION, CALIFORNIA AND ARIZONA"
6450,"FORT YUMA"
6450,"FORT YUMA QUECHAN"
6450,"QUECHAN"
6450,"QUECHAN FORT YUMA"
6450,"YUMA"
6451,"YAVAPAI-PRESCOTT INDIAN TRIBE"
6451,"PRESCOTT"
6451,"YAVAPAI"
6451,"YAVAPAI PRESCOTT"
6451,"YAVAPAI PRESCOTT TRIBE"
6451,"YAVAPAI-PRESCOTT TRIBE OF THE YAVAPAI RESERVATION"
6451,"YPIT"
6451,"YPIT (YAVAPAI-PRESCOTT TRIBE)"
6455,"YUROK TRIBE OF THE YUROK RESERVATION, CALIFORNIA"
6455,"COAST INDIAN"
6455,"YUROK"
6455,"YUROK TRIBE"
6456,"RESIGHINI RANCHERIA, CALIFORNIA"
6456,"COAST YUROK"
6456,"KLAMATH RIVER"
6456,"PULIKLA"
6456,"REQUA"
6456,"RESIGHINI"
6456,"RESIGHINI RANCHERIA"
6456,"UPPER KLAMATH RIVER"
