id_prefix,id_mid,match,FRN_NameAsPublished,AIANNH_Geoname_Full,STATES,AIANNHCE,AIANNHNS
TRBF,ASHAWN,nd,Absentee-Shawnee Tribe of Indians of Oklahoma,Citizen Potawatomi Nation-Absentee Shawnee OTSA,OK,5600,01925074
AKNF,AGDAGX,nd,Agdaagux Tribe of King Cove,King Cove ANVSA,AK,6735,02418652
TRBF,AGCACL,nd,"Agua Caliente Band of Cahuilla Indians of the Agua Caliente Indian Reservation, California",Agua Caliente Indian Reservation,CA,0020,01934324
TRBF,AKCHIN,nd,Ak-Chin Indian Community,Maricopa (Ak Chin) Indian Reservation,AZ,2130,00023997
AKNF,AKACHK,nd,Akiachak Native Community,Akiachak ANVSA,AK,6020,02418755
AKNF,AKIAKC,nd,Akiak Native Community,Akiak ANVSA,AK,6025,02418757
TRBF,ALCOUS,nd,Alabama-Coushatta Tribe of Texas,Alabama-Coushatta Reservation,TX,0050,01350923
TRBF,ALQSRT,d,Alabama-Quassarte Tribal Town,Creek OTSA,OK,5620,01925077
AKNF,ALATNA,nd,Alatna Village,Alatna ANVSA,AK,6040,02418760
AKNF,ALGACQ,nd,Algaaciq Native Village (St. Mary's),Algaaciq ANVSA,AK,6065,02418765
AKNF,ALAKKT,nd,Allakaket Village,Allakaket ANVSA,AK,6070,02418766
TRBF,ALTURS,nd,"Alturas Indian Rancheria, California",Alturas Indian Rancheria,CA,0095,00218194
AKNF,ALTIIQ,nd,Alutiiq Tribe of Old Harbor,Old Harbor ANVSA,AK,7150,02419156
AKNF,ANGOON,nd,Angoon Community Association,Angoon ANVSA,AK,6100,02418772
AKNF,ANVIKV,nd,Anvik Village,Anvik ANVSA,AK,6125,02418774
TRBF,APCHOK,nd,Apache Tribe of Oklahoma,Kiowa-Comanche-Apache-Ft Sill Apache/Caddo-Wichita-Delaware joint-use OTSA,OK,5955,02418655
TRBF,APCHOK,n,Apache Tribe of Oklahoma,Kiowa-Comanche-Apache-Fort Sill Apache,OK,5720,02418654
AKNF,ARCTIC,nd,Arctic Village (See Native Village of Venetie Tribal Government),Arctic Village ANVSA,AK,6140,02418776
AKNF,ACSRMT,d,Asa'carsarmiut Tribe,Mountain Village ANVSA,AK,6975,02418719
TRBF,ASNBSX,nd,"Assiniboine and Sioux Tribes of the Fort Peck Indian Reservation, Montana",Fort Peck Indian Reservation,MT,1250,00805884
TRBF,AGSTCL,nd,"Augustine Band of Cahuilla Indians, California",Augustine Reservation,CA,0125,00238830
TRBF,BRLSCH,nd,"Bad River Band of the Lake Superior Tribe of Chippewa Indians of the Bad River Reservation, Wisconsin",Bad River Reservation,WI,0140,01577209
TRBF,BYMLLS,nd,"Bay Mills Indian Community, Michigan",Bay Mills Reservation,MI,0170,01622234
TRBF,BEARRV,nd,"Bear River Band of the Rohnerville Rancheria, California",Rohnerville (Rancheria) Trust Land,CA,3220,00231831
AKNF,BEAVRV,nd,Beaver Village,Beaver ANVSA,AK,6190,02418786
TRBF,BRCMDU,nd,Berry Creek Rancheria of Maidu Indians of California,Berry Creek Rancheria,CA,0200,00256849
TRBF,BGLAGN,nd,"Big Lagoon Rancheria, California",Big Lagoon Rancheria,CA,0240,00219211
TRBF,BGPIPT,nd,Big Pine Paiute Tribe of the Owens Valley,Big Pine Reservation,CA,0250,00256983
TRBF,BGSNDY,n,Big Sandy Rancheria of Western Mono Indians of California,Big Sandy Rancheria,CA,0265,01667416
TRBF,BGVALY,nd,"Big Valley Band of Pomo Indians of the Big Valley Rancheria, California",Big Valley Rancheria,CA,0275,00219277
AKNF,BIRCHC,n,Birch Creek Tribe,Birch Creek ANVSA,AK,6235,02418794
TRBF,BISHPT,nd,Bishop Paiute Tribe,Bishop Reservation,CA,0290,00264455
TRBF,BLCKFT,nd,Blackfeet Tribe of the Blackfeet Indian Reservation of Montana,Blackfeet Indian Reservation,MT,0305,00806895
TRBF,BLULKE,nd,"Blue Lake Rancheria, California",Blue Lake Rancheria,CA,0325,02419316
TRBF,BRGPRT,nd,Bridgeport Indian Colony,Bridgeport Reservation,CA,0350,02419320
TRBF,BNVSTA,none,Buena Vista Rancheria of Me-Wuk Indians of California,,,,
TRBF,BRNSPT,n,Burns Paiute Tribe,Burns Paiute Indian Colony,OR,0400,01118340
TRBF,CBZNCL,n,"Cabazon Band of Cahuilla Indians (previously listed as Cabazon Band of Mission Indians, California)",Cabazon Reservation,CA,0415,01985192
TRBF,CDWNTN,nd,"Cachil DeHe Band of Wintun Indians of the Colusa Indian Community of the Colusa Rancheria, California",Colusa Rancheria,CA,0750,02418877
TRBF,CADDON,nd,Caddo Nation of Oklahoma,Caddo-Wichita-Delaware OTSA,OK,5540,01925075
TRBF,CADDON,n,Caddo Nation of Oklahoma,Kiowa-Comanche-Apache-Ft Sill Apache/Caddo-Wichita-Delaware joint-use OTSA,OK,5955,02418655
TRBF,CAHTOT,nd,Cahto Tribe of the Laytonville Rancheria,Laytonville Rancheria,CA,1925,00226975
TRBF,CLBAND,nd,Cahuilla Band of Indians,Cahuilla Reservation,CA,0435,00270144
TRBF,CAVMWK,none,"California Valley Miwok Tribe, California",,,,
TRBF,CMPODG,nd,"Campo Band of Diegueno Mission Indians of the Campo Indian Reservation, California",Campo Indian Reservation,CA,0450,00270242
TRBF,CAPGDG,nd,"Capitan Grande Band of Diegueno Mission Indians of California (Barona Group of Capitan Grande Band of Mission Indians of the Barona Reservation, California; Viejas (Baron Long) Group of Capitan Grande Band of Mission Indians of the Viejas Reservation, California)",Barona Reservation,CA,0155,00255962
TRBF,CAPGDG,n,"Capitan Grande Band of Diegueno Mission Indians of California (Barona Group of Capitan Grande Band of Mission Indians of the Barona Reservation, California; Viejas (Baron Long) Group of Capitan Grande Band of Mission Indians of the Viejas Reservation, California)",Capitan Grande Reservation,CA,0495,00240225
TRBF,CAPGDG,nd,"Capitan Grande Band of Diegueno Mission Indians of California (Barona Group of Capitan Grande Band of Mission Indians of the Barona Reservation, California; Viejas (Baron Long) Group of Capitan Grande Band of Mission Indians of the Viejas Reservation, California)",Viejas Reservation,CA,4500,00251037
TRBF,CATWBA,nd,Catawba Indian Nation,Catawba Reservation,SC,0525,01233634
TRBF,CAYUGA,n,Cayuga Nation,Cayuga Nation TDSA,NY,8100,02418802
TRBF,CEDARV,n,"Cedarville Rancheria, California",Cedarville Rancheria,CA,0555,00220808
AKNF,TLNGHD,none,Central Council of the Tlingit & Haida Indian Tribes,,,,
AKNF,CHLKSK,nd,Chalkyitsik Village,Chalkyitsik ANVSA,AK,6265,02418804
AKNF,CHSHNA,nd,Cheesh-Na Tribe,Gakona ANVSA,AK,6520,02418592
AKNF,CHSHNA,n,Cheesh-Na Tribe,Chistochina ANVSA,AK,6325,02418829
TRBF,CHMHVI,nd,"Chemehuevi Indian Tribe of the Chemehuevi Reservation, California",Chemehuevi Reservation,CA,0585,00255956
TRBF,CHRAEH,nd,"Cher-Ae Heights Indian Community of the Trinidad Rancheria, California",Trinidad Rancheria,CA,4275,00268407
TRBF,CHKEEN,nd,Cherokee Nation,Cherokee OTSA,OK,5550,02418810
AKNF,CHEVAK,nd,Chevak Native Village,Chevak ANVSA,AK,6285,02418813
TRBF,CHYARP,nd,"Cheyenne and Arapaho Tribes, Oklahoma",Cheyenne and Arapaho OTSA,OK,5560,02418814
TRBF,CHYRSX,nd,"Cheyenne River Sioux Tribe of the Cheyenne River Reservation, South Dakota",Cheyenne River Reservation,SD,0605,01267254
TRBF,CHCKHT,nd,Chickahominy Indian Tribe,Chickahominy TDSA,VA,8150,02418815
TRBF,CHCKHE,nd,Chickahominy Indian Tribe—Eastern Division,Eastern Chickahominy TDSA,VA,8160,02418562
AKNF,CHCKLN,nd,Chickaloon Native Village,Chickaloon ANVSA,AK,6290,02418816
TRBF,CHRMWK,nd,Chicken Ranch Rancheria of Me-Wuk Indians of California,Chicken Ranch Rancheria,CA,0620,02419337
AKNF,CGNKBY,nd,Chignik Bay Tribal Council,Chignik ANVSA,AK,6295,02418820
AKNF,CGNKLK,nd,Chignik Lake Village,Chignik Lake ANVSA,AK,6305,02418823
AKNF,CHLKAT,nd,Chilkat Indian Village (Klukwan),Chilkat ANVSA,AK,6310,02418825
AKNF,CLKOOT,n,Chilkoot Indian Association (Haines),Chilkoot ANVSA,AK,6315,02418826
AKNF,CHINIK,nd,Chinik Eskimo Community (Golovin),Golovin ANVSA,AK,6540,02418601
TRBF,CHCRRB,nd,"Chippewa Cree Indians of the Rocky Boy's Reservation, Montana",Rocky Boy's Reservation,MT,3205,00767936
TRBF,CHTMCH,nd,Chitimacha Tribe of Louisiana,Chitimacha Reservation,LA,0635,02419340
AKNF,CLNWCK,d,Chuloonawick Native Village,Emmonak ANVSA,AK,6480,02418573
AKNF,CLNWCK,n,Chuloonawick Native Village,Chuloonawick ANVSA,AK,6340,02418835
AKNF,CIRCLE,nd,Circle Native Community,Circle ANVSA,AK,6350,02418836
TRBF,CITPWT,nd,"Citizen Potawatomi Nation, Oklahoma",Citizen Potawatomi Nation-Absentee Shawnee OTSA,OK,5600,01925074
TRBF,CDPOMO,none,Cloverdale Rancheria of Pomo Indians of California,,,,
TRBF,COCOPH,nd,Cocopah Tribe of Arizona,Cocopah Reservation,AZ,0695,00003089
TRBF,CRDALN,nd,Coeur D'Alene Tribe,Coeur d'Alene Reservation,ID,0705,00395231
TRBF,CSMONO,nd,Cold Springs Rancheria of Mono Indians of California,Cold Springs Rancheria,CA,0720,00276284
TRBF,CORIVR,nd,"Colorado River Indian Tribes of the Colorado River Indian Reservation, Arizona and California",Colorado River Indian Reservation,AZ~CA,0735,00022753
TRBF,CMNCHE,nd,"Comanche Nation, Oklahoma",Kiowa-Comanche-Apache-Fort Sill Apache OTSA,OK,5720,02418654
TRBF,CMNCHE,n,"Comanche Nation, Oklahoma",Kiowa-Comanche-Apache-Ft Sill Apache/Caddo-Wichita-Delaware joint-use OTSA,OK,5955,02418655
TRBF,CSKTFR,nd,Confederated Salish and Kootenai Tribes of the Flathead Reservation,Flathead Reservation,MT,1110,00806894
TRBF,YAKAMA,nd,Confederated Tribes and Bands of the Yakama Nation,Yakama Nation Reservation,WA,4690,01502906
TRBF,YAKAMA,r,Confederated Tribes and Bands of the Yakama Nation,Celilo Village,OR,0560,02419333
TRBF,SILETZ,nd,Confederated Tribes of Siletz Indians of Oregon,Siletz Reservation,OR,3795,01155124
TRBF,CHEHLS,nd,Confederated Tribes of the Chehalis Reservation,Chehalis Reservation,WA,0575,01503930
TRBF,COLVLL,nd,Confederated Tribes of the Colville Reservation,Colville Reservation,WA,0760,01529464
TRBF,CLUSLW,nd,"Confederated Tribes of the Coos, Lower Umpqua and Siuslaw Indians","Coos, Lower Umpqua, and Siuslaw Reservation",OR,0770,02418879
TRBF,CFTGSH,n,"Confederated Tribes of the Goshute Reservation, Nevada and Utah",Goshute Reservation,NV~UT,1340,01455300
TRBF,GRNRND,nd,Confederated Tribes of the Grand Ronde Community of Oregon,Grand Ronde Community,OR,1365,02418950
TRBF,UMATLL,nd,Confederated Tribes of the Umatilla Indian Reservation,Umatilla Reservation,OR~WA,4405,01159100
TRBF,UMATLL,r,Confederated Tribes of the Umatilla Indian Reservation,Celilo Village,OR,0560,02419333
TRBF,WRMSPR,nd,Confederated Tribes of the Warm Springs Reservation of Oregon,Warm Springs Reservation,OR,4545,01133438
TRBF,WRMSPR,r,Confederated Tribes of the Warm Springs Reservation of Oregon,Celilo Village,OR,0560,02419333
TRBF,COQLLE,nd,Coquille Indian Tribe,Coquille Reservation,OR,0775,02418881
TRBF,COUSLA,nd,Coushatta Tribe of Louisiana,Coushatta Reservation,LA,0795,00545438
TRBF,COWCRU,nd,Cow Creek Band of Umpqua Tribe of Indians,Cow Creek Reservation,OR,0815,02418898
TRBF,COWLTZ,n,Cowlitz Indian Tribe,Cowlitz Reservation,WA,0820,02772245
TRBF,CVPOMO,nd,Coyote Valley Band of Pomo Indians of California,Coyote Valley Reservation,CA,0825,01985199
AKNF,CRAIGT,nd,Craig Tribal Association,Craig ANVSA,AK,6385,02418851
TRBF,CRCRSX,nd,"Crow Creek Sioux Tribe of the Crow Creek Reservation, South Dakota",Crow Creek Reservation,SD,0855,01267067
TRBF,CROWMT,nd,Crow Tribe of Montana,Crow Reservation,MT,0845,00806896
AKNF,CRYUNG,d,Curyung Tribal Council,Dillingham ANVSA,AK,6405,02418554
TRBF,DELAWN,nd,"Delaware Nation, Oklahoma",Caddo-Wichita-Delaware OTSA,OK,5540,01925075
TRBF,DELAWN,n,"Delaware Nation, Oklahoma",Kiowa-Comanche-Apache-Ft Sill Apache/Caddo-Wichita-Delaware joint-use OTSA,OK,5955,02418655
TRBF,DELAWT,d,Delaware Tribe of Indians,Cherokee OTSA,OK,5550,02418810
AKNF,DOUGLS,n,Douglas Indian Association,Douglas ANVSA,AK,6420,02418558
TRBF,DCPOMO,n,"Dry Creek Rancheria Band of Pomo Indians, California",Dry Creek Rancheria,CA,0955,00222639
TRBF,DUCKSH,nd,"Duckwater Shoshone Tribe (previously listed as Duckwater Shoshone Tribe of the Duckwater Reservation, Nevada)",Duckwater Reservation,NV,0975,00845441
TRBF,ECHKEE,nd,Eastern Band of Cherokee Indians,Eastern Cherokee Reservation,NC,0990,01018039
TRBF,ESHAWN,nd,Eastern Shawnee Tribe of Oklahoma,Eastern Shawnee OTSA,OK,5640,02418563
TRBF,EASTSH,nd,"Eastern Shoshone Tribe of the Wind River Reservation, Wyoming",Wind River Reservation,WY,4610,01597068
AKNF,EGEGIK,nd,Egegik Village,Egegik ANVSA,AK,6445,02418567
AKNF,EKLTNA,nd,Eklutna Native Village,Eklutna ANVSA,AK,6450,02418569
TRBF,ELPOMO,n,"Elem Indian Colony of Pomo Indians of the Sulphur Bank Rancheria, California",Sulphur Bank Rancheria,CA,4030,00267889
TRBF,ELKVLY,nd,"Elk Valley Rancheria, California",Elk Valley Rancheria,CA,1010,01657318
TRBF,ELYTSH,nd,Ely Shoshone Tribe of Nevada,Ely Reservation,NV,1040,00859672
AKNF,EMMNAK,nd,Emmonak Village,Emmonak ANVSA,AK,6480,02418573
TRBF,ENTMDU,n,Enterprise Rancheria of Maidu Indians of California,Enterprise Rancheria,CA,1055,00259950
AKNF,EVNSVL,nd,Evansville Village (aka Bettles Field),Evansville ANVSA,AK,6490,02418575
TRBF,EPPKMY,nd,"Ewiiaapaayp Band of Kumeyaay Indians, California",Ewiiaapaayp Reservation,CA,1065,00241187
TRBF,GRATON,none,"Federated Indians of Graton Rancheria, California",,,,
TRBF,FSNTSX,nd,Flandreau Santee Sioux Tribe of South Dakota,Flandreau Reservation,SD,1100,01934365
TRBF,FRCPWT,nd,"Forest County Potawatomi Community, Wisconsin",Forest County Potawatomi Community,WI,1135,02418936
TRBF,BELKNP,nd,Fort Belknap Indian Community of the Fort Belknap Reservation of Montana,Fort Belknap Reservation,MT,1150,00767938
TRBF,BIDWLL,nd,Fort Bidwell Indian Community of the Fort Bidwell Reservation of California,Fort Bidwell Reservation,CA,1170,00260275
TRBF,INDPPT,nd,"Fort Independence Indian Community of Paiute Indians of the Fort Independence Reservation, California",Fort Independence Reservation,CA,1195,00260277
TRBF,FMPTSH,n,"Fort McDermitt Paiute and Shoshone Tribes of the Fort McDermitt Indian Reservation, Nevada and Oregon",Fort McDermitt Indian Reservation,NV~OR,1210,00859740
TRBF,MCDWYP,nd,"Fort McDowell Yavapai Nation, Arizona",Fort McDowell Yavapai Nation Reservation,AZ,1220,00036978
TRBF,MOJAVE,nd,"Fort Mojave Indian Tribe of Arizona, California & Nevada",Fort Mojave Reservation,AZ~CA~NV,1235,00024003
TRBF,SLAPCH,n,Fort Sill Apache Tribe of Oklahoma,Fort Sill Apache Indian Reservation,NM,1270,02711352
TRBF,SLAPCH,nd,Fort Sill Apache Tribe of Oklahoma,Kiowa-Comanche-Apache-Fort Sill Apache OTSA,OK,5720,02418654
TRBF,SLAPCH,n,Fort Sill Apache Tribe of Oklahoma,Kiowa-Comanche-Apache-Ft Sill Apache/Caddo-Wichita-Delaware joint-use OTSA,OK,5955,02418655
TRBF,GILARV,nd,"Gila River Indian Community of the Gila River Indian Reservation, Arizona",Gila River Indian Reservation,AZ,1310,00023998
TRBF,GTOWCH,nd,"Grand Traverse Band of Ottawa and Chippewa Indians, Michigan",Grand Traverse Reservation,MI,1370,02418951
TRBF,GREENV,n,Greenville Rancheria,Greenville Rancheria,CA,1380,01666180
TRBF,GWNTNW,n,Grindstone Indian Rancheria of Wintun-Wailaki Indians of California,Grindstone Indian Rancheria,CA,1395,00266781
TRBF,GUIDIV,n,Guidiville Rancheria of California,Guidiville Rancheria,CA,1400,00224709
AKNF,GLKANA,nd,Gulkana Village Council,Gulkana ANVSA,AK,6560,02418604
TRBF,HMPOMO,n,"Habematolel Pomo of Upper Lake, California",Upper Lake Rancheria,CA,4430,01654496
TRBF,HANNHV,nd,"Hannahville Indian Community, Michigan",Hannahville Indian Community,MI,1410,01616983
TRBF,HAVASP,nd,"Havasupai Tribe of the Havasupai Reservation, Arizona",Havasupai Reservation,AZ,1440,00045638
AKNF,HEALYL,n,Healy Lake Village,Healy Lake ANVSA,AK,6575,02418613
TRBF,HOCHNK,nd,Ho-Chunk Nation of Wisconsin,Ho-Chunk Nation Reservation,MN~WI,1450,02418963
TRBF,HOHTRB,nd,Hoh Indian Tribe,Hoh Indian Reservation,WA,1460,01505548
AKNF,HCROSS,nd,Holy Cross Tribe,Holy Cross ANVSA,AK,6585,02418617
AKNF,HOONAH,nd,Hoonah Indian Association,Hoonah ANVSA,AK,6590,02418618
TRBF,HOOPAV,nd,"Hoopa Valley Tribe, California",Hoopa Valley Reservation,CA,1490,00251972
TRBF,HOPIAZ,nd,Hopi Tribe of Arizona,Hopi Reservation,AZ,1505,00024001
TRBF,HLPOMO,nd,"Hopland Band of Pomo Indians, California",Hopland Rancheria,CA,1515,00225577
TRBF,HLTNML,nd,Houlton Band of Maliseet Indians,Houlton Maliseet Reservation,ME,1530,02418969
TRBF,HUALAP,nd,"Hualapai Indian Tribe of the Hualapai Indian Reservation, Arizona",Hualapai Indian Reservation,AZ,1545,00045633
AKNF,HUGHES,nd,Hughes Village,Hughes ANVSA,AK,6605,02418621
AKNF,HUSLIA,n,Huslia Village,Huslia ANVSA,AK,6610,02418622
AKNF,HDABRG,nd,Hydaburg Cooperative Association,Hydaburg ANVSA,AK,6615,02418623
AKNF,IGIUGG,nd,Igiugig Village,Igiugig ANVSA,AK,6620,02418625
TRBF,IIPAYN,nd,"Iipay Nation of Santa Ysabel, California",Santa Ysabel Reservation,CA,3550,00255932
TRBF,INAJDG,n,"Inaja Band of Diegueno Mission Indians of the Inaja and Cosmit Reservation, California",Inaja and Cosmit Reservation,CA,1560,00243797
AKNF,INPTAS,d,Inupiat Community of the Arctic Slope,Utqiagvik ANVSA,AK,6175,02418784
TRBF,IONMWK,n,Ione Band of Miwok Indians of California,Ione Band of Miwok TDSA,CA,8300,02418631
TRBF,IOWAKN,nd,Iowa Tribe of Kansas and Nebraska,Iowa (KS-NE) Reservation,KS~NE,1590,00479831
TRBF,IOWAOK,nd,Iowa Tribe of Oklahoma,Iowa OTSA,OK,5670,01925066
AKNF,IQUGMT,d,Iqugmiut Traditional Council,Russian Mission ANVSA,AK,7315,02419202
AKNF,IVNFBY,n,Ivanof Bay Tribe,Ivanof Bay ANVSA,AK,6650,02418632
TRBF,JCKMWK,nd,Jackson Band of Miwuk Indians,Jackson Rancheria,CA,1640,00226085
TRBF,JTSKLL,nd,Jamestown S'Klallam Tribe,Jamestown S'Klallam Reservation,WA,1655,02418978
TRBF,JAMULV,nd,Jamul Indian Village of California,Jamul Indian Village,CA,1670,02418979
TRBF,JCHCTW,nd,Jena Band of Choctaw Indians,Jena Band of Choctaw Reservation,LA,1690,02453210
TRBF,JIAPCH,nd,"Jicarilla Apache Nation, New Mexico",Jicarilla Apache Nation Reservation,NM,1700,01934339
AKNF,KAGUYK,d,Kaguyak Village,Akhiok ANVSA,AK,6015,02418754
TRBF,KAIBPT,nd,"Kaibab Band of Paiute Indians of the Kaibab Indian Reservation, Arizona",Kaibab Indian Reservation,AZ,1720,00023994
AKNF,KKTOVK,nd,Kaktovik Village (aka Barter Island),Kaktovik ANVSA,AK,6680,02418636
TRBF,KALSPL,nd,Kalispel Indian Community of the Kalispel Reservation,Kalispel Reservation,WA,1735,01528426
TRBF,KARUKT,n,Karuk Tribe,Karuk Reservation,CA,1750,02418982
TRBF,KSPOMO,n,"Kashia Band of Pomo Indians of the Stewarts Point Rancheria, California",Stewarts Point Rancheria,CA,3985,00235473
AKNF,KSIGLK,nd,Kasigluk Traditional Elders Council,Kasigluk ANVSA,AK,6710,02418644
TRBF,KAWNOK,nd,"Kaw Nation, Oklahoma",Kaw OTSA,OK,5690,01925070
TRBF,KAWNOK,n,"Kaw Nation, Oklahoma",Kaw/Ponca joint-use OTSA,OK,5950,02418647
AKNF,KENTZE,nd,Kenaitze Indian Tribe,Kenaitze ANVSA,AK,6720,02418648
AKNF,KTCHKN,nd,Ketchikan Indian Community,Ketchikan ANVSA,AK,6725,02575182
TRBF,KWNWBY,d,"Keweenaw Bay Indian Community, Michigan",L'Anse Reservation,MI,1880,01616978
TRBF,KWNWBY,r,"Keweenaw Bay Indian Community, Michigan",Ontonagon Reservation,MI,2580,01934329
TRBF,KILGEE,d,Kialegee Tribal Town,Creek OTSA,OK,5620,01925077
TRBF,KCKPTX,n,Kickapoo Traditional Tribe of Texas,Kickapoo (TX) Reservation,TX,1775,02418986
TRBF,KCKPKS,nd,Kickapoo Tribe of Indians of the Kickapoo Reservation in Kansas,Kickapoo (KS) Reservation,KS,1770,00479833
TRBF,KCKPKS,n,Kickapoo Tribe of Indians of the Kickapoo Reservation in Kansas,Kickapoo (KS) Reservation/Sac and Fox Nation Trust Land joint-use area,KS,4910,02418987
TRBF,KCKPOK,nd,Kickapoo Tribe of Oklahoma,Kickapoo OTSA,OK,5700,02418651
AKNF,KNGISL,d,King Island Native Community,Nome ANVSA,AK,7095,02575187
AKNF,KNGSAL,n,King Salmon Tribe,King Salmon ANVSA,AK,6740,02575183
TRBF,KIOWAT,n,Kiowa Indian Tribe of Oklahoma,Kiowa-Comanche-Apache-Fort Sill Apache OTSA,OK,5720,02418654
TRBF,KIOWAT,nd,Kiowa Indian Tribe of Oklahoma,Kiowa-Comanche-Apache-Ft Sill Apache/Caddo-Wichita-Delaware joint-use OTSA,OK,5955,02418655
TRBF,KLAMTH,nd,Klamath Tribes,Klamath Reservation,OR,1785,02418990
AKNF,KLAWCK,nd,Klawock Cooperative Association,Klawock ANVSA,AK,6765,02418659
TRBF,KDWNTN,n,Kletsel Dehe Wintun Nation of the Cortina Rancheria (previously listed as Kletsel Dehe Band of Wintun Indians),Cortina Indian Rancheria,CA,0780,00221603
AKNF,KNIKTR,nod,Knik Tribe,Knik ANVSA,AK,6290,02418816
TRBF,KOINCA,none,Koi Nation of Northern California,,,,
AKNF,KOKHNK,n,Kokhanok Village,Kokhanok ANVSA,AK,6800,02418666
TRBF,KTNIID,nd,Kootenai Tribe of Idaho,Kootenai Reservation,ID,1800,00394860
AKNF,KOYUKK,nd,Koyukuk Native Village,Koyukuk ANVSA,AK,6830,02418674
TRBF,LJOLLS,nd,"La Jolla Band of Luiseno Indians, California",La Jolla Reservation,CA,1850,00271928
TRBF,LPSTDG,n,"La Posta Band of Diegueno Mission Indians of the La Posta Indian Reservation, California",La Posta Indian Reservation,CA,1895,00255947
TRBF,LPSTDG,d,"La Posta Band of Diegueno Mission Indians of the La Posta Indian Reservation, California",Campo Indian Reservation,CA,0450,00270242
TRBF,COLSCH,nd,Lac Courte Oreilles Band of Lake Superior Chippewa Indians of Wisconsin,Lac Courte Oreilles Reservation,WI,1815,01577192
TRBF,FLLSCH,nd,Lac du Flambeau Band of Lake Superior Chippewa Indians of the Lac du Flambeau Reservation of Wisconsin,Lac du Flambeau Reservation,WI,1825,01580845
TRBF,VDLSCH,nd,Lac Vieux Desert Band of Lake Superior Chippewa Indians of Michigan,Lac Vieux Desert Reservation,MI,1830,02418993
TRBF,LVGSPT,nd,"Las Vegas Tribe of Paiute Indians of the Las Vegas Indian Colony, Nevada",Las Vegas Indian Colony,NV,1915,00853945
AKNF,LEVLCK,nd,Levelock Village,Levelock ANVSA,AK,6865,02418684
AKNF,LIMEVL,nod,Lime Village,Lime Village ANVSA,AK,6875,02418686
TRBF,LRVOWA,nd,"Little River Band of Ottawa Indians, Michigan",Little River Reservation,MI,1960,02418998
TRBF,LSHELL,none,Little Shell Tribe of Chippewa Indians of Montana,,,,
TRBF,LTROWA,nd,"Little Traverse Bay Bands of Odawa Indians, Michigan",Little Traverse Bay Reservation,MI,1963,02419000
TRBF,LPPTSH,nd,Lone Pine Paiute-Shoshone Tribe,Lone Pine Reservation,CA,1970,00275865
TRBF,LCCLCU,nd,"Los Coyotes Band of Cahuilla and Cupeno Indians, California",Los Coyotes Reservation,CA,1995,00272219
AKNF,LOUDEN,nd,Louden Tribe (previously listed as Galena Village (aka Louden Village)),Galena ANVSA,AK,6525,02418594
TRBF,LVLKPT,nd,"Lovelock Paiute Tribe of the Lovelock Indian Colony, Nevada",Lovelock Indian Colony,NV,2015,00850417
TRBF,LWBRSX,nd,"Lower Brule Sioux Tribe of the Lower Brule Reservation, South Dakota",Lower Brule Reservation,SD,2030,01267015
TRBF,LELWHA,nd,Lower Elwha Tribal Community,Lower Elwha Reservation,WA,2040,01528424
TRBF,LWSXMN,nd,Lower Sioux Indian Community in the State of Minnesota,Lower Sioux Indian Community,MN,2055,00647264
TRBF,LUMMIT,nd,Lummi Tribe of the Lummi Reservation,Lummi Reservation,WA,2070,01511578
TRBF,LYTTON,n,Lytton Rancheria of California,Lytton Rancheria,CA,2075,00227877
TRBF,MAKAHN,nd,Makah Indian Tribe of the Makah Indian Reservation,Makah Indian Reservation,WA,2085,01511577
TRBF,MCPOMO,n,"Manchester Band of Pomo Indians of the Manchester Rancheria, California",Manchester-Point Arena Rancheria,CA,2100,01985200
AKNF,MNLYHS,nd,Manley Hot Springs Village,Manley Hot Springs ANVSA,AK,6900,02418694
AKNF,MNOKTK,nd,Manokotak Village,Manokotak ANVSA,AK,6905,02418696
TRBF,MZNTDG,nd,"Manzanita Band of Diegueno Mission Indians of the Manzanita Reservation, California",Manzanita Reservation,CA,2115,00245463
TRBF,MPQUOT,nd,Mashantucket Pequot Indian Tribe,Mashantucket Pequot Reservation,CT,2145,00212541
TRBF,MWMPNG,nd,Mashpee Wampanoag Tribe,Mashpee Wampanoag Trust Land,MA,2147,02786720
TRBF,MBNPWT,nd,Match-e-be-nash-she-wish Band of Pottawatomi Indians of Michigan,Match-e-be-nash-she-wish Band of Pottawatomi Reservation,MI,2150,02547776
AKNF,MCGRTH,nd,McGrath Native Village,McGrath ANVSA,AK,6895,02418700
TRBF,MCHPDA,n,"Mechoopda Indian Tribe of Chico Rancheria, California",Mechoopda TDSA,CA,8450,02418703
TRBF,MNMNEE,nd,Menominee Indian Tribe of Wisconsin,Menominee Reservation,WI,2175,01831784
AKNF,MNTSTA,n,Mentasta Traditional Council,Mentasta Lake ANVSA,AK,6945,02418707
TRBF,MSGRDG,n,"Mesa Grande Band of Diegueno Mission Indians of the Mesa Grande Reservation, California",Mesa Grande Reservation,CA,2190,02419013
TRBF,MSGRDG,d,"Mesa Grande Band of Diegueno Mission Indians of the Mesa Grande Reservation, California",Santa Ysabel Reservation,CA,3550,00255932
TRBF,MSAPCH,nd,"Mescalero Apache Tribe of the Mescalero Reservation, New Mexico",Mescalero Reservation,NM,2205,00924240
AKNF,MTLKTL,nd,"Metlakatla Indian Community, Annette Island Reserve",Annette Island Reserve,AK,0110,01934114
TRBF,MIAMIT,n,Miami Tribe of Oklahoma,Miami OTSA,OK,5730,02418711
TRBF,MIAMIT,nd,Miami Tribe of Oklahoma,Miami/Peoria joint-use OTSA,OK,5970,02418712
TRBF,MCSKEE,n,Miccosukee Tribe of Indians,Miccosukee Reservation,FL,2240,00307483
TRBF,MTPOMO,n,Middletown Rancheria of Pomo Indians of California,Middletown Rancheria,CA,2255,00228627
TRBF,MIKMAQ,nd,Mi'kmaq Nation (previously listed as Aroostook Band of Micmacs),Aroostook Band of Micmac Trust Land,ME,0115,02562463
TRBF,MINNCH,nd,"Minnesota Chippewa Tribe, Minnesota (Six component reservations: Bois Forte Band (Nett Lake); Fond du Lac Band; Grand Portage Band; Leech Lake Band; Mille Lacs Band; White Earth Band)",Bois Forte Reservation,MN,0335,02105053
TRBF,MINNCH,nd,"Minnesota Chippewa Tribe, Minnesota (Six component reservations: Bois Forte Band (Nett Lake); Fond du Lac Band; Grand Portage Band; Leech Lake Band; Mille Lacs Band; White Earth Band)",Fond du Lac Reservation,MN~WI,1125,00654521
TRBF,MINNCH,nd,"Minnesota Chippewa Tribe, Minnesota (Six component reservations: Bois Forte Band (Nett Lake); Fond du Lac Band; Grand Portage Band; Leech Lake Band; Mille Lacs Band; White Earth Band)",Grand Portage Reservation,MN,1355,00654523
TRBF,MINNCH,nd,"Minnesota Chippewa Tribe, Minnesota (Six component reservations: Bois Forte Band (Nett Lake); Fond du Lac Band; Grand Portage Band; Leech Lake Band; Mille Lacs Band; White Earth Band)",Leech Lake Reservation,MN,1940,00659096
TRBF,MINNCH,nd,"Minnesota Chippewa Tribe, Minnesota (Six component reservations: Bois Forte Band (Nett Lake); Fond du Lac Band; Grand Portage Band; Leech Lake Band; Mille Lacs Band; White Earth Band)",Mille Lacs Reservation,MN,2270,02419017
TRBF,MINNCH,nd,"Minnesota Chippewa Tribe, Minnesota (Six component reservations: Bois Forte Band (Nett Lake); Fond du Lac Band; Grand Portage Band; Leech Lake Band; Mille Lacs Band; White Earth Band)",White Earth Reservation,MN,4595,01934333
TRBF,MINNCH,nd,"Minnesota Chippewa Tribe, Minnesota (Six component reservations: Bois Forte Band (Nett Lake); Fond du Lac Band; Grand Portage Band; Leech Lake Band; Mille Lacs Band; White Earth Band)",Minnesota Chippewa Trust Land,MN,2285,02419018
TRBF,MCHCTW,nd,Mississippi Band of Choctaw Indians,Mississippi Choctaw Reservation,MS~TN,2300,00685014
TRBF,MOPAPT,nd,"Moapa Band of Paiute Indians of the Moapa River Indian Reservation, Nevada",Moapa River Indian Reservation,NV,2315,00845336
TRBF,MODOCN,n,Modoc Nation,Modoc OTSA,OK,5740,02418715
TRBF,MODOCN,d,Modoc Nation,Ottawa OTSA,OK,5770,02419159
TRBF,MHEGAN,nd,Mohegan Tribe of Indians of Connecticut,Mohegan Reservation,CT,2320,02419022
TRBF,MNACAN,none,Monacan Indian Nation,,,,
TRBF,MRTMDU,nd,Mooretown Rancheria of Maidu Indians of California,Mooretown Rancheria,CA,2340,02419023
TRBF,MORNGO,nd,"Morongo Band of Mission Indians, California",Morongo Reservation,CA,2360,00255940
TRBF,MCKLSH,nd,Muckleshoot Indian Tribe,Muckleshoot Reservation,WA,2375,01533394
AKNF,NAKNEK,nd,Naknek Native Village,Naknek ANVSA,AK,6990,02418721
TRBF,NNSMND,none,Nansemond Indian Nation,,,,
TRBF,NRGNST,nd,Narragansett Indian Tribe,Narragansett Reservation,RI,2415,02030138
AKNF,AFGNAK,none,Native Village of Afognak,,,,
AKNF,AKHIOK,nd,Native Village of Akhiok,Akhiok ANVSA,AK,6015,02418754
AKNF,AKUTAN,nd,Native Village of Akutan,Akutan ANVSA,AK,6030,02418758
AKNF,ALKNGK,nd,Native Village of Aleknagik,Aleknagik ANVSA,AK,6045,02418763
AKNF,AMBLER,nd,Native Village of Ambler,Ambler ANVSA,AK,6075,02418768
AKNF,ATKANV,nd,Native Village of Atka,Atka ANVSA,AK,6150,02418779
AKNF,ATQSUK,nd,Native Village of Atqasuk,Atqasuk ANVSA,AK,6165,02418782
AKNF,INPTBW,nd,Native Village of Barrow Inupiat Traditional Government,Utqiagvik ANVSA,AK,6175,02418784
AKNF,BLKFSK,n,Native Village of Belkofski,Belkofski ANVSA,AK,6195,02418788
AKNF,BLKFSK,d,Native Village of Belkofski,King Cove ANVSA,AK,6735,02418652
AKNF,BREVIG,nd,Native Village of Brevig Mission,Brevig Mission ANVSA,AK,6240,02418796
AKNF,BCKLND,nd,Native Village of Buckland,Buckland ANVSA,AK,6250,02418797
AKNF,CNTWLL,nd,Native Village of Cantwell,Cantwell ANVSA,AK,6255,02418800
AKNF,CHNEGA,n,Native Village of Chenega (aka Chanega),Chenega ANVSA,AK,6280,02418808
AKNF,CHGNKL,nd,Native Village of Chignik Lagoon,Chignik Lagoon ANVSA,AK,6300,02418821
AKNF,CHTINA,nd,Native Village of Chitina,Chitina ANVSA,AK,6330,02418831
AKNF,CHTHBK,nod,"Native Village of Chuathbaluk (Russian Mission, Kuskokwim)",Chuathbaluk ANVSA,AK,6335,02418834
AKNF,COUNCL,n,Native Village of Council,Council ANVSA,AK,6380,02418849
AKNF,COUNCL,d,Native Village of Council,Nome ANVSA,AK,7095,02575187
AKNF,DEERNG,n,Native Village of Deering,Deering ANVSA,AK,6400,02418551
AKNF,INALIK,nd,Native Village of Diomede (aka Inalik),Inalik ANVSA,AK,6630,02418629
AKNF,VEAGLE,n,Native Village of Eagle,Eagle ANVSA,AK,6430,02418560
AKNF,NVLEEK,nd,Native Village of Eek,Eek ANVSA,AK,6440,02418566
AKNF,NVEKUK,nd,Native Village of Ekuk,Ekuk ANVSA,AK,6455,02418570
AKNF,NVEKUK,nd,Native Village of Ekuk,Dillingham ANVSA,AK,6405,02418554
AKNF,VEKWOK,nd,Native Village of Ekwok,Ekwok ANVSA,AK,6460,02418571
AKNF,NVELIM,nd,Native Village of Elim,Elim ANVSA,AK,6470,02575181
AKNF,NVEYAK,n,Native Village of Eyak (Cordova),Eyak ANVSA,AK,6495,02418578
AKNF,FSPASS,nd,Native Village of False Pass,False Pass ANVSA,AK,6500,02418579
AKNF,GWCHZG,nd,Native Village of Fort Yukon,Fort Yukon ANVSA,AK,6515,02418585
AKNF,GAKONA,nd,Native Village of Gakona,Gakona ANVSA,AK,6520,02418592
AKNF,GAMBLL,nod,Native Village of Gambell,Gambell ANVSA,AK,6530,02418595
AKNF,GEORGT,n,Native Village of Georgetown,Georgetown ANVSA,AK,6535,02418598
AKNF,GNWSBY,nd,Native Village of Goodnews Bay,Goodnews Bay ANVSA,AK,6545,02418602
AKNF,HAMLTN,n,Native Village of Hamilton,Hamilton ANVSA,AK,6570,02418609
AKNF,HAMLTN,d,Native Village of Hamilton,Kotlik ANVSA,AK,6815,02418671
AKNF,HOOPBY,nd,Native Village of Hooper Bay,Hooper Bay ANVSA,AK,6595,02418619
AKNF,KANATK,d,Native Village of Kanatak,Knik ANVSA,AK,6785,02418661
AKNF,KARLUK,n,Native Village of Karluk,Karluk ANVSA,AK,6700,02418641
AKNF,VKIANA,nd,Native Village of Kiana,Kiana ANVSA,AK,6730,02418650
AKNF,KIPNUK,nd,Native Village of Kipnuk,Kipnuk ANVSA,AK,6750,02418656
AKNF,KVALNA,nd,Native Village of Kivalina,Kivalina ANVSA,AK,6755,02418658
AKNF,KLTIKH,nd,Native Village of Kluti Kaah (aka Copper Center),Copper Center ANVSA,AK,6365,02418846
AKNF,KOBUKV,nd,Native Village of Kobuk,Kobuk ANVSA,AK,6790,02418664
AKNF,KNGGNK,nd,Native Village of Kongiganak,Kongiganak ANVSA,AK,6810,02418669
AKNF,KTZBUE,nd,Native Village of Kotzebue,Kotzebue ANVSA,AK,6820,02418672
AKNF,KOYUKV,nd,Native Village of Koyuk,Koyuk ANVSA,AK,6825,02418673
AKNF,KWGLGK,nd,Native Village of Kwigillingok,Kwigillingok ANVSA,AK,6840,02418676
AKNF,QUNHGK,nd,Native Village of Kwinhagak (aka Quinhagak),Kwinhagak ANVSA,AK,6845,02418678
AKNF,LARSBY,nd,Native Village of Larsen Bay,Larsen Bay ANVSA,AK,6855,02418682
AKNF,MRSHLL,nd,Native Village of Marshall (aka Fortuna Ledge),Marshall ANVSA,AK,6910,02418697
AKNF,MIGLOO,n,Native Village of Mary's Igloo,Mary's Igloo ANVSA,AK,6915,02418698
AKNF,MIGLOO,d,Native Village of Mary's Igloo,Teller ANVSA,AK,7570,02419253
AKNF,MEKRYK,nd,Native Village of Mekoryuk,Mekoryuk ANVSA,AK,6935,02418705
AKNF,VMINTO,nd,Native Village of Minto,Minto ANVSA,AK,6965,02418713
AKNF,NANWLK,nd,Native Village of Nanwalek (aka English Bay),Nanwalek ANVSA,AK,6995,02418725
AKNF,NPAIMT,n,Native Village of Napaimute,Napaimute ANVSA,AK,7005,02418727
AKNF,NPAIMT,d,Native Village of Napaimute,Bethel ANVSA,AK,6205,02418790
AKNF,NAPAKK,n,Native Village of Napakiak,Napakiak ANVSA,AK,7010,02418728
AKNF,NAPSKK,nd,Native Village of Napaskiak,Napaskiak ANVSA,AK,7020,02418729
AKNF,NLSONL,nd,Native Village of Nelson Lagoon,Nelson Lagoon ANVSA,AK,7025,02418732
AKNF,NGHTMT,nd,Native Village of Nightmute,Nightmute ANVSA,AK,7065,02418741
AKNF,NKLSKI,nd,Native Village of Nikolski,Nikolski ANVSA,AK,7075,02418745
AKNF,NOATAK,nd,Native Village of Noatak,Noatak ANVSA,AK,7085,02418749
AKNF,NUIQST,nd,Native Village of Nuiqsut (aka Nooiksut),Nuiqsut ANVSA,AK,7125,02419151
AKNF,NNMIQA,nd,Native Village of Nunam Iqua,Nunam Iqua ANVSA,AK,7133,02419153
AKNF,NNPTCK,nd,Native Village of Nunapitchuk,Nunapitchuk ANVSA,AK,7135,02419154
AKNF,OZNKIE,nd,Native Village of Ouzinkie,Ouzinkie ANVSA,AK,7180,02419160
AKNF,VPAIMT,n,Native Village of Paimiut,Paimiut ANVSA,AK,7185,02419161
AKNF,VPAIMT,d,Native Village of Paimiut,Hooper Bay ANVSA,AK,6595,02418619
AKNF,PRRYVL,nd,Native Village of Perryville,Perryville ANVSA,AK,7215,02419166
AKNF,PILOTP,nd,Native Village of Pilot Point,Pilot Point ANVSA,AK,7225,02419169
AKNF,PNTHPE,nd,Native Village of Point Hope,Point Hope ANVSA,AK,7250,02419176
AKNF,PNTLAY,nd,Native Village of Point Lay,Point Lay ANVSA,AK,7255,02419177
AKNF,PRTGRM,n,Native Village of Port Graham,Port Graham ANVSA,AK,7265,02419184
AKNF,PRTHDN,nd,Native Village of Port Heiden,Port Heiden ANVSA,AK,7270,02419186
AKNF,PRTLNS,nd,Native Village of Port Lions,Port Lions ANVSA,AK,7275,02419187
AKNF,NVRUBY,nd,Native Village of Ruby,Ruby ANVSA,AK,7310,02419201
AKNF,STMCHL,nd,Native Village of Saint Michael,St. Michael ANVSA,AK,7375,02419229
AKNF,SAVNGA,nd,Native Village of Savoonga,Savoonga ANVSA,AK,7415,02419208
AKNF,SCMNBY,nd,Native Village of Scammon Bay,Scammon Bay ANVSA,AK,7425,02419210
AKNF,SELAWK,nd,Native Village of Selawik,Selawik ANVSA,AK,7430,02419211
AKNF,SHKTLK,n,Native Village of Shaktoolik,Shaktoolik ANVSA,AK,7450,02419216
AKNF,SSHMRF,nd,Native Village of Shishmaref,Shishmaref ANVSA,AK,7465,02419217
AKNF,SHNGNK,nd,Native Village of Shungnak,Shungnak ANVSA,AK,7470,02419218
AKNF,STEVNS,nd,Native Village of Stevens,Stevens Village ANVSA,AK,7520,02419234
AKNF,TNCRSS,nd,Native Village of Tanacross,Tanacross ANVSA,AK,7535,02419244
AKNF,NVTNNA,nd,Native Village of Tanana,Tanana ANVSA,AK,7540,02419247
AKNF,TATTLK,nd,Native Village of Tatitlek,Tatitlek ANVSA,AK,7555,02419248
AKNF,TAZLNA,nd,Native Village of Tazlina,Tazlina ANVSA,AK,7560,02419250
AKNF,TELLER,nd,Native Village of Teller,Teller ANVSA,AK,7570,02419253
AKNF,TETLIN,n,Native Village of Tetlin,Tetlin ANVSA,AK,7580,02419255
AKNF,TNTTLK,nd,Native Village of Tuntutuliak,Tuntutuliak ANVSA,AK,7640,02419265
AKNF,TUNNAK,nd,Native Village of Tununak,Tununak ANVSA,AK,7645,02419267
AKNF,TYONEK,nd,Native Village of Tyonek,Tyonek ANVSA,AK,7655,02419272
AKNF,UNLKLT,nd,Native Village of Unalakleet,Unalakleet ANVSA,AK,7690,02419276
AKNF,NVUNGA,d,Native Village of Unga,Sand Point ANVSA,AK,7410,02419207
AKNF,VENETI,nd,Native Village of Venetie Tribal Government (Arctic Village and Village of Venetie),Arctic Village ANVSA,AK,6140,02418776
AKNF,VENETI,nd,Native Village of Venetie Tribal Government (Arctic Village and Village of Venetie),Venetie ANVSA,AK,7725,02575192
AKNF,VWALES,n,Native Village of Wales,Wales ANVSA,AK,7740,02419282
AKNF,NVWMTN,nd,Native Village of White Mountain,White Mountain ANVSA,AK,7745,02419284
TRBF,NAVAJO,nd,"Navajo Nation, Arizona, New Mexico, & Utah",Navajo Nation Reservation,AZ~NM~UT,2430,00041148
AKNF,NENANA,nd,Nenana Native Association,Nenana ANVSA,AK,7030,02418734
AKNF,NKLGNK,nd,New Koliganek Village Council,New Koliganek ANVSA,AK,7040,02418736
AKNF,NSTYHK,nd,New Stuyahok Village,New Stuyahok ANVSA,AK,7050,02418737
AKNF,NHALEN,nd,Newhalen Village,Newhalen ANVSA,AK,7035,02418738
AKNF,NEWTOK,nd,Newtok Village,Newtok ANVSA,AK,7055,02418739
TRBF,NEZPRC,nd,Nez Perce Tribe,Nez Perce Reservation,ID,2445,00399588
TRBF,NEZPRC,r,Nez Perce Tribe,Celilo Village,OR,0560,02419333
AKNF,NKOLAI,nd,Nikolai Village,Nikolai ANVSA,AK,7070,02418744
AKNF,NNLCHK,nd,Ninilchik Village,Ninilchik ANVSA,AK,7080,02418747
TRBF,NISQLL,nd,Nisqually Indian Tribe,Nisqually Reservation,WA,2460,01528422
AKNF,NOMECM,nd,Nome Eskimo Community,Nome ANVSA,AK,7095,02575187
AKNF,NNDLTN,nd,Nondalton Village,Nondalton ANVSA,AK,7100,02419145
TRBF,NOOKSK,n,Nooksack Indian Tribe,Nooksack Reservation,WA,2475,02419035
AKNF,NOORVK,nd,Noorvik Native Community,Noorvik ANVSA,AK,7110,02419146
TRBF,NARPWR,nd,"Northern Arapaho Tribe of the Wind River Reservation, Wyoming",Wind River Reservation,WY,4610,01597068
TRBF,NORCHY,nd,"Northern Cheyenne Tribe of the Northern Cheyenne Indian Reservation, Montana",Northern Cheyenne Indian Reservation,MT~SD,2490,01637567
TRBF,NFMONO,n,Northfork Rancheria of Mono Indians of California,North Fork Rancheria,CA,2495,02419036
AKNF,NRTHWY,nd,Northway Village,Northway ANVSA,AK,7115,02419147
TRBF,NWSSHN,n,Northwestern Band of the Shoshone Nation,Northwestern Shoshone Reservation,UT,2505,01455571
TRBF,NSHPWT,nd,"Nottawaseppi Huron Band of the Potawatomi, Michigan",Huron Potawatomi Reservation,MI,1550,02109298
AKNF,NULATO,nd,Nulato Village,Nulato ANVSA,AK,7130,02419152
AKNF,NKYRMT,d,Nunakauyarmiut Tribe,Toksook Bay ANVSA,AK,7625,02419259
TRBF,OGLLSX,d,Oglala Sioux Tribe,Pine Ridge Reservation,NE~SD,2810,01263144
TRBF,OKYOWG,nd,"Ohkay Owingeh, New Mexico",Ohkay Owingeh,NM,2510,01934344
TRBF,OMAHAT,nd,Omaha Tribe of Nebraska,Omaha Reservation,IA~NE,2550,00834985
TRBF,ONDANY,nd,Oneida Indian Nation,Oneida Nation Reservation,NY,2555,02419043
TRBF,ONDAWI,nd,Oneida Nation,Oneida (WI) Reservation,WI,2560,01577191
TRBF,ONNDGA,nd,Onondaga Nation,Onondaga Nation Reservation,NY,2570,00979312
AKNF,GRYLNG,nd,Organized Village of Grayling (aka Holikachuk),Grayling ANVSA,AK,6550,02418603
AKNF,VLKAKE,nd,Organized Village of Kake,Kake ANVSA,AK,6670,02418635
AKNF,KASAAN,nd,Organized Village of Kasaan,Kasaan ANVSA,AK,6705,02418643
AKNF,KWTHLK,nd,Organized Village of Kwethluk,Kwethluk ANVSA,AK,6835,02418675
AKNF,SAXMAN,nd,Organized Village of Saxman,Saxman ANVSA,AK,7420,02419209
AKNF,OTSRMT,d,Orutsararmiut Traditional Native Council,Bethel ANVSA,AK,6205,02418790
AKNF,OSCARV,n,Oscarville Traditional Village,Oscarville ANVSA,AK,7175,02419157
AKNF,OSCARV,d,Oscarville Traditional Village,Napaskiak ANVSA,AK,7020,02418729
TRBF,OTOMSA,nd,"Otoe-Missouria Tribe of Indians, Oklahoma",Otoe-Missouria OTSA,OK,5760,01925068
TRBF,OWATOK,nd,Ottawa Tribe of Oklahoma,Ottawa OTSA,OK,5770,02419159
TRBF,PTTRUT,nd,"Paiute Indian Tribe of Utah (Cedar Band of Paiutes, Kanosh Band of Paiutes, Koosharem Band of Paiutes, Indian Peaks Band of Paiutes, and Shivwits Band of Paiutes)",Paiute (UT) Reservation,UT,2625,01436088
TRBF,PTSHFL,nd,"Paiute-Shoshone Tribe of the Fallon Reservation and Colony, Nevada",Fallon Paiute-Shoshone Colony,NV,1070,00850495
TRBF,PTSHFL,n,"Paiute-Shoshone Tribe of the Fallon Reservation and Colony, Nevada",Fallon Paiute-Shoshone Reservation,NV,1075,00840414
TRBF,PALABD,nd,Pala Band of Mission Indians,Pala Reservation,CA,2635,00272502
TRBF,PAMNKY,nd,Pamunkey Indian Tribe,Pamunkey (State) Reservation,VA,9260,01472036
TRBF,PSQYQI,nd,Pascua Yaqui Tribe of Arizona,Pascua Pueblo Yaqui Reservation,AZ,2680,02419049
TRBF,PSKNML,n,Paskenta Band of Nomlaki Indians of California,Paskenta Rancheria,CA,2685,02419050
TRBF,PSMQDY,nd,Passamaquoddy Tribe,Indian Township Reservation,ME,1575,02418973
TRBF,PSMQDY,nd,Passamaquoddy Tribe,Passamaquoddy Trust Land,ME,2695,02419052
TRBF,PSMQDY,nd,Passamaquoddy Tribe,Pleasant Point Reservation,ME,2850,00573503
AKNF,PLFHBR,d,Pauloff Harbor Village,Sand Point ANVSA,AK,7410,02419207
TRBF,PAMALS,nd,"Pauma Band of Luiseno Mission Indians of the Pauma & Yuima Reservation, California",Pauma and Yuima Reservation,CA,2715,00272896
TRBF,PAWNEE,nd,Pawnee Nation of Oklahoma,Pawnee OTSA,OK,5780,01925076
TRBF,PCHNGA,nd,"Pechanga Band of Indians (previously listed as Pechanga Band of Luiseno Mission Indians of the Pechanga Reservation, California)",Pechanga Reservation,CA,2745,00272911
AKNF,PDROBY,nd,Pedro Bay Village,Pedro Bay ANVSA,AK,7205,02419163
TRBF,PNBSCT,nd,Penobscot Nation,Penobscot Reservation,ME,2760,00582669
TRBF,PEORIA,n,Peoria Tribe of Indians of Oklahoma,Peoria OTSA,OK,5795,02419165
TRBF,PEORIA,d,Peoria Tribe of Indians of Oklahoma,Ottawa OTSA,OK,5770,02419159
TRBF,PEORIA,n,Peoria Tribe of Indians of Oklahoma,Miami/Peoria joint-use OTSA,OK,5970,02418712
AKNF,PTRSBG,nd,Petersburg Indian Association,Petersburg ANVSA,AK,7220,02575188
TRBF,PYCKCH,n,Picayune Rancheria of Chukchansi Indians of California,Picayune Rancheria,CA,2775,01670201
AKNF,PILTST,nd,Pilot Station Traditional Village,Pilot Station ANVSA,AK,7230,02419170
TRBF,PVPOMO,nd,"Pinoleville Pomo Nation, California",Pinoleville Rancheria,CA,2820,00230747
TRBF,PITRVR,n,"Pit River Tribe, California (includes XL Ranch, Big Bend, Likely, Lookout, Montgomery Creek, and Roaring Creek Rancherias)",Big Bend Rancheria,CA,0215,00256889
TRBF,PITRVR,n,"Pit River Tribe, California (includes XL Ranch, Big Bend, Likely, Lookout, Montgomery Creek, and Roaring Creek Rancherias)",Likely Rancheria,CA,1955,00276402
TRBF,PITRVR,n,"Pit River Tribe, California (includes XL Ranch, Big Bend, Likely, Lookout, Montgomery Creek, and Roaring Creek Rancherias)",Lookout Rancheria,CA,1980,00227643
TRBF,PITRVR,n,"Pit River Tribe, California (includes XL Ranch, Big Bend, Likely, Lookout, Montgomery Creek, and Roaring Creek Rancherias)",Montgomery Creek Rancheria,CA,2330,00263771
TRBF,PITRVR,n,"Pit River Tribe, California (includes XL Ranch, Big Bend, Likely, Lookout, Montgomery Creek, and Roaring Creek Rancherias)",Roaring Creek Rancheria,CA,3185,00265444
TRBF,PITRVR,n,"Pit River Tribe, California (includes XL Ranch, Big Bend, Likely, Lookout, Montgomery Creek, and Roaring Creek Rancherias)",Pit River Trust Land,CA,2835,02419056
TRBF,PITRVR,n,"Pit River Tribe, California (includes XL Ranch, Big Bend, Likely, Lookout, Montgomery Creek, and Roaring Creek Rancherias)",XL Ranch Rancheria,CA,4680,00252581
AKNF,PTKAPT,nd,Pitka's Point Traditional Council,Pitkas Point ANVSA,AK,7235,02419171
AKNF,PLATNM,nd,Platinum Traditional Village,Platinum ANVSA,AK,7245,02419173
TRBF,PCREEK,nd,Poarch Band of Creek Indians,Poarch Creek Reservation,AL~FL,2865,02419057
TRBF,POKPWT,nd,"Pokagon Band of Potawatomi Indians, Michigan and Indiana",Pokagon Reservation,IN~MI,2890,02419058
TRBF,PNCAOK,nd,Ponca Tribe of Indians of Oklahoma,Ponca OTSA,OK,5800,02419180
TRBF,PNCAOK,n,Ponca Tribe of Indians of Oklahoma,Kaw/Ponca joint-use OTSA,OK,5950,02418647
TRBF,PNCANE,n,Ponca Tribe of Nebraska,Ponca (NE) Trust Land,IA~NE,2900,02419061
TRBF,PGSKLL,nd,Port Gamble S'Klallam Tribe,Port Gamble Reservation,WA,2910,01507567
AKNF,OGSNKL,n,Portage Creek Village (aka Ohgsenakale),Portage Creek ANVSA,AK,7260,02419189
TRBF,PTTERV,none,"Potter Valley Tribe, California",,,,
TRBF,PRAPWT,nd,Prairie Band Potawatomi Nation,Prairie Band of Potawatomi Nation Reservation,KS,2980,01934332
TRBF,PRAIRI,nd,Prairie Island Indian Community in the State of Minnesota,Prairie Island Indian Community,MN,2985,00654519
AKNF,PRBLFC,nd,Pribilof Islands Aleut Communities of St. Paul & St. George Islands (Saint George Island and Saint Paul Island),St. George ANVSA,AK,7340,02419228
AKNF,PRBLFC,nd,Pribilof Islands Aleut Communities of St. Paul & St. George Islands (Saint George Island and Saint Paul Island),St. Paul ANVSA,AK,7390,02419230
TRBF,ACOMAP,nd,"Pueblo of Acoma, New Mexico",Acoma Pueblo,NM,0010,01934337
TRBF,COCHTI,nd,"Pueblo of Cochiti, New Mexico",Pueblo de Cochiti,NM,0680,00937176
TRBF,ISLETA,nd,"Pueblo of Isleta, New Mexico",Isleta Pueblo,NM,1625,01934338
TRBF,JEMEZP,nd,"Pueblo of Jemez, New Mexico",Jemez Pueblo,NM,1685,00916031
TRBF,LAGUNA,nd,"Pueblo of Laguna, New Mexico",Laguna Pueblo,NM,1840,01934340
TRBF,NAMBEP,nd,"Pueblo of Nambe, New Mexico",Nambe Pueblo,NM,2400,00918263
TRBF,PCURIS,nd,"Pueblo of Picuris, New Mexico",Picuris Pueblo,NM,2785,01934341
TRBF,POJOAQ,nd,"Pueblo of Pojoaque, New Mexico",Pueblo of Pojoaque,NM,2990,00937193
TRBF,SFLIPE,nd,"Pueblo of San Felipe, New Mexico",San Felipe Pueblo,NM,3400,00910614
TRBF,SFLIPE,n,"Pueblo of San Felipe, New Mexico",San Felipe Pueblo/Santa Ana Pueblo joint-use area,NM,4930,02419124
TRBF,SFLIPE,n,"Pueblo of San Felipe, New Mexico",San Felipe Pueblo/Santo Domingo Pueblo joint-use area,NM,4940,02419125
TRBF,SILDFN,nd,"Pueblo of San Ildefonso, New Mexico",San Ildefonso Pueblo,NM,3415,00918342
TRBF,SANDIA,nd,"Pueblo of Sandia, New Mexico",Sandia Pueblo,NM,3370,01934343
TRBF,STAANA,nd,"Pueblo of Santa Ana, New Mexico",Santa Ana Pueblo,NM,3480,01934345
TRBF,STAANA,n,"Pueblo of Santa Ana, New Mexico",San Felipe Pueblo/Santa Ana Pueblo joint-use area,NM,4930,02419124
TRBF,SCLARA,nd,"Pueblo of Santa Clara, New Mexico",Santa Clara Pueblo,NM,3495,00937196
TRBF,TAOSPB,nd,"Pueblo of Taos, New Mexico",Taos Pueblo,NM,4140,01934342
TRBF,TSUQUE,nd,"Pueblo of Tesuque, New Mexico",Tesuque Pueblo,NM,4170,00937203
TRBF,ZIAPBL,nd,"Pueblo of Zia, New Mexico",Zia Pueblo,NM,4770,01934347
TRBF,PUYLLP,nd,Puyallup Tribe of the Puyallup Reservation,Puyallup Reservation,WA,3000,01514929
TRBF,PYRLPT,nd,"Pyramid Lake Paiute Tribe of the Pyramid Lake Reservation, Nevada",Pyramid Lake Paiute Reservation,NV,3010,00857503
AKNF,QGNTGN,nd,Qagan Tayagungin Tribe of Sand Point,Sand Point ANVSA,AK,7410,02419207
AKNF,QWALGN,nd,Qawalangin Tribe of Unalaska,Unalaska ANVSA,AK,7695,02419277
TRBF,QUAPAW,nd,Quapaw Nation,Quapaw OTSA,OK,5810,02419193
TRBF,QUARTZ,nd,Quartz Valley Indian Community of the Quartz Valley Reservation of California,Quartz Valley Reservation,CA,3020,00265103
TRBF,QUECHN,nd,"Quechan Tribe of the Fort Yuma Indian Reservation, California & Arizona",Fort Yuma Indian Reservation,AZ~CA,1280,00242378
TRBF,QUILTE,nd,Quileute Tribe of the Quileute Reservation,Quileute Reservation,WA,3030,01511646
TRBF,QUINLT,nd,Quinault Indian Nation,Quinault Reservation,WA,3040,01531838
TRBF,RMNACL,n,"Ramona Band of Cahuilla, California",Ramona Village,CA,3070,00273181
AKNF,RAMPRT,nd,Rampart Village,Rampart ANVSA,AK,7300,02419195
TRBF,RPHNCK,nd,"Rappahannock Tribe, Inc.",Rappahannock TDSA,VA,8700,02813263
TRBF,RCLSCH,nd,Red Cliff Band of Lake Superior Chippewa Indians of Wisconsin,Red Cliff Reservation,WI,3085,01577204
TRBF,RDLKCH,nd,"Red Lake Band of Chippewa Indians, Minnesota",Red Lake Reservation,MN,3100,01934331
TRBF,RDDING,nd,"Redding Rancheria, California",Redding Rancheria,CA,3095,01682404
TRBF,RVPOMO,nd,Redwood Valley or Little River Band of Pomo Indians of the Redwood Valley Rancheria California,Redwood Valley Rancheria,CA,3115,00231455
TRBF,RNOSPK,nd,"Reno-Sparks Indian Colony, Nevada",Reno-Sparks Indian Colony,NV,3130,00853944
TRBF,PLKLYK,nd,"Pulikla Tribe of Yurok People (previously listed as Resighini Rancheria, California)",Resighini Rancheria,CA,3145,01657342
TRBF,RNCNLS,nd,"Rincon Band of Luiseno Mission Indians of Rincon Reservation, California",Rincon Reservation,CA,3165,00273286
TRBF,ROBNSN,nd,Robinson Rancheria,Robinson Rancheria,CA,3195,00234577
TRBF,RSBDSX,nd,"Rosebud Sioux Tribe of the Rosebud Indian Reservation, South Dakota",Rosebud Indian Reservation,SD,3235,01266248
TRBF,RNDVLY,nd,"Round Valley Indian Tribes, Round Valley Reservation, California",Round Valley Reservation,CA,3250,00267196
TRBF,SCFXMO,nd,Sac & Fox Nation of Missouri in Kansas and Nebraska,Sac and Fox Nation Reservation,KS~NE,3285,00479832
TRBF,SCFXMO,n,Sac & Fox Nation of Missouri in Kansas and Nebraska,Kickapoo (KS) Reservation/Sac and Fox Nation Trust Land joint-use area,KS,4910,02418987
TRBF,SCFXOK,nd,"Sac & Fox Nation, Oklahoma",Sac and Fox OTSA,OK,5820,01925067
TRBF,SCFXMS,nd,Sac & Fox Tribe of the Mississippi in Iowa,Sac and Fox/Meskwaki Settlement,IA,3280,00463420
TRBF,SGNWCH,d,Saginaw Chippewa Indian Tribe of Michigan,Isabella Reservation,MI,1610,01616981
AKNF,STGRGE,nd,St. George Island (See Pribilof Islands Aleut Communities of St. Paul & St. George Islands),St. George ANVSA,AK,7340,02419228
AKNF,STPAUL,nd,Saint Paul Island (See Pribilof Islands Aleut Communities of St. Paul & St. George Islands),St. Paul ANVSA,AK,7390,02419230
TRBF,SRMHWK,nd,Saint Regis Mohawk Tribe,St. Regis Mohawk Reservation,NY,3320,00979449
AKNF,SLMATF,n,Salamatof Tribe,Salamatof ANVSA,AK,7400,02419203
AKNF,SLMATF,d,Salamatof Tribe,Kenaitze ANVSA,AK,6720,02418648
TRBF,SRPMCP,nd,"Salt River Pima-Maricopa Indian Community of the Salt River Reservation, Arizona",Salt River Reservation,AZ,3340,00037072
TRBF,SAMISH,nd,Samish Indian Nation,Samish TDSA,WA,8750,02419206
TRBF,SCAPCH,nd,"San Carlos Apache Tribe of the San Carlos Reservation, Arizona",San Carlos Reservation,AZ,3355,00024000
TRBF,SNJSPT,d,San Juan Southern Paiute Tribe of Arizona,Navajo Nation Reservation,AZ~NM~UT,2430,00041148
TRBF,SPQLDG,nd,San Pasqual Band of Diegueno Mission Indians of California,San Pasqual Reservation,CA,3460,00255933
TRBF,SRSACL,nd,"Santa Rosa Band of Cahuilla Indians, California",Santa Rosa Reservation,CA,3525,01934330
TRBF,STARSA,nd,"Santa Rosa Indian Community of the Santa Rosa Rancheria, California",Santa Rosa Rancheria,CA,3520,00247949
TRBF,SYCMSH,nd,"Santa Ynez Band of Chumash Mission Indians of the Santa Ynez Reservation, California",Santa Ynez Reservation,CA,3540,00249132
TRBF,SNTSXN,nd,"Santee Sioux Nation, Nebraska",Santee Reservation,NE,3565,01884912
TRBF,SDMNGO,nd,Santo Domingo Pueblo,Santo Domingo Pueblo,NM,3585,00937201
TRBF,SDMNGO,n,Santo Domingo Pueblo,San Felipe Pueblo/Santo Domingo Pueblo joint-use area,NM,4940,02419125
TRBF,SKSTTL,nd,Sauk-Suiattle Indian Tribe,Sauk-Suiattle Reservation,WA,3625,02419131
TRBF,SSMACH,n,"Sault Ste. Marie Tribe of Chippewa Indians, Michigan",Sault Ste. Marie Reservation,MI,3635,02419132
TRBF,SCPOMO,none,Scotts Valley Band of Pomo Indians of California,,,,
AKNF,SLDVIA,nd,Seldovia Village Tribe,Seldovia ANVSA,AK,7435,02419212
TRBF,SMNLFL,r,Seminole Tribe of Florida,Big Cypress Reservation,FL,0225,01934321
TRBF,SMNLFL,r,Seminole Tribe of Florida,Brighton Reservation,FL,0360,00300151
TRBF,SMNLFL,r,Seminole Tribe of Florida,Fort Pierce Reservation,FL,1260,02418940
TRBF,SMNLFL,d,Seminole Tribe of Florida,Hollywood Reservation,FL,1475,00284183
TRBF,SMNLFL,r,Seminole Tribe of Florida,Immokalee Reservation,FL,1555,02418972
TRBF,SMNLFL,r,Seminole Tribe of Florida,Tampa Reservation,FL,4130,02419488
TRBF,SMNLFL,r,Seminole Tribe of Florida,Seminole (FL) Trust Land,FL,3665,02419138
TRBF,SMNLFL,r,Seminole Tribe of Florida,Coconut Creek Trust Land,FL,0690,02418876
TRBF,SNCNAT,d,Seneca Nation of Indians,Allegany Reservation,NY,0080,00978667
TRBF,SNCNAT,r,Seneca Nation of Indians,Cattaraugus Reservation,NY,0540,00978804
TRBF,SNCNAT,r,Seneca Nation of Indians,Oil Springs Reservation,NY,2535,00959239
TRBF,SNCCYG,nd,Seneca-Cayuga Nation,Seneca-Cayuga OTSA,OK,5835,02419214
AKNF,SHGELK,nd,Shageluk Native Village,Shageluk ANVSA,AK,7440,02419215
TRBF,SHMDSX,nd,Shakopee Mdewakanton Sioux Community of Minnesota,Shakopee Mdewakanton Sioux Community,MN~SD,3680,00649741
TRBF,SHAWNT,d,Shawnee Tribe,Ottawa OTSA,OK,5770,02419159
TRBF,SHPOMO,nd,Sherwood Valley Rancheria of Pomo Indians of California,Sherwood Valley Rancheria,CA,3735,00232986
TRBF,SHSMWK,nd,"Shingle Springs Band of Miwok Indians, Shingle Springs Rancheria (Verona Tract), California",Shingle Springs Rancheria,CA,3750,00233021
TRBF,SHNNCK,nd,Shinnecock Indian Nation,Shinnecock (State) Reservation,NY,9370,00979494
TRBF,SHLWBY,n,Shoalwater Bay Indian Tribe of the Shoalwater Bay Indian Reservation,Shoalwater Bay Indian Reservation,WA,3780,01508317
TRBF,SHBKFH,nd,Shoshone-Bannock Tribes of the Fort Hall Reservation,Fort Hall Reservation,ID,1185,00399059
TRBF,SHPTDV,nd,"Shoshone-Paiute Tribes of the Duck Valley Reservation, Nevada",Duck Valley Reservation,ID~NV,0965,00858264
TRBF,SWOYTE,nd,"Sisseton-Wahpeton Oyate of the Lake Traverse Reservation, South Dakota",Lake Traverse Reservation,ND~SD,1860,01934336
AKNF,SITKAT,nd,Sitka Tribe of Alaska,Sitka ANVSA,AK,7475,02575190
AKNF,SKAGWY,nd,Skagway Village,Skagway ANVSA,AK,7485,02575191
TRBF,SKOKOM,nd,Skokomish Indian Tribe,Skokomish Reservation,WA,3825,01525866
TRBF,SKVGSH,n,Skull Valley Band of Goshute Indians of Utah,Skull Valley Reservation,UT,3840,01445643
TRBF,SNOQLM,n,Snoqualmie Indian Tribe,Snoqualmie Reservation,WA,3860,02419473
TRBF,SOBOBA,nd,"Soboba Band of Luiseno Indians, California",Soboba Reservation,CA,3870,00249635
TRBF,SKGNCH,nd,"Sokaogon Chippewa Community, Wisconsin",Sokaogon Chippewa Community,WI,3885,01577206
AKNF,SNKNEK,nd,South Naknek Village,South Naknek ANVSA,AK,7505,02419226
TRBF,STHUTE,nd,"Southern Ute Indian Tribe of the Southern Ute Reservation, Colorado",Southern Ute Reservation,CO,3925,00169585
TRBF,SPRTLK,nd,"Spirit Lake Tribe, North Dakota",Spirit Lake Reservation,ND,3935,01934326
TRBF,SPKANE,nd,Spokane Tribe of the Spokane Reservation,Spokane Reservation,WA,3940,01511576
TRBF,SQUXIN,nd,Squaxin Island Tribe of the Squaxin Island Reservation,Squaxin Island Reservation,WA,3955,01508671
TRBF,SCRXCH,nd,St. Croix Chippewa Indians of Wisconsin,St. Croix Reservation,WI,3305,01843172
TRBF,SNDRSX,nd,Standing Rock Sioux Tribe of North & South Dakota,Standing Rock Reservation,ND~SD,3970,01934335
AKNF,STBBNS,nd,Stebbins Community Association,Stebbins ANVSA,AK,7510,02419232
TRBF,STLMSH,nd,Stillaguamish Tribe of Indians of Washington,Stillaguamish Reservation,WA,4000,02419481
TRBF,SBRMNS,n,"Stockbridge Munsee Community, Wisconsin",Stockbridge Munsee Community,WI,4015,01577203
TRBF,SUMLPT,n,Summit Lake Paiute Tribe of Nevada,Summit Lake Reservation,NV,4045,00858261
AKNF,SUNAQT,n,Sun'aq Tribe of Kodiak,Kodiak ANVSA,AK,6795,02575184
TRBF,SUQUAM,nd,Suquamish Indian Tribe of the Port Madison Reservation,Port Madison Reservation,WA,2925,01507571
TRBF,SUSANV,nd,"Susanville Indian Rancheria, California",Susanville Indian Rancheria,CA,4060,00235836
TRBF,SWINOM,nd,Swinomish Indian Tribal Community,Swinomish Reservation,WA,4075,01528418
TRBF,SYCKMY,nd,Sycuan Band of the Kumeyaay Nation,Sycuan Reservation,CA,4090,00273630
TRBF,TABLEM,n,Table Mountain Rancheria,Table Mountain Rancheria,CA,4110,02419484
AKNF,TKOTNA,nd,Takotna Village,Takotna ANVSA,AK,7530,02419241
AKNF,TNGRNQ,r,Tangirnaq Native Village,Lesnoi ANVSA,AK,6860,02575186
TRBF,TEJONT,none,Tejon Indian Tribe,,,,
AKNF,TELIDA,n,Telida Village,Telida ANVSA,AK,7565,02419252
AKNF,TELIDA,d,Telida Village,Nikolai ANVSA,AK,7070,02418744
TRBF,TEMWSH,n,Te-Moak Tribe of Western Shoshone Indians of Nevada (Four constituent bands: Battle Mountain Band; Elko Band; South Fork Band; and Wells Band),Battle Mountain Reservation,NV,0165,00838653
TRBF,TEMWSH,nd,Te-Moak Tribe of Western Shoshone Indians of Nevada (Four constituent bands: Battle Mountain Band; Elko Band; South Fork Band; and Wells Band),Elko Colony,NV,1005,00856239
TRBF,TEMWSH,n,Te-Moak Tribe of Western Shoshone Indians of Nevada (Four constituent bands: Battle Mountain Band; Elko Band; South Fork Band; and Wells Band),South Fork Reservation,NV,3930,00861680
TRBF,TEMWSH,n,Te-Moak Tribe of Western Shoshone Indians of Nevada (Four constituent bands: Battle Mountain Band; Elko Band; South Fork Band; and Wells Band),Wells Colony,NV,4580,00849846
TRBF,CHKSAW,nd,The Chickasaw Nation,Chickasaw OTSA,OK,5580,02418818
TRBF,CHCTWN,nd,The Choctaw Nation of Oklahoma,Choctaw OTSA,OK,5590,02418833
TRBF,MCREEK,nd,The Muscogee (Creek) Nation,Creek OTSA,OK,5620,01925077
TRBF,MCREEK,n,The Muscogee (Creek) Nation,Creek/Seminole joint-use OTSA,OK,5915,01925072
TRBF,OSAGEN,nd,The Osage Nation,Osage Reservation,OK,2595,01100113
TRBF,SMNLOK,n,The Seminole Nation of Oklahoma,Seminole OTSA,OK,5830,01925073
TRBF,SMNLOK,nd,The Seminole Nation of Oklahoma,Creek/Seminole joint-use OTSA,OK,5915,01925072
TRBF,TLPLCO,d,Thlopthlocco Tribal Town,Creek OTSA,OK,5620,01925077
TRBF,MHATAT,nd,"Three Affiliated Tribes of the Fort Berthold Reservation, North Dakota",Fort Berthold Reservation,ND,1160,01934325
TRBF,TIMBSH,n,Timbisha Shoshone Tribe,Timbi-Sha Shoshone Reservation,CA~NV,4180,02419492
TRBF,THNODM,nd,Tohono O'odham Nation of Arizona,Tohono O'odham Nation Reservation,AZ,4200,00023763
TRBF,TLWDNI,d,Tolowa Dee-ni' Nation,Smith River Rancheria,CA,3855,00274833
TRBF,TNWSNC,nd,Tonawanda Band of Seneca,Tonawanda Reservation,NY,4225,00979554
TRBF,TNKAWA,nd,Tonkawa Tribe of Indians of Oklahoma,Tonkawa OTSA,OK,5860,01925069
TRBF,TTAPCH,nd,Tonto Apache Tribe of Arizona,Tonto Apache Reservation,AZ,4235,00032748
TRBF,TMDSCL,nd,"Torres Martinez Desert Cahuilla Indians, California",Torres-Martinez Reservation,CA,4255,00255924
AKNF,TOGIAK,nd,Traditional Village of Togiak,Togiak ANVSA,AK,7605,02419257
TRBF,TULALP,nd,Tulalip Tribes of Washington,Tulalip Reservation,WA,4290,01511575
TRBF,TULERV,nd,"Tule River Indian Tribe of the Tule River Reservation, California",Tule River Reservation,CA,4300,00275158
AKNF,TLUKSK,nd,Tuluksak Native Community,Tuluksak ANVSA,AK,7630,02419263
TRBF,TUNBIL,nd,Tunica-Biloxi Indian Tribe,Tunica-Biloxi Reservation,LA,4315,02419503
TRBF,TLMMWK,nd,Tuolumne Band of Me-Wuk Indians of the Tuolumne Rancheria of California,Tuolumne Rancheria,CA,4330,00236635
TRBF,TRTMCH,nd,Turtle Mountain Band of Chippewa Indians of North Dakota,Turtle Mountain Reservation,MT~ND~SD,4345,01934334
TRBF,TSCARA,nd,Tuscarora Nation,Tuscarora Nation Reservation,NY,4360,00979564
TRBF,TWNPLM,nd,Twenty-Nine Palms Band of Mission Indians of California,Twenty-Nine Palms Reservation,CA,4375,00250737
AKNF,TWINHL,nd,Twin Hills Village,Twin Hills ANVSA,AK,7650,02419269
AKNF,UGASHK,n,Ugashik Village,Ugashik ANVSA,AK,7665,02419274
AKNF,UMKUMT,d,Umkumiut Native Village,Nightmute ANVSA,AK,7065,02418741
TRBF,AUBURN,n,United Auburn Indian Community of the Auburn Rancheria of California,Auburn Rancheria,CA,0120,00218454
TRBF,KCHKEE,nd,United Keetoowah Band of Cherokee Indians in Oklahoma,Cherokee OTSA,OK,5550,02418810
TRBF,UMTPNI,none,Upper Mattaponi Tribe,,,,
TRBF,UPPRSX,nd,"Upper Sioux Community, Minnesota",Upper Sioux Community,MN,4445,00653567
TRBF,USKAGT,nd,Upper Skagit Indian Tribe,Upper Skagit Reservation,WA,4455,02419510
TRBF,UTEUOR,nd,"Ute Indian Tribe of the Uintah & Ouray Reservation, Utah",Uintah and Ouray Reservation,UT,4390,01448012
TRBF,UTEMTN,nd,Ute Mountain Ute Tribe,Ute Mountain Reservation,CO~NM~UT,4470,00169579
TRBF,UUGWPT,nd,"Utu Utu Gwaitu Paiute Tribe of the Benton Paiute Reservation, California",Benton Paiute Reservation,CA,0185,02419307
AKNF,ALAKNK,nd,Village of Alakanuk,Alakanuk ANVSA,AK,6035,02418759
AKNF,ANKTVK,nd,Village of Anaktuvuk Pass,Anaktuvuk Pass ANVSA,AK,6080,02418769
AKNF,VANIAK,nd,Village of Aniak,Aniak ANVSA,AK,6105,02418773
AKNF,ATMTLK,nd,Village of Atmautluak,Atmautluak ANVSA,AK,6160,02418780
AKNF,BLLMSL,n,Village of Bill Moore's Slough,Bill Moore's ANVSA,AK,6225,02418793
AKNF,BLLMSL,d,Village of Bill Moore's Slough,Kotlik ANVSA,AK,6815,02418671
AKNF,CHFRNK,nd,Village of Chefornak,Chefornak ANVSA,AK,6275,02418807
AKNF,CLRKPT,nd,Village of Clarks Point,Clarks Point ANVSA,AK,6360,02418839
AKNF,CRKEDC,nd,Village of Crooked Creek,Crooked Creek ANVSA,AK,6390,02418852
AKNF,DOTLAK,nd,Village of Dot Lake,Dot Lake ANVSA,AK,6415,02418555
AKNF,VILMNA,nd,Village of Iliamna,Iliamna ANVSA,AK,6625,02418627
AKNF,KLSKAG,nd,Village of Kalskag,Kalskag ANVSA,AK,6685,02418638
AKNF,KALTAG,nd,Village of Kaltag,Kaltag ANVSA,AK,6690,02418639
AKNF,KOTLIK,nd,Village of Kotlik,Kotlik ANVSA,AK,6815,02418671
AKNF,LKLSKG,nd,Village of Lower Kalskag,Lower Kalskag ANVSA,AK,6890,02418690
AKNF,OHOGMT,n,Village of Ohogamiut,Ohogamiut ANVSA,AK,7145,02419155
AKNF,OHOGMT,d,Village of Ohogamiut,Marshall ANVSA,AK,6910,02418697
AKNF,REDDVL,nd,Village of Red Devil,Red Devil ANVSA,AK,7305,02419197
AKNF,SLTMUT,nd,Village of Sleetmute,Sleetmute ANVSA,AK,7495,02419223
AKNF,SOLOMN,n,Village of Solomon,Solomon ANVSA,AK,7500,02419225
AKNF,SOLOMN,d,Village of Solomon,Nome ANVSA,AK,7095,02575187
AKNF,STNYRV,nd,Village of Stony River,Stony River ANVSA,AK,7525,02419236
AKNF,VVENET,nd,Village of Venetie (See Native Village of Venetie Tribal Government),Venetie ANVSA,AK,7725,02575192
AKNF,WAINWT,nd,Village of Wainwright,Wainwright ANVSA,AK,7735,02419281
TRBF,WLKRPT,nd,"Walker River Paiute Tribe of the Walker River Reservation, Nevada",Walker River Reservation,NV,4515,00857504
TRBF,WMPNGA,nd,Wampanoag Tribe of Gay Head (Aquinnah),Wampanoag-Aquinnah Trust Land,MA,4530,02419514
TRBF,WASHOE,n,"Washoe Tribe of Nevada & California (Carson Colony, Dresslerville Colony, Woodfords Community, Stewart Community, & Washoe Ranches)",Carson Colony,NV,0510,00859157
TRBF,WASHOE,nd,"Washoe Tribe of Nevada & California (Carson Colony, Dresslerville Colony, Woodfords Community, Stewart Community, & Washoe Ranches)",Dresslerville Colony,NV,0940,00862214
TRBF,WASHOE,n,"Washoe Tribe of Nevada & California (Carson Colony, Dresslerville Colony, Woodfords Community, Stewart Community, & Washoe Ranches)",Woodfords Community,CA,4665,01985241
TRBF,WASHOE,n,"Washoe Tribe of Nevada & California (Carson Colony, Dresslerville Colony, Woodfords Community, Stewart Community, & Washoe Ranches)",Stewart Community,NV,3980,02419480
TRBF,WASHOE,n,"Washoe Tribe of Nevada & California (Carson Colony, Dresslerville Colony, Woodfords Community, Stewart Community, & Washoe Ranches)",Washoe Ranches Trust Land,CA~NV,4560,02419516
TRBF,WMAPCH,nd,"White Mountain Apache Tribe of the Fort Apache Reservation, Arizona",Fort Apache Reservation,AZ,1140,00004741
TRBF,WKWTOK,nd,"Wichita and Affiliated Tribes (Wichita, Keechi, Waco, & Tawakonie), Oklahoma",Caddo-Wichita-Delaware OTSA,OK,5540,01925075
TRBF,WKWTOK,n,"Wichita and Affiliated Tribes (Wichita, Keechi, Waco, & Tawakonie), Oklahoma",Kiowa-Comanche-Apache-Ft Sill Apache/Caddo-Wichita-Delaware joint-use OTSA,OK,5955,02418655
TRBF,WILTON,none,"Wilton Rancheria, California",,,,
TRBF,WNNBGO,nd,Winnebago Tribe of Nebraska,Winnebago Reservation,IA~NE,4625,00834982
TRBF,WNNMCA,n,Winnemucca Indian Colony of Nevada,Winnemucca Indian Colony,NV,4635,00849652
TRBF,WIYOTT,d,"Wiyot Tribe, California",Table Bluff Reservation,CA,4095,01665550
AKNF,WRNGLL,nd,Wrangell Cooperative Association,Wrangell ANVSA,AK,7755,02575193
TRBF,WYNDTT,nd,Wyandotte Nation,Wyandotte OTSA,OK,5890,02419290
AKNF,YKTTLN,nd,Yakutat Tlingit Tribe,Yakutat ANVSA,AK,7765,02419292
TRBF,YNKTSX,nd,Yankton Sioux Tribe of South Dakota,Yankton Reservation,SD,4700,01891160
TRBF,YPAPCH,nd,"Yavapai-Apache Nation of the Camp Verde Indian Reservation, Arizona",Yavapai-Apache Nation Reservation,AZ,4708,00027214
TRBF,YPPSCT,nd,Yavapai-Prescott Indian Tribe,Yavapai-Prescott Reservation,AZ,4710,00036443
TRBF,YRTNPT,nd,"Yerington Paiute Tribe of the Yerington Colony & Campbell Ranch, Nevada",Campbell Ranch,NV,0440,00848690
TRBF,YRTNPT,nd,"Yerington Paiute Tribe of the Yerington Colony & Campbell Ranch, Nevada",Yerington Colony,NV,4725,00848133
TRBF,YDWNTN,d,"Yocha Dehe Wintun Nation, California",Rumsey Indian Rancheria,CA,3265,00232012
TRBF,YMBASH,nd,"Yomba Shoshone Tribe of the Yomba Reservation, Nevada",Yomba Reservation,NV,4740,00862119
TRBF,YLSTSR,nd,Ysleta del Sur Pueblo,Ysleta del Sur Pueblo,TX,4755,02419529
TRBF,YHVTSM,nd,"Yuhaaviatam of San Manuel Nation (previously listed as San Manuel Band of Mission Indians, California)",San Manuel Reservation,CA,3445,00248904
AKNF,YUPIIT,nod,Yupiit of Andreafski,Andreafsky ANVSA,AK,6095,02418771
TRBF,YUROKT,nd,"Yurok Tribe of the Yurok Reservation, California",Yurok Reservation,CA,4760,02419530
TRBF,ZUNINM,nd,"Zuni Tribe of the Zuni Reservation, New Mexico",Zuni Reservation,AZ~NM,4785,01934346