"id_AK","id_temp","match","FRN_NameAsPublished","AIANNH_Geoname_Full","STATES","AIANNHCE","AIANNHNS"
"TR48",27,"nd","Absentee-Shawnee Tribe of Indians of Oklahoma","Citizen Potawatomi Nation-Absentee Shawnee OTSA","OK",5600,1925074
"AKNV",5,"nd","Agdaagux Tribe of King Cove","King Cove ANVSA","AK",6735,2418652
"TR48",4,"nd","Agua Caliente Band of Cahuilla Indians of the Agua Caliente Indian Reservation, California","Agua Caliente Indian Reservation","CA",20,1934324
"TR48",8,"nd","Ak-Chin Indian Community","Maricopa (Ak Chin) Indian Reservation","AZ",2130,23997
"AKNV",7,"nd","Akiachak Native Community","Akiachak ANVSA","AK",6020,2418755
"AKNV",10,"nd","Akiak Native Community","Akiak ANVSA","AK",6025,2418757
"TR48",15,"nd","Alabama-Coushatta Tribe of Texas","Alabama-Coushatta Reservation","TX",50,1350923
"TR48",18,"d","Alabama-Quassarte Tribal Town","Creek OTSA","OK",5620,1925077
"AKNV",14,"nd","Alatna Village","Alatna ANVSA","AK",6040,2418760
"AKNV",16,"nd","Algaaciq Native Village (St. Mary's)","Algaaciq ANVSA","AK",6065,2418765
"AKNV",12,"nd","Allakaket Village","Allakaket ANVSA","AK",6070,2418766
"TR48",20,"nd","Alturas Indian Rancheria, California","Alturas Indian Rancheria","CA",95,218194
"AKNV",19,"nd","Alutiiq Tribe of Old Harbor","Old Harbor ANVSA","AK",7150,2419156
"AKNV",22,"nd","Angoon Community Association","Angoon ANVSA","AK",6100,2418772
"AKNV",24,"nd","Anvik Village","Anvik ANVSA","AK",6125,2418774
"TR48",25,"nd","Apache Tribe of Oklahoma","Kiowa-Comanche-Apache-Ft Sill Apache/Caddo-Wichita-Delaware joint-use OTSA","OK",5955,2418655
"TR48",25,"n","Apache Tribe of Oklahoma","Kiowa-Comanche-Apache-Fort Sill Apache","OK",5720,2418654
"AKNV",26,"nd","Arctic Village (See Native Village of Venetie Tribal Government)","Arctic Village ANVSA","AK",6140,2418776
"AKNV",2,"d","Asa'carsarmiut Tribe","Mountain Village ANVSA","AK",6975,2418719
"TR48",28,"nd","Assiniboine and Sioux Tribes of the Fort Peck Indian Reservation, Montana","Fort Peck Indian Reservation","MT",1250,805884
"TR48",6,"nd","Augustine Band of Cahuilla Indians, California","Augustine Reservation","CA",125,238830
"TR48",52,"nd","Bad River Band of the Lake Superior Tribe of Chippewa Indians of the Bad River Reservation, Wisconsin","Bad River Reservation","WI",140,1577209
"TR48",54,"nd","Bay Mills Indian Community, Michigan","Bay Mills Reservation","MI",170,1622234
"TR48",34,"nd","Bear River Band of the Rohnerville Rancheria, California","Rohnerville (Rancheria) Trust Land","CA",3220,231831
"AKNV",35,"nd","Beaver Village","Beaver ANVSA","AK",6190,2418786
"TR48",49,"nd","Berry Creek Rancheria of Maidu Indians of California","Berry Creek Rancheria","CA",200,256849
"TR48",37,"nd","Big Lagoon Rancheria, California","Big Lagoon Rancheria","CA",240,219211
"TR48",38,"nd","Big Pine Paiute Tribe of the Owens Valley","Big Pine Reservation","CA",250,256983
"TR48",39,"n","Big Sandy Rancheria of Western Mono Indians of California","Big Sandy Rancheria","CA",265,1667416
"TR48",40,"nd","Big Valley Band of Pomo Indians of the Big Valley Rancheria, California","Big Valley Rancheria","CA",275,219277
"AKNV",42,"n","Birch Creek Tribe","Birch Creek ANVSA","AK",6235,2418794
"TR48",43,"nd","Bishop Paiute Tribe","Bishop Reservation","CA",290,264455
"TR48",44,"nd","Blackfeet Tribe of the Blackfeet Indian Reservation of Montana","Blackfeet Indian Reservation","MT",305,806895
"TR48",47,"nd","Blue Lake Rancheria, California","Blue Lake Rancheria","CA",325,2419316
"TR48",51,"nd","Bridgeport Indian Colony","Bridgeport Reservation","CA",350,2419320
"TR48",48,"none","Buena Vista Rancheria of Me-Wuk Indians of California","","",NA,NA
"TR48",53,"n","Burns Paiute Tribe","Burns Paiute Indian Colony","OR",400,1118340
"TR48",61,"n","Cabazon Band of Cahuilla Indians (previously listed as Cabazon Band of Mission Indians, California)","Cabazon Reservation","CA",415,1985192
"TR48",63,"nd","Cachil DeHe Band of Wintun Indians of the Colusa Indian Community of the Colusa Rancheria, California","Colusa Rancheria","CA",750,2418877
"TR48",55,"nd","Caddo Nation of Oklahoma","Caddo-Wichita-Delaware OTSA","OK",5540,1925075
"TR48",55,"n","Caddo Nation of Oklahoma","Kiowa-Comanche-Apache-Ft Sill Apache/Caddo-Wichita-Delaware joint-use OTSA","OK",5955,2418655
"TR48",56,"nd","Cahto Tribe of the Laytonville Rancheria","Laytonville Rancheria","CA",1925,226975
"TR48",94,"nd","Cahuilla Band of Indians","Cahuilla Reservation","CA",435,270144
"TR48",59,"none","California Valley Miwok Tribe, California","","",NA,NA
"TR48",100,"nd","Campo Band of Diegueno Mission Indians of the Campo Indian Reservation, California","Campo Indian Reservation","CA",450,270242
"TR48",57,"nd","Capitan Grande Band of Diegueno Mission Indians of California (Barona Group of Capitan Grande Band of Mission Indians of the Barona Reservation, California; Viejas (Baron Long) Group of Capitan Grande Band of Mission Indians of the Viejas Reservation, California)","Barona Reservation","CA",155,255962
"TR48",57,"n","Capitan Grande Band of Diegueno Mission Indians of California (Barona Group of Capitan Grande Band of Mission Indians of the Barona Reservation, California; Viejas (Baron Long) Group of Capitan Grande Band of Mission Indians of the Viejas Reservation, California)","Capitan Grande Reservation","CA",495,240225
"TR48",57,"nd","Capitan Grande Band of Diegueno Mission Indians of California (Barona Group of Capitan Grande Band of Mission Indians of the Barona Reservation, California; Viejas (Baron Long) Group of Capitan Grande Band of Mission Indians of the Viejas Reservation, California)","Viejas Reservation","CA",4500,251037
"TR48",58,"nd","Catawba Indian Nation","Catawba Reservation","SC",525,1233634
"TR48",60,"n","Cayuga Nation","Cayuga Nation TDSA","NY",8100,2418802
"TR48",64,"n","Cedarville Rancheria, California","Cedarville Rancheria","CA",555,220808
"AKNV",506,"none","Central Council of the Tlingit & Haida Indian Tribes","","",NA,NA
"AKNV",81,"nd","Chalkyitsik Village","Chalkyitsik ANVSA","AK",6265,2418804
"AKNV",86,"nd","Cheesh-Na Tribe","Gakona ANVSA","AK",6520,2418592
"AKNV",86,"n","Cheesh-Na Tribe","Chistochina ANVSA","AK",6325,2418829
"TR48",82,"nd","Chemehuevi Indian Tribe of the Chemehuevi Reservation, California","Chemehuevi Reservation","CA",585,255956
"TR48",84,"nd","Cher-Ae Heights Indian Community of the Trinidad Rancheria, California","Trinidad Rancheria","CA",4275,268407
"TR48",78,"nd","Cherokee Nation","Cherokee OTSA","OK",5550,2418810
"AKNV",74,"nd","Chevak Native Village","Chevak ANVSA","AK",6285,2418813
"TR48",90,"nd","Cheyenne and Arapaho Tribes, Oklahoma","Cheyenne and Arapaho OTSA","OK",5560,2418814
"TR48",91,"nd","Cheyenne River Sioux Tribe of the Cheyenne River Reservation, South Dakota","Cheyenne River Reservation","SD",605,1267254
"TR48",69,"nd","Chickahominy Indian Tribe","Chickahominy TDSA","VA",8150,2418815
"TR48",68,"nd","Chickahominy Indian Tribe—Eastern Division","Eastern Chickahominy TDSA","VA",8160,2418562
"AKNV",70,"nd","Chickaloon Native Village","Chickaloon ANVSA","AK",6290,2418816
"TR48",85,"nd","Chicken Ranch Rancheria of Me-Wuk Indians of California","Chicken Ranch Rancheria","CA",620,2419337
"AKNV",66,"nd","Chignik Bay Tribal Council","Chignik ANVSA","AK",6295,2418820
"AKNV",67,"nd","Chignik Lake Village","Chignik Lake ANVSA","AK",6305,2418823
"AKNV",80,"nd","Chilkat Indian Village (Klukwan)","Chilkat ANVSA","AK",6310,2418825
"AKNV",95,"n","Chilkoot Indian Association (Haines)","Chilkoot ANVSA","AK",6315,2418826
"AKNV",77,"nd","Chinik Eskimo Community (Golovin)","Golovin ANVSA","AK",6540,2418601
"TR48",71,"nd","Chippewa Cree Indians of the Rocky Boy's Reservation, Montana","Rocky Boy's Reservation","MT",3205,767936
"TR48",89,"nd","Chitimacha Tribe of Louisiana","Chitimacha Reservation","LA",635,2419340
"AKNV",96,"d","Chuloonawick Native Village","Emmonak ANVSA","AK",6480,2418573
"AKNV",96,"n","Chuloonawick Native Village","Chuloonawick ANVSA","AK",6340,2418835
"AKNV",92,"nd","Circle Native Community","Circle ANVSA","AK",6350,2418836
"TR48",93,"nd","Citizen Potawatomi Nation, Oklahoma","Citizen Potawatomi Nation-Absentee Shawnee OTSA","OK",5600,1925074
"TR48",62,"none","Cloverdale Rancheria of Pomo Indians of California","","",NA,NA
"TR48",103,"nd","Cocopah Tribe of Arizona","Cocopah Reservation","AZ",695,3089
"TR48",114,"nd","Coeur D'Alene Tribe","Coeur d'Alene Reservation","ID",705,395231
"TR48",119,"nd","Cold Springs Rancheria of Mono Indians of California","Cold Springs Rancheria","CA",720,276284
"TR48",107,"nd","Colorado River Indian Tribes of the Colorado River Indian Reservation, Arizona and California","Colorado River Indian Reservation","AZ~CA",735,22753
"TR48",99,"nd","Comanche Nation, Oklahoma","Kiowa-Comanche-Apache-Fort Sill Apache OTSA","OK",5720,2418654
"TR48",99,"n","Comanche Nation, Oklahoma","Kiowa-Comanche-Apache-Ft Sill Apache/Caddo-Wichita-Delaware joint-use OTSA","OK",5955,2418655
"TR48",118,"nd","Confederated Salish and Kootenai Tribes of the Flathead Reservation","Flathead Reservation","MT",1110,806894
"TR48",563,"nd","Confederated Tribes and Bands of the Yakama Nation","Yakama Nation Reservation","WA",4690,1502906
"TR48",563,"r","Confederated Tribes and Bands of the Yakama Nation","Celilo Village","OR",560,2419333
"TR48",444,"nd","Confederated Tribes of Siletz Indians of Oregon","Siletz Reservation","OR",3795,1155124
"TR48",73,"nd","Confederated Tribes of the Chehalis Reservation","Chehalis Reservation","WA",575,1503930
"TR48",105,"nd","Confederated Tribes of the Colville Reservation","Colville Reservation","WA",760,1529464
"TR48",98,"nd","Confederated Tribes of the Coos, Lower Umpqua and Siuslaw Indians","Coos, Lower Umpqua, and Siuslaw Reservation","OR",770,2418879
"TR48",65,"n","Confederated Tribes of the Goshute Reservation, Nevada and Utah","Goshute Reservation","NV~UT",1340,1455300
"TR48",153,"nd","Confederated Tribes of the Grand Ronde Community of Oregon","Grand Ronde Community","OR",1365,2418950
"TR48",529,"nd","Confederated Tribes of the Umatilla Indian Reservation","Umatilla Reservation","OR~WA",4405,1159100
"TR48",529,"r","Confederated Tribes of the Umatilla Indian Reservation","Celilo Village","OR",560,2419333
"TR48",560,"nd","Confederated Tribes of the Warm Springs Reservation of Oregon","Warm Springs Reservation","OR",4545,1133438
"TR48",560,"r","Confederated Tribes of the Warm Springs Reservation of Oregon","Celilo Village","OR",560,2419333
"TR48",106,"nd","Coquille Indian Tribe","Coquille Reservation","OR",775,2418881
"TR48",109,"nd","Coushatta Tribe of Louisiana","Coushatta Reservation","LA",795,545438
"TR48",110,"nd","Cow Creek Band of Umpqua Tribe of Indians","Cow Creek Reservation","OR",815,2418898
"TR48",111,"n","Cowlitz Indian Tribe","Cowlitz Reservation","WA",820,2772245
"TR48",120,"nd","Coyote Valley Band of Pomo Indians of California","Coyote Valley Reservation","CA",825,1985199
"AKNV",112,"nd","Craig Tribal Association","Craig ANVSA","AK",6385,2418851
"TR48",113,"nd","Crow Creek Sioux Tribe of the Crow Creek Reservation, South Dakota","Crow Creek Reservation","SD",855,1267067
"TR48",116,"nd","Crow Tribe of Montana","Crow Reservation","MT",845,806896
"AKNV",117,"d","Curyung Tribal Council","Dillingham ANVSA","AK",6405,2418554
"TR48",123,"nd","Delaware Nation, Oklahoma","Caddo-Wichita-Delaware OTSA","OK",5540,1925075
"TR48",123,"n","Delaware Nation, Oklahoma","Kiowa-Comanche-Apache-Ft Sill Apache/Caddo-Wichita-Delaware joint-use OTSA","OK",5955,2418655
"TR48",124,"d","Delaware Tribe of Indians","Cherokee OTSA","OK",5550,2418810
"AKNV",126,"n","Douglas Indian Association","Douglas ANVSA","AK",6420,2418558
"TR48",121,"n","Dry Creek Rancheria Band of Pomo Indians, California","Dry Creek Rancheria","CA",955,222639
"TR48",127,"nd","Duckwater Shoshone Tribe (previously listed as Duckwater Shoshone Tribe of the Duckwater Reservation, Nevada)","Duckwater Reservation","NV",975,845441
"TR48",129,"nd","Eastern Band of Cherokee Indians","Eastern Cherokee Reservation","NC",990,1018039
"TR48",138,"nd","Eastern Shawnee Tribe of Oklahoma","Eastern Shawnee OTSA","OK",5640,2418563
"TR48",128,"nd","Eastern Shoshone Tribe of the Wind River Reservation, Wyoming","Wind River Reservation","WY",4610,1597068
"AKNV",130,"nd","Egegik Village","Egegik ANVSA","AK",6445,2418567
"AKNV",131,"nd","Eklutna Native Village","Eklutna ANVSA","AK",6450,2418569
"TR48",133,"n","Elem Indian Colony of Pomo Indians of the Sulphur Bank Rancheria, California","Sulphur Bank Rancheria","CA",4030,267889
"TR48",132,"nd","Elk Valley Rancheria, California","Elk Valley Rancheria","CA",1010,1657318
"TR48",134,"nd","Ely Shoshone Tribe of Nevada","Ely Reservation","NV",1040,859672
"AKNV",135,"nd","Emmonak Village","Emmonak ANVSA","AK",6480,2418573
"TR48",136,"n","Enterprise Rancheria of Maidu Indians of California","Enterprise Rancheria","CA",1055,259950
"AKNV",139,"nd","Evansville Village (aka Bettles Field)","Evansville ANVSA","AK",6490,2418575
"TR48",137,"nd","Ewiiaapaayp Band of Kumeyaay Indians, California","Ewiiaapaayp Reservation","CA",1065,241187
"TR48",151,"none","Federated Indians of Graton Rancheria, California","","",NA,NA
"TR48",143,"nd","Flandreau Santee Sioux Tribe of South Dakota","Flandreau Reservation","SD",1100,1934365
"TR48",142,"nd","Forest County Potawatomi Community, Wisconsin","Forest County Potawatomi Community","WI",1135,2418936
"TR48",36,"nd","Fort Belknap Indian Community of the Fort Belknap Reservation of Montana","Fort Belknap Reservation","MT",1150,767938
"TR48",41,"nd","Fort Bidwell Indian Community of the Fort Bidwell Reservation of California","Fort Bidwell Reservation","CA",1170,260275
"TR48",181,"nd","Fort Independence Indian Community of Paiute Indians of the Fort Independence Reservation, California","Fort Independence Reservation","CA",1195,260277
"TR48",141,"n","Fort McDermitt Paiute and Shoshone Tribes of the Fort McDermitt Indian Reservation, Nevada and Oregon","Fort McDermitt Indian Reservation","NV~OR",1210,859740
"TR48",260,"nd","Fort McDowell Yavapai Nation, Arizona","Fort McDowell Yavapai Nation Reservation","AZ",1220,36978
"TR48",281,"nd","Fort Mojave Indian Tribe of Arizona, California & Nevada","Fort Mojave Reservation","AZ~CA~NV",1235,24003
"TR48",451,"n","Fort Sill Apache Tribe of Oklahoma","Fort Sill Apache Indian Reservation","NM",1270,2711352
"TR48",451,"nd","Fort Sill Apache Tribe of Oklahoma","Kiowa-Comanche-Apache-Fort Sill Apache OTSA","OK",5720,2418654
"TR48",451,"n","Fort Sill Apache Tribe of Oklahoma","Kiowa-Comanche-Apache-Ft Sill Apache/Caddo-Wichita-Delaware joint-use OTSA","OK",5955,2418655
"TR48",148,"nd","Gila River Indian Community of the Gila River Indian Reservation, Arizona","Gila River Indian Reservation","AZ",1310,23998
"TR48",155,"nd","Grand Traverse Band of Ottawa and Chippewa Indians, Michigan","Grand Traverse Reservation","MI",1370,2418951
"TR48",152,"n","Greenville Rancheria","Greenville Rancheria","CA",1380,1666180
"TR48",158,"n","Grindstone Indian Rancheria of Wintun-Wailaki Indians of California","Grindstone Indian Rancheria","CA",1395,266781
"TR48",156,"n","Guidiville Rancheria of California","Guidiville Rancheria","CA",1400,224709
"AKNV",149,"nd","Gulkana Village Council","Gulkana ANVSA","AK",6560,2418604
"TR48",167,"n","Habematolel Pomo of Upper Lake, California","Upper Lake Rancheria","CA",4430,1654496
"TR48",160,"nd","Hannahville Indian Community, Michigan","Hannahville Indian Community","MI",1410,1616983
"TR48",161,"nd","Havasupai Tribe of the Havasupai Reservation, Arizona","Havasupai Reservation","AZ",1440,45638
"AKNV",164,"n","Healy Lake Village","Healy Lake ANVSA","AK",6575,2418613
"TR48",168,"nd","Ho-Chunk Nation of Wisconsin","Ho-Chunk Nation Reservation","MN~WI",1450,2418963
"TR48",169,"nd","Hoh Indian Tribe","Hoh Indian Reservation","WA",1460,1505548
"AKNV",162,"nd","Holy Cross Tribe","Holy Cross ANVSA","AK",6585,2418617
"AKNV",170,"nd","Hoonah Indian Association","Hoonah ANVSA","AK",6590,2418618
"TR48",171,"nd","Hoopa Valley Tribe, California","Hoopa Valley Reservation","CA",1490,251972
"TR48",173,"nd","Hopi Tribe of Arizona","Hopi Reservation","AZ",1505,24001
"TR48",165,"nd","Hopland Band of Pomo Indians, California","Hopland Rancheria","CA",1515,225577
"TR48",166,"nd","Houlton Band of Maliseet Indians","Houlton Maliseet Reservation","ME",1530,2418969
"TR48",174,"nd","Hualapai Indian Tribe of the Hualapai Indian Reservation, Arizona","Hualapai Indian Reservation","AZ",1545,45633
"AKNV",175,"nd","Hughes Village","Hughes ANVSA","AK",6605,2418621
"AKNV",176,"n","Huslia Village","Huslia ANVSA","AK",6610,2418622
"AKNV",163,"nd","Hydaburg Cooperative Association","Hydaburg ANVSA","AK",6615,2418623
"AKNV",177,"nd","Igiugig Village","Igiugig ANVSA","AK",6620,2418625
"TR48",178,"nd","Iipay Nation of Santa Ysabel, California","Santa Ysabel Reservation","CA",3550,255932
"TR48",179,"n","Inaja Band of Diegueno Mission Indians of the Inaja and Cosmit Reservation, California","Inaja and Cosmit Reservation","CA",1560,243797
"AKNV",182,"d","Inupiat Community of the Arctic Slope","Utqiagvik ANVSA","AK",6175,2418784
"TR48",184,"n","Ione Band of Miwok Indians of California","Ione Band of Miwok TDSA","CA",8300,2418631
"TR48",185,"nd","Iowa Tribe of Kansas and Nebraska","Iowa (KS-NE) Reservation","KS~NE",1590,479831
"TR48",186,"nd","Iowa Tribe of Oklahoma","Iowa OTSA","OK",5670,1925066
"AKNV",187,"d","Iqugmiut Traditional Council","Russian Mission ANVSA","AK",7315,2419202
"AKNV",189,"n","Ivanof Bay Tribe","Ivanof Bay ANVSA","AK",6650,2418632
"TR48",192,"nd","Jackson Band of Miwuk Indians","Jackson Rancheria","CA",1640,226085
"TR48",195,"nd","Jamestown S'Klallam Tribe","Jamestown S'Klallam Reservation","WA",1655,2418978
"TR48",190,"nd","Jamul Indian Village of California","Jamul Indian Village","CA",1670,2418979
"TR48",191,"nd","Jena Band of Choctaw Indians","Jena Band of Choctaw Reservation","LA",1690,2453210
"TR48",194,"nd","Jicarilla Apache Nation, New Mexico","Jicarilla Apache Nation Reservation","NM",1700,1934339
"AKNV",196,"d","Kaguyak Village","Akhiok ANVSA","AK",6015,2418754
"TR48",197,"nd","Kaibab Band of Paiute Indians of the Kaibab Indian Reservation, Arizona","Kaibab Indian Reservation","AZ",1720,23994
"AKNV",214,"nd","Kaktovik Village (aka Barter Island)","Kaktovik ANVSA","AK",6680,2418636
"TR48",198,"nd","Kalispel Indian Community of the Kalispel Reservation","Kalispel Reservation","WA",1735,1528426
"TR48",202,"n","Karuk Tribe","Karuk Reservation","CA",1750,2418982
"TR48",230,"n","Kashia Band of Pomo Indians of the Stewarts Point Rancheria, California","Stewarts Point Rancheria","CA",3985,235473
"AKNV",229,"nd","Kasigluk Traditional Elders Council","Kasigluk ANVSA","AK",6710,2418644
"TR48",204,"nd","Kaw Nation, Oklahoma","Kaw OTSA","OK",5690,1925070
"TR48",204,"n","Kaw Nation, Oklahoma","Kaw/Ponca joint-use OTSA","OK",5950,2418647
"AKNV",210,"nd","Kenaitze Indian Tribe","Kenaitze ANVSA","AK",6720,2418648
"AKNV",231,"nd","Ketchikan Indian Community","Ketchikan ANVSA","AK",6725,2575182
"TR48",236,"d","Keweenaw Bay Indian Community, Michigan","L'Anse Reservation","MI",1880,1616978
"TR48",236,"r","Keweenaw Bay Indian Community, Michigan","Ontonagon Reservation","MI",2580,1934329
"TR48",211,"d","Kialegee Tribal Town","Creek OTSA","OK",5620,1925077
"TR48",208,"n","Kickapoo Traditional Tribe of Texas","Kickapoo (TX) Reservation","TX",1775,2418986
"TR48",206,"nd","Kickapoo Tribe of Indians of the Kickapoo Reservation in Kansas","Kickapoo (KS) Reservation","KS",1770,479833
"TR48",206,"n","Kickapoo Tribe of Indians of the Kickapoo Reservation in Kansas","Kickapoo (KS) Reservation/Sac and Fox Nation Trust Land joint-use area","KS",4910,2418987
"TR48",207,"nd","Kickapoo Tribe of Oklahoma","Kickapoo OTSA","OK",5700,2418651
"AKNV",220,"d","King Island Native Community","Nome ANVSA","AK",7095,2575187
"AKNV",221,"n","King Salmon Tribe","King Salmon ANVSA","AK",6740,2575183
"TR48",212,"n","Kiowa Indian Tribe of Oklahoma","Kiowa-Comanche-Apache-Fort Sill Apache OTSA","OK",5720,2418654
"TR48",212,"nd","Kiowa Indian Tribe of Oklahoma","Kiowa-Comanche-Apache-Ft Sill Apache/Caddo-Wichita-Delaware joint-use OTSA","OK",5955,2418655
"TR48",215,"nd","Klamath Tribes","Klamath Reservation","OR",1785,2418990
"AKNV",216,"nd","Klawock Cooperative Association","Klawock ANVSA","AK",6765,2418659
"TR48",209,"n","Kletsel Dehe Wintun Nation of the Cortina Rancheria (previously listed as Kletsel Dehe Band of Wintun Indians)","Cortina Indian Rancheria","CA",780,221603
"AKNV",222,"nod","Knik Tribe","Knik ANVSA","AK",6290,2418816
"TR48",224,"none","Koi Nation of Northern California","","",NA,NA
"AKNV",225,"n","Kokhanok Village","Kokhanok ANVSA","AK",6800,2418666
"TR48",232,"nd","Kootenai Tribe of Idaho","Kootenai Reservation","ID",1800,394860
"AKNV",227,"nd","Koyukuk Native Village","Koyukuk ANVSA","AK",6830,2418674
"TR48",244,"nd","La Jolla Band of Luiseno Indians, California","La Jolla Reservation","CA",1850,271928
"TR48",248,"n","La Posta Band of Diegueno Mission Indians of the La Posta Indian Reservation, California","La Posta Indian Reservation","CA",1895,255947
"TR48",248,"d","La Posta Band of Diegueno Mission Indians of the La Posta Indian Reservation, California","Campo Indian Reservation","CA",450,270242
"TR48",104,"nd","Lac Courte Oreilles Band of Lake Superior Chippewa Indians of Wisconsin","Lac Courte Oreilles Reservation","WI",1815,1577192
"TR48",140,"nd","Lac du Flambeau Band of Lake Superior Chippewa Indians of the Lac du Flambeau Reservation of Wisconsin","Lac du Flambeau Reservation","WI",1825,1580845
"TR48",539,"nd","Lac Vieux Desert Band of Lake Superior Chippewa Indians of Michigan","Lac Vieux Desert Reservation","MI",1830,2418993
"TR48",253,"nd","Las Vegas Tribe of Paiute Indians of the Las Vegas Indian Colony, Nevada","Las Vegas Indian Colony","NV",1915,853945
"AKNV",242,"nd","Levelock Village","Levelock ANVSA","AK",6865,2418684
"AKNV",243,"nod","Lime Village","Lime Village ANVSA","AK",6875,2418686
"TR48",249,"nd","Little River Band of Ottawa Indians, Michigan","Little River Reservation","MI",1960,2418998
"TR48",250,"none","Little Shell Tribe of Chippewa Indians of Montana","","",NA,NA
"TR48",251,"nd","Little Traverse Bay Bands of Odawa Indians, Michigan","Little Traverse Bay Reservation","MI",1963,2419000
"TR48",247,"nd","Lone Pine Paiute-Shoshone Tribe","Lone Pine Reservation","CA",1970,275865
"TR48",240,"nd","Los Coyotes Band of Cahuilla and Cupeno Indians, California","Los Coyotes Reservation","CA",1995,272219
"AKNV",246,"nd","Louden Tribe (previously listed as Galena Village (aka Louden Village))","Galena ANVSA","AK",6525,2418594
"TR48",254,"nd","Lovelock Paiute Tribe of the Lovelock Indian Colony, Nevada","Lovelock Indian Colony","NV",2015,850417
"TR48",255,"nd","Lower Brule Sioux Tribe of the Lower Brule Reservation, South Dakota","Lower Brule Reservation","SD",2030,1267015
"TR48",241,"nd","Lower Elwha Tribal Community","Lower Elwha Reservation","WA",2040,1528424
"TR48",256,"nd","Lower Sioux Indian Community in the State of Minnesota","Lower Sioux Indian Community","MN",2055,647264
"TR48",252,"nd","Lummi Tribe of the Lummi Reservation","Lummi Reservation","WA",2070,1511578
"TR48",257,"n","Lytton Rancheria of California","Lytton Rancheria","CA",2075,227877
"TR48",258,"nd","Makah Indian Tribe of the Makah Indian Reservation","Makah Indian Reservation","WA",2085,1511577
"TR48",265,"n","Manchester Band of Pomo Indians of the Manchester Rancheria, California","Manchester-Point Arena Rancheria","CA",2100,1985200
"AKNV",276,"nd","Manley Hot Springs Village","Manley Hot Springs ANVSA","AK",6900,2418694
"AKNV",278,"nd","Manokotak Village","Manokotak ANVSA","AK",6905,2418696
"TR48",292,"nd","Manzanita Band of Diegueno Mission Indians of the Manzanita Reservation, California","Manzanita Reservation","CA",2115,245463
"TR48",284,"nd","Mashantucket Pequot Indian Tribe","Mashantucket Pequot Reservation","CT",2145,212541
"TR48",291,"nd","Mashpee Wampanoag Tribe","Mashpee Wampanoag Trust Land","MA",2147,2786720
"TR48",259,"nd","Match-e-be-nash-she-wish Band of Pottawatomi Indians of Michigan","Match-e-be-nash-she-wish Band of Pottawatomi Reservation","MI",2150,2547776
"AKNV",261,"nd","McGrath Native Village","McGrath ANVSA","AK",6895,2418700
"TR48",263,"n","Mechoopda Indian Tribe of Chico Rancheria, California","Mechoopda TDSA","CA",8450,2418703
"TR48",277,"nd","Menominee Indian Tribe of Wisconsin","Menominee Reservation","WI",2175,1831784
"AKNV",279,"n","Mentasta Traditional Council","Mentasta Lake ANVSA","AK",6945,2418707
"TR48",288,"n","Mesa Grande Band of Diegueno Mission Indians of the Mesa Grande Reservation, California","Mesa Grande Reservation","CA",2190,2419013
"TR48",288,"d","Mesa Grande Band of Diegueno Mission Indians of the Mesa Grande Reservation, California","Santa Ysabel Reservation","CA",3550,255932
"TR48",287,"nd","Mescalero Apache Tribe of the Mescalero Reservation, New Mexico","Mescalero Reservation","NM",2205,924240
"AKNV",289,"nd","Metlakatla Indian Community, Annette Island Reserve","Annette Island Reserve","AK",110,1934114
"TR48",271,"n","Miami Tribe of Oklahoma","Miami OTSA","OK",5730,2418711
"TR48",271,"nd","Miami Tribe of Oklahoma","Miami/Peoria joint-use OTSA","OK",5970,2418712
"TR48",267,"n","Miccosukee Tribe of Indians","Miccosukee Reservation","FL",2240,307483
"TR48",290,"n","Middletown Rancheria of Pomo Indians of California","Middletown Rancheria","CA",2255,228627
"TR48",273,"nd","Mi'kmaq Nation (previously listed as Aroostook Band of Micmacs)","Aroostook Band of Micmac Trust Land","ME",115,2562463
"TR48",274,"nd","Minnesota Chippewa Tribe, Minnesota (Six component reservations: Bois Forte Band (Nett Lake); Fond du Lac Band; Grand Portage Band; Leech Lake Band; Mille Lacs Band; White Earth Band)","Bois Forte Reservation","MN",335,2105053
"TR48",274,"nd","Minnesota Chippewa Tribe, Minnesota (Six component reservations: Bois Forte Band (Nett Lake); Fond du Lac Band; Grand Portage Band; Leech Lake Band; Mille Lacs Band; White Earth Band)","Fond du Lac Reservation","MN~WI",1125,654521
"TR48",274,"nd","Minnesota Chippewa Tribe, Minnesota (Six component reservations: Bois Forte Band (Nett Lake); Fond du Lac Band; Grand Portage Band; Leech Lake Band; Mille Lacs Band; White Earth Band)","Grand Portage Reservation","MN",1355,654523
"TR48",274,"nd","Minnesota Chippewa Tribe, Minnesota (Six component reservations: Bois Forte Band (Nett Lake); Fond du Lac Band; Grand Portage Band; Leech Lake Band; Mille Lacs Band; White Earth Band)","Leech Lake Reservation","MN",1940,659096
"TR48",274,"nd","Minnesota Chippewa Tribe, Minnesota (Six component reservations: Bois Forte Band (Nett Lake); Fond du Lac Band; Grand Portage Band; Leech Lake Band; Mille Lacs Band; White Earth Band)","Mille Lacs Reservation","MN",2270,2419017
"TR48",274,"nd","Minnesota Chippewa Tribe, Minnesota (Six component reservations: Bois Forte Band (Nett Lake); Fond du Lac Band; Grand Portage Band; Leech Lake Band; Mille Lacs Band; White Earth Band)","White Earth Reservation","MN",4595,1934333
"TR48",274,"nd","Minnesota Chippewa Tribe, Minnesota (Six component reservations: Bois Forte Band (Nett Lake); Fond du Lac Band; Grand Portage Band; Leech Lake Band; Mille Lacs Band; White Earth Band)","Minnesota Chippewa Trust Land","MN",2285,2419018
"TR48",262,"nd","Mississippi Band of Choctaw Indians","Mississippi Choctaw Reservation","MS~TN",2300,685014
"TR48",282,"nd","Moapa Band of Paiute Indians of the Moapa River Indian Reservation, Nevada","Moapa River Indian Reservation","NV",2315,845336
"TR48",280,"n","Modoc Nation","Modoc OTSA","OK",5740,2418715
"TR48",280,"d","Modoc Nation","Ottawa OTSA","OK",5770,2419159
"TR48",270,"nd","Mohegan Tribe of Indians of Connecticut","Mohegan Reservation","CT",2320,2419022
"TR48",275,"none","Monacan Indian Nation","","",NA,NA
"TR48",286,"nd","Mooretown Rancheria of Maidu Indians of California","Mooretown Rancheria","CA",2340,2419023
"TR48",283,"nd","Morongo Band of Mission Indians, California","Morongo Reservation","CA",2360,255940
"TR48",264,"nd","Muckleshoot Indian Tribe","Muckleshoot Reservation","WA",2375,1533394
"AKNV",293,"nd","Naknek Native Village","Naknek ANVSA","AK",6990,2418721
"TR48",316,"none","Nansemond Indian Nation","","",NA,NA
"TR48",323,"nd","Narragansett Indian Tribe","Narragansett Reservation","RI",2415,2030138
"AKNV",3,"none","Native Village of Afognak","","",NA,NA
"AKNV",9,"nd","Native Village of Akhiok","Akhiok ANVSA","AK",6015,2418754
"AKNV",11,"nd","Native Village of Akutan","Akutan ANVSA","AK",6030,2418758
"AKNV",17,"nd","Native Village of Aleknagik","Aleknagik ANVSA","AK",6045,2418763
"AKNV",21,"nd","Native Village of Ambler","Ambler ANVSA","AK",6075,2418768
"AKNV",29,"nd","Native Village of Atka","Atka ANVSA","AK",6150,2418779
"AKNV",31,"nd","Native Village of Atqasuk","Atqasuk ANVSA","AK",6165,2418782
"AKNV",183,"nd","Native Village of Barrow Inupiat Traditional Government","Utqiagvik ANVSA","AK",6175,2418784
"AKNV",45,"n","Native Village of Belkofski","Belkofski ANVSA","AK",6195,2418788
"AKNV",45,"d","Native Village of Belkofski","King Cove ANVSA","AK",6735,2418652
"AKNV",50,"nd","Native Village of Brevig Mission","Brevig Mission ANVSA","AK",6240,2418796
"AKNV",33,"nd","Native Village of Buckland","Buckland ANVSA","AK",6250,2418797
"AKNV",101,"nd","Native Village of Cantwell","Cantwell ANVSA","AK",6255,2418800
"AKNV",83,"n","Native Village of Chenega (aka Chanega)","Chenega ANVSA","AK",6280,2418808
"AKNV",76,"nd","Native Village of Chignik Lagoon","Chignik Lagoon ANVSA","AK",6300,2418821
"AKNV",88,"nd","Native Village of Chitina","Chitina ANVSA","AK",6330,2418831
"AKNV",87,"nod","Native Village of Chuathbaluk (Russian Mission, Kuskokwim)","Chuathbaluk ANVSA","AK",6335,2418834
"AKNV",108,"n","Native Village of Council","Council ANVSA","AK",6380,2418849
"AKNV",108,"d","Native Village of Council","Nome ANVSA","AK",7095,2575187
"AKNV",122,"n","Native Village of Deering","Deering ANVSA","AK",6400,2418551
"AKNV",180,"nd","Native Village of Diomede (aka Inalik)","Inalik ANVSA","AK",6630,2418629
"AKNV",540,"n","Native Village of Eagle","Eagle ANVSA","AK",6430,2418560
"AKNV",332,"nd","Native Village of Eek","Eek ANVSA","AK",6440,2418566
"AKNV",329,"nd","Native Village of Ekuk","Ekuk ANVSA","AK",6455,2418570
"AKNV",329,"nd","Native Village of Ekuk","Dillingham ANVSA","AK",6405,2418554
"AKNV",541,"nd","Native Village of Ekwok","Ekwok ANVSA","AK",6460,2418571
"AKNV",330,"nd","Native Village of Elim","Elim ANVSA","AK",6470,2575181
"AKNV",331,"n","Native Village of Eyak (Cordova)","Eyak ANVSA","AK",6495,2418578
"AKNV",144,"nd","Native Village of False Pass","False Pass ANVSA","AK",6500,2418579
"AKNV",157,"nd","Native Village of Fort Yukon","Fort Yukon ANVSA","AK",6515,2418585
"AKNV",145,"nd","Native Village of Gakona","Gakona ANVSA","AK",6520,2418592
"AKNV",146,"nod","Native Village of Gambell","Gambell ANVSA","AK",6530,2418595
"AKNV",147,"n","Native Village of Georgetown","Georgetown ANVSA","AK",6535,2418598
"AKNV",150,"nd","Native Village of Goodnews Bay","Goodnews Bay ANVSA","AK",6545,2418602
"AKNV",159,"n","Native Village of Hamilton","Hamilton ANVSA","AK",6570,2418609
"AKNV",159,"d","Native Village of Hamilton","Kotlik ANVSA","AK",6815,2418671
"AKNV",172,"nd","Native Village of Hooper Bay","Hooper Bay ANVSA","AK",6595,2418619
"AKNV",200,"d","Native Village of Kanatak","Knik ANVSA","AK",6785,2418661
"AKNV",201,"n","Native Village of Karluk","Karluk ANVSA","AK",6700,2418641
"AKNV",544,"nd","Native Village of Kiana","Kiana ANVSA","AK",6730,2418650
"AKNV",213,"nd","Native Village of Kipnuk","Kipnuk ANVSA","AK",6750,2418656
"AKNV",234,"nd","Native Village of Kivalina","Kivalina ANVSA","AK",6755,2418658
"AKNV",218,"nd","Native Village of Kluti Kaah (aka Copper Center)","Copper Center ANVSA","AK",6365,2418846
"AKNV",223,"nd","Native Village of Kobuk","Kobuk ANVSA","AK",6790,2418664
"AKNV",219,"nd","Native Village of Kongiganak","Kongiganak ANVSA","AK",6810,2418669
"AKNV",233,"nd","Native Village of Kotzebue","Kotzebue ANVSA","AK",6820,2418672
"AKNV",228,"nd","Native Village of Koyuk","Koyuk ANVSA","AK",6825,2418673
"AKNV",235,"nd","Native Village of Kwigillingok","Kwigillingok ANVSA","AK",6840,2418676
"AKNV",400,"nd","Native Village of Kwinhagak (aka Quinhagak)","Kwinhagak ANVSA","AK",6845,2418678
"AKNV",239,"nd","Native Village of Larsen Bay","Larsen Bay ANVSA","AK",6855,2418682
"AKNV",285,"nd","Native Village of Marshall (aka Fortuna Ledge)","Marshall ANVSA","AK",6910,2418697
"AKNV",272,"n","Native Village of Mary's Igloo","Mary's Igloo ANVSA","AK",6915,2418698
"AKNV",272,"d","Native Village of Mary's Igloo","Teller ANVSA","AK",7570,2419253
"AKNV",268,"nd","Native Village of Mekoryuk","Mekoryuk ANVSA","AK",6935,2418705
"AKNV",546,"nd","Native Village of Minto","Minto ANVSA","AK",6965,2418713
"AKNV",295,"nd","Native Village of Nanwalek (aka English Bay)","Nanwalek ANVSA","AK",6995,2418725
"AKNV",322,"n","Native Village of Napaimute","Napaimute ANVSA","AK",7005,2418727
"AKNV",322,"d","Native Village of Napaimute","Bethel ANVSA","AK",6205,2418790
"AKNV",296,"n","Native Village of Napakiak","Napakiak ANVSA","AK",7010,2418728
"AKNV",297,"nd","Native Village of Napaskiak","Napaskiak ANVSA","AK",7020,2418729
"AKNV",311,"nd","Native Village of Nelson Lagoon","Nelson Lagoon ANVSA","AK",7025,2418732
"AKNV",304,"nd","Native Village of Nightmute","Nightmute ANVSA","AK",7065,2418741
"AKNV",308,"nd","Native Village of Nikolski","Nikolski ANVSA","AK",7075,2418745
"AKNV",317,"nd","Native Village of Noatak","Noatak ANVSA","AK",7085,2418749
"AKNV",327,"nd","Native Village of Nuiqsut (aka Nooiksut)","Nuiqsut ANVSA","AK",7125,2419151
"AKNV",314,"nd","Native Village of Nunam Iqua","Nunam Iqua ANVSA","AK",7133,2419153
"AKNV",315,"nd","Native Village of Nunapitchuk","Nunapitchuk ANVSA","AK",7135,2419154
"AKNV",351,"nd","Native Village of Ouzinkie","Ouzinkie ANVSA","AK",7180,2419160
"AKNV",547,"n","Native Village of Paimiut","Paimiut ANVSA","AK",7185,2419161
"AKNV",547,"d","Native Village of Paimiut","Hooper Bay ANVSA","AK",6595,2418619
"AKNV",378,"nd","Native Village of Perryville","Perryville ANVSA","AK",7215,2419166
"AKNV",362,"nd","Native Village of Pilot Point","Pilot Point ANVSA","AK",7225,2419169
"AKNV",371,"nd","Native Village of Point Hope","Point Hope ANVSA","AK",7250,2419176
"AKNV",372,"nd","Native Village of Point Lay","Point Lay ANVSA","AK",7255,2419177
"AKNV",379,"n","Native Village of Port Graham","Port Graham ANVSA","AK",7265,2419184
"AKNV",380,"nd","Native Village of Port Heiden","Port Heiden ANVSA","AK",7270,2419186
"AKNV",381,"nd","Native Village of Port Lions","Port Lions ANVSA","AK",7275,2419187
"AKNV",333,"nd","Native Village of Ruby","Ruby ANVSA","AK",7310,2419201
"AKNV",482,"nd","Native Village of Saint Michael","St. Michael ANVSA","AK",7375,2419229
"AKNV",417,"nd","Native Village of Savoonga","Savoonga ANVSA","AK",7415,2419208
"AKNV",425,"nd","Native Village of Scammon Bay","Scammon Bay ANVSA","AK",7425,2419210
"AKNV",429,"nd","Native Village of Selawik","Selawik ANVSA","AK",7430,2419211
"AKNV",435,"n","Native Village of Shaktoolik","Shaktoolik ANVSA","AK",7450,2419216
"AKNV",473,"nd","Native Village of Shishmaref","Shishmaref ANVSA","AK",7465,2419217
"AKNV",438,"nd","Native Village of Shungnak","Shungnak ANVSA","AK",7470,2419218
"AKNV",478,"nd","Native Village of Stevens","Stevens Village ANVSA","AK",7520,2419234
"AKNV",511,"nd","Native Village of Tanacross","Tanacross ANVSA","AK",7535,2419244
"AKNV",334,"nd","Native Village of Tanana","Tanana ANVSA","AK",7540,2419247
"AKNV",495,"nd","Native Village of Tatitlek","Tatitlek ANVSA","AK",7555,2419248
"AKNV",496,"nd","Native Village of Tazlina","Tazlina ANVSA","AK",7560,2419250
"AKNV",499,"nd","Native Village of Teller","Teller ANVSA","AK",7570,2419253
"AKNV",501,"n","Native Village of Tetlin","Tetlin ANVSA","AK",7580,2419255
"AKNV",514,"nd","Native Village of Tuntutuliak","Tuntutuliak ANVSA","AK",7640,2419265
"AKNV",524,"nd","Native Village of Tununak","Tununak ANVSA","AK",7645,2419267
"AKNV",527,"nd","Native Village of Tyonek","Tyonek ANVSA","AK",7655,2419272
"AKNV",532,"nd","Native Village of Unalakleet","Unalakleet ANVSA","AK",7690,2419276
"AKNV",335,"d","Native Village of Unga","Sand Point ANVSA","AK",7410,2419207
"AKNV",542,"nd","Native Village of Venetie Tribal Government (Arctic Village and Village of Venetie)","Arctic Village ANVSA","AK",6140,2418776
"AKNV",542,"nd","Native Village of Venetie Tribal Government (Arctic Village and Village of Venetie)","Venetie ANVSA","AK",7725,2575192
"AKNV",549,"n","Native Village of Wales","Wales ANVSA","AK",7740,2419282
"AKNV",336,"nd","Native Village of White Mountain","White Mountain ANVSA","AK",7745,2419284
"TR48",299,"nd","Navajo Nation, Arizona, New Mexico, & Utah","Navajo Nation Reservation","AZ~NM~UT",2430,41148
"AKNV",300,"nd","Nenana Native Association","Nenana ANVSA","AK",7030,2418734
"AKNV",307,"nd","New Koliganek Village Council","New Koliganek ANVSA","AK",7040,2418736
"AKNV",326,"nd","New Stuyahok Village","New Stuyahok ANVSA","AK",7050,2418737
"AKNV",305,"nd","Newhalen Village","Newhalen ANVSA","AK",7035,2418738
"AKNV",301,"nd","Newtok Village","Newtok ANVSA","AK",7055,2418739
"TR48",302,"nd","Nez Perce Tribe","Nez Perce Reservation","ID",2445,399588
"TR48",302,"r","Nez Perce Tribe","Celilo Village","OR",560,2419333
"AKNV",309,"nd","Nikolai Village","Nikolai ANVSA","AK",7070,2418744
"AKNV",313,"nd","Ninilchik Village","Ninilchik ANVSA","AK",7080,2418747
"TR48",306,"nd","Nisqually Indian Tribe","Nisqually Reservation","WA",2460,1528422
"AKNV",318,"nd","Nome Eskimo Community","Nome ANVSA","AK",7095,2575187
"AKNV",312,"nd","Nondalton Village","Nondalton ANVSA","AK",7100,2419145
"TR48",319,"n","Nooksack Indian Tribe","Nooksack Reservation","WA",2475,2419035
"AKNV",320,"nd","Noorvik Native Community","Noorvik ANVSA","AK",7110,2419146
"TR48",298,"nd","Northern Arapaho Tribe of the Wind River Reservation, Wyoming","Wind River Reservation","WY",4610,1597068
"TR48",321,"nd","Northern Cheyenne Tribe of the Northern Cheyenne Indian Reservation, Montana","Northern Cheyenne Indian Reservation","MT~SD",2490,1637567
"TR48",303,"n","Northfork Rancheria of Mono Indians of California","North Fork Rancheria","CA",2495,2419036
"AKNV",324,"nd","Northway Village","Northway ANVSA","AK",7115,2419147
"TR48",337,"n","Northwestern Band of the Shoshone Nation","Northwestern Shoshone Reservation","UT",2505,1455571
"TR48",325,"nd","Nottawaseppi Huron Band of the Potawatomi, Michigan","Huron Potawatomi Reservation","MI",1550,2109298
"AKNV",328,"nd","Nulato Village","Nulato ANVSA","AK",7130,2419152
"AKNV",310,"d","Nunakauyarmiut Tribe","Toksook Bay ANVSA","AK",7625,2419259
"TR48",338,"d","Oglala Sioux Tribe","Pine Ridge Reservation","NE~SD",2810,1263144
"TR48",341,"nd","Ohkay Owingeh, New Mexico","Ohkay Owingeh","NM",2510,1934344
"TR48",342,"nd","Omaha Tribe of Nebraska","Omaha Reservation","IA~NE",2550,834985
"TR48",343,"nd","Oneida Indian Nation","Oneida Nation Reservation","NY",2555,2419043
"TR48",344,"nd","Oneida Nation","Oneida (WI) Reservation","WI",2560,1577191
"TR48",345,"nd","Onondaga Nation","Onondaga Nation Reservation","NY",2570,979312
"AKNV",154,"nd","Organized Village of Grayling (aka Holikachuk)","Grayling ANVSA","AK",6550,2418603
"AKNV",545,"nd","Organized Village of Kake","Kake ANVSA","AK",6670,2418635
"AKNV",203,"nd","Organized Village of Kasaan","Kasaan ANVSA","AK",6705,2418643
"AKNV",237,"nd","Organized Village of Kwethluk","Kwethluk ANVSA","AK",6835,2418675
"AKNV",418,"nd","Organized Village of Saxman","Saxman ANVSA","AK",7420,2419209
"AKNV",349,"d","Orutsararmiut Traditional Native Council","Bethel ANVSA","AK",6205,2418790
"AKNV",347,"n","Oscarville Traditional Village","Oscarville ANVSA","AK",7175,2419157
"AKNV",347,"d","Oscarville Traditional Village","Napaskiak ANVSA","AK",7020,2418729
"TR48",348,"nd","Otoe-Missouria Tribe of Indians, Oklahoma","Otoe-Missouria OTSA","OK",5760,1925068
"TR48",350,"nd","Ottawa Tribe of Oklahoma","Ottawa OTSA","OK",5770,2419159
"TR48",389,"nd","Paiute Indian Tribe of Utah (Cedar Band of Paiutes, Kanosh Band of Paiutes, Koosharem Band of Paiutes, Indian Peaks Band of Paiutes, and Shivwits Band of Paiutes)","Paiute (UT) Reservation","UT",2625,1436088
"TR48",387,"nd","Paiute-Shoshone Tribe of the Fallon Reservation and Colony, Nevada","Fallon Paiute-Shoshone Colony","NV",1070,850495
"TR48",387,"n","Paiute-Shoshone Tribe of the Fallon Reservation and Colony, Nevada","Fallon Paiute-Shoshone Reservation","NV",1075,840414
"TR48",352,"nd","Pala Band of Mission Indians","Pala Reservation","CA",2635,272502
"TR48",354,"nd","Pamunkey Indian Tribe","Pamunkey (State) Reservation","VA",9260,1472036
"TR48",384,"nd","Pascua Yaqui Tribe of Arizona","Pascua Pueblo Yaqui Reservation","AZ",2680,2419049
"TR48",382,"n","Paskenta Band of Nomlaki Indians of California","Paskenta Rancheria","CA",2685,2419050
"TR48",383,"nd","Passamaquoddy Tribe","Indian Township Reservation","ME",1575,2418973
"TR48",383,"nd","Passamaquoddy Tribe","Passamaquoddy Trust Land","ME",2695,2419052
"TR48",383,"nd","Passamaquoddy Tribe","Pleasant Point Reservation","ME",2850,573503
"AKNV",366,"d","Pauloff Harbor Village","Sand Point ANVSA","AK",7410,2419207
"TR48",353,"nd","Pauma Band of Luiseno Mission Indians of the Pauma & Yuima Reservation, California","Pauma and Yuima Reservation","CA",2715,272896
"TR48",355,"nd","Pawnee Nation of Oklahoma","Pawnee OTSA","OK",5780,1925076
"TR48",356,"nd","Pechanga Band of Indians (previously listed as Pechanga Band of Luiseno Mission Indians of the Pechanga Reservation, California)","Pechanga Reservation","CA",2745,272911
"AKNV",359,"nd","Pedro Bay Village","Pedro Bay ANVSA","AK",7205,2419163
"TR48",368,"nd","Penobscot Nation","Penobscot Reservation","ME",2760,582669
"TR48",360,"n","Peoria Tribe of Indians of Oklahoma","Peoria OTSA","OK",5795,2419165
"TR48",360,"d","Peoria Tribe of Indians of Oklahoma","Ottawa OTSA","OK",5770,2419159
"TR48",360,"n","Peoria Tribe of Indians of Oklahoma","Miami/Peoria joint-use OTSA","OK",5970,2418712
"AKNV",386,"nd","Petersburg Indian Association","Petersburg ANVSA","AK",7220,2575188
"TR48",392,"n","Picayune Rancheria of Chukchansi Indians of California","Picayune Rancheria","CA",2775,1670201
"AKNV",363,"nd","Pilot Station Traditional Village","Pilot Station ANVSA","AK",7230,2419170
"TR48",391,"nd","Pinoleville Pomo Nation, California","Pinoleville Rancheria","CA",2820,230747
"TR48",364,"n","Pit River Tribe, California (includes XL Ranch, Big Bend, Likely, Lookout, Montgomery Creek, and Roaring Creek Rancherias)","Big Bend Rancheria","CA",215,256889
"TR48",364,"n","Pit River Tribe, California (includes XL Ranch, Big Bend, Likely, Lookout, Montgomery Creek, and Roaring Creek Rancherias)","Likely Rancheria","CA",1955,276402
"TR48",364,"n","Pit River Tribe, California (includes XL Ranch, Big Bend, Likely, Lookout, Montgomery Creek, and Roaring Creek Rancherias)","Lookout Rancheria","CA",1980,227643
"TR48",364,"n","Pit River Tribe, California (includes XL Ranch, Big Bend, Likely, Lookout, Montgomery Creek, and Roaring Creek Rancherias)","Montgomery Creek Rancheria","CA",2330,263771
"TR48",364,"n","Pit River Tribe, California (includes XL Ranch, Big Bend, Likely, Lookout, Montgomery Creek, and Roaring Creek Rancherias)","Roaring Creek Rancheria","CA",3185,265444
"TR48",364,"n","Pit River Tribe, California (includes XL Ranch, Big Bend, Likely, Lookout, Montgomery Creek, and Roaring Creek Rancherias)","Pit River Trust Land","CA",2835,2419056
"TR48",364,"n","Pit River Tribe, California (includes XL Ranch, Big Bend, Likely, Lookout, Montgomery Creek, and Roaring Creek Rancherias)","XL Ranch Rancheria","CA",4680,252581
"AKNV",385,"nd","Pitka's Point Traditional Council","Pitkas Point ANVSA","AK",7235,2419171
"AKNV",365,"nd","Platinum Traditional Village","Platinum ANVSA","AK",7245,2419173
"TR48",357,"nd","Poarch Band of Creek Indians","Poarch Creek Reservation","AL~FL",2865,2419057
"TR48",374,"nd","Pokagon Band of Potawatomi Indians, Michigan and Indiana","Pokagon Reservation","IN~MI",2890,2419058
"TR48",370,"nd","Ponca Tribe of Indians of Oklahoma","Ponca OTSA","OK",5800,2419180
"TR48",370,"n","Ponca Tribe of Indians of Oklahoma","Kaw/Ponca joint-use OTSA","OK",5950,2418647
"TR48",369,"n","Ponca Tribe of Nebraska","Ponca (NE) Trust Land","IA~NE",2900,2419061
"TR48",361,"nd","Port Gamble S'Klallam Tribe","Port Gamble Reservation","WA",2910,1507567
"AKNV",339,"n","Portage Creek Village (aka Ohgsenakale)","Portage Creek ANVSA","AK",7260,2419189
"TR48",388,"none","Potter Valley Tribe, California","","",NA,NA
"TR48",376,"nd","Prairie Band Potawatomi Nation","Prairie Band of Potawatomi Nation Reservation","KS",2980,1934332
"TR48",375,"nd","Prairie Island Indian Community in the State of Minnesota","Prairie Island Indian Community","MN",2985,654519
"AKNV",377,"nd","Pribilof Islands Aleut Communities of St. Paul & St. George Islands (Saint George Island and Saint Paul Island)","St. George ANVSA","AK",7340,2419228
"AKNV",377,"nd","Pribilof Islands Aleut Communities of St. Paul & St. George Islands (Saint George Island and Saint Paul Island)","St. Paul ANVSA","AK",7390,2419230
"TR48",1,"nd","Pueblo of Acoma, New Mexico","Acoma Pueblo","NM",10,1934337
"TR48",102,"nd","Pueblo of Cochiti, New Mexico","Pueblo de Cochiti","NM",680,937176
"TR48",188,"nd","Pueblo of Isleta, New Mexico","Isleta Pueblo","NM",1625,1934338
"TR48",193,"nd","Pueblo of Jemez, New Mexico","Jemez Pueblo","NM",1685,916031
"TR48",238,"nd","Pueblo of Laguna, New Mexico","Laguna Pueblo","NM",1840,1934340
"TR48",294,"nd","Pueblo of Nambe, New Mexico","Nambe Pueblo","NM",2400,918263
"TR48",358,"nd","Pueblo of Picuris, New Mexico","Picuris Pueblo","NM",2785,1934341
"TR48",373,"nd","Pueblo of Pojoaque, New Mexico","Pueblo of Pojoaque","NM",2990,937193
"TR48",430,"nd","Pueblo of San Felipe, New Mexico","San Felipe Pueblo","NM",3400,910614
"TR48",430,"n","Pueblo of San Felipe, New Mexico","San Felipe Pueblo/Santa Ana Pueblo joint-use area","NM",4930,2419124
"TR48",430,"n","Pueblo of San Felipe, New Mexico","San Felipe Pueblo/Santo Domingo Pueblo joint-use area","NM",4940,2419125
"TR48",443,"nd","Pueblo of San Ildefonso, New Mexico","San Ildefonso Pueblo","NM",3415,918342
"TR48",416,"nd","Pueblo of Sandia, New Mexico","Sandia Pueblo","NM",3370,1934343
"TR48",475,"nd","Pueblo of Santa Ana, New Mexico","Santa Ana Pueblo","NM",3480,1934345
"TR48",475,"n","Pueblo of Santa Ana, New Mexico","San Felipe Pueblo/Santa Ana Pueblo joint-use area","NM",4930,2419124
"TR48",424,"nd","Pueblo of Santa Clara, New Mexico","Santa Clara Pueblo","NM",3495,937196
"TR48",494,"nd","Pueblo of Taos, New Mexico","Taos Pueblo","NM",4140,1934342
"TR48",519,"nd","Pueblo of Tesuque, New Mexico","Tesuque Pueblo","NM",4170,937203
"TR48",575,"nd","Pueblo of Zia, New Mexico","Zia Pueblo","NM",4770,1934347
"TR48",390,"nd","Puyallup Tribe of the Puyallup Reservation","Puyallup Reservation","WA",3000,1514929
"TR48",393,"nd","Pyramid Lake Paiute Tribe of the Pyramid Lake Reservation, Nevada","Pyramid Lake Paiute Reservation","NV",3010,857503
"AKNV",394,"nd","Qagan Tayagungin Tribe of Sand Point","Sand Point ANVSA","AK",7410,2419207
"AKNV",401,"nd","Qawalangin Tribe of Unalaska","Unalaska ANVSA","AK",7695,2419277
"TR48",395,"nd","Quapaw Nation","Quapaw OTSA","OK",5810,2419193
"TR48",396,"nd","Quartz Valley Indian Community of the Quartz Valley Reservation of California","Quartz Valley Reservation","CA",3020,265103
"TR48",397,"nd","Quechan Tribe of the Fort Yuma Indian Reservation, California & Arizona","Fort Yuma Indian Reservation","AZ~CA",1280,242378
"TR48",398,"nd","Quileute Tribe of the Quileute Reservation","Quileute Reservation","WA",3030,1511646
"TR48",399,"nd","Quinault Indian Nation","Quinault Reservation","WA",3040,1531838
"TR48",407,"n","Ramona Band of Cahuilla, California","Ramona Village","CA",3070,273181
"AKNV",402,"nd","Rampart Village","Rampart ANVSA","AK",7300,2419195
"TR48",412,"nd","Rappahannock Tribe, Inc.","Rappahannock TDSA","VA",8700,2813263
"TR48",403,"nd","Red Cliff Band of Lake Superior Chippewa Indians of Wisconsin","Red Cliff Reservation","WI",3085,1577204
"TR48",405,"nd","Red Lake Band of Chippewa Indians, Minnesota","Red Lake Reservation","MN",3100,1934331
"TR48",404,"nd","Redding Rancheria, California","Redding Rancheria","CA",3095,1682404
"TR48",414,"nd","Redwood Valley or Little River Band of Pomo Indians of the Redwood Valley Rancheria California","Redwood Valley Rancheria","CA",3115,231455
"TR48",410,"nd","Reno-Sparks Indian Colony, Nevada","Reno-Sparks Indian Colony","NV",3130,853944
"TR48",367,"nd","Pulikla Tribe of Yurok People (previously listed as Resighini Rancheria, California)","Resighini Rancheria","CA",3145,1657342
"TR48",408,"nd","Rincon Band of Luiseno Mission Indians of Rincon Reservation, California","Rincon Reservation","CA",3165,273286
"TR48",411,"nd","Robinson Rancheria","Robinson Rancheria","CA",3195,234577
"TR48",413,"nd","Rosebud Sioux Tribe of the Rosebud Indian Reservation, South Dakota","Rosebud Indian Reservation","SD",3235,1266248
"TR48",409,"nd","Round Valley Indian Tribes, Round Valley Reservation, California","Round Valley Reservation","CA",3250,267196
"TR48",421,"nd","Sac & Fox Nation of Missouri in Kansas and Nebraska","Sac and Fox Nation Reservation","KS~NE",3285,479832
"TR48",421,"n","Sac & Fox Nation of Missouri in Kansas and Nebraska","Kickapoo (KS) Reservation/Sac and Fox Nation Trust Land joint-use area","KS",4910,2418987
"TR48",423,"nd","Sac & Fox Nation, Oklahoma","Sac and Fox OTSA","OK",5820,1925067
"TR48",422,"nd","Sac & Fox Tribe of the Mississippi in Iowa","Sac and Fox/Meskwaki Settlement","IA",3280,463420
"TR48",431,"d","Saginaw Chippewa Indian Tribe of Michigan","Isabella Reservation","MI",1610,1616981
"AKNV",479,"nd","St. George Island (See Pribilof Islands Aleut Communities of St. Paul & St. George Islands)","St. George ANVSA","AK",7340,2419228
"AKNV",484,"nd","Saint Paul Island (See Pribilof Islands Aleut Communities of St. Paul & St. George Islands)","St. Paul ANVSA","AK",7390,2419230
"TR48",470,"nd","Saint Regis Mohawk Tribe","St. Regis Mohawk Reservation","NY",3320,979449
"AKNV",453,"n","Salamatof Tribe","Salamatof ANVSA","AK",7400,2419203
"AKNV",453,"d","Salamatof Tribe","Kenaitze ANVSA","AK",6720,2418648
"TR48",471,"nd","Salt River Pima-Maricopa Indian Community of the Salt River Reservation, Arizona","Salt River Reservation","AZ",3340,37072
"TR48",415,"nd","Samish Indian Nation","Samish TDSA","WA",8750,2419206
"TR48",420,"nd","San Carlos Apache Tribe of the San Carlos Reservation, Arizona","San Carlos Reservation","AZ",3355,24000
"TR48",460,"d","San Juan Southern Paiute Tribe of Arizona","Navajo Nation Reservation","AZ~NM~UT",2430,41148
"TR48",467,"nd","San Pasqual Band of Diegueno Mission Indians of California","San Pasqual Reservation","CA",3460,255933
"TR48",472,"nd","Santa Rosa Band of Cahuilla Indians, California","Santa Rosa Reservation","CA",3525,1934330
"TR48",476,"nd","Santa Rosa Indian Community of the Santa Rosa Rancheria, California","Santa Rosa Rancheria","CA",3520,247949
"TR48",492,"nd","Santa Ynez Band of Chumash Mission Indians of the Santa Ynez Reservation, California","Santa Ynez Reservation","CA",3540,249132
"TR48",463,"nd","Santee Sioux Nation, Nebraska","Santee Reservation","NE",3565,1884912
"TR48",428,"nd","Santo Domingo Pueblo","Santo Domingo Pueblo","NM",3585,937201
"TR48",428,"n","Santo Domingo Pueblo","San Felipe Pueblo/Santo Domingo Pueblo joint-use area","NM",4940,2419125
"TR48",449,"nd","Sauk-Suiattle Indian Tribe","Sauk-Suiattle Reservation","WA",3625,2419131
"TR48",474,"n","Sault Ste. Marie Tribe of Chippewa Indians, Michigan","Sault Ste. Marie Reservation","MI",3635,2419132
"TR48",426,"none","Scotts Valley Band of Pomo Indians of California","","",NA,NA
"AKNV",452,"nd","Seldovia Village Tribe","Seldovia ANVSA","AK",7435,2419212
"TR48",455,"r","Seminole Tribe of Florida","Big Cypress Reservation","FL",225,1934321
"TR48",455,"r","Seminole Tribe of Florida","Brighton Reservation","FL",360,300151
"TR48",455,"r","Seminole Tribe of Florida","Fort Pierce Reservation","FL",1260,2418940
"TR48",455,"d","Seminole Tribe of Florida","Hollywood Reservation","FL",1475,284183
"TR48",455,"r","Seminole Tribe of Florida","Immokalee Reservation","FL",1555,2418972
"TR48",455,"r","Seminole Tribe of Florida","Tampa Reservation","FL",4130,2419488
"TR48",455,"r","Seminole Tribe of Florida","Seminole (FL) Trust Land","FL",3665,2419138
"TR48",455,"r","Seminole Tribe of Florida","Coconut Creek Trust Land","FL",690,2418876
"TR48",458,"d","Seneca Nation of Indians","Allegany Reservation","NY",80,978667
"TR48",458,"r","Seneca Nation of Indians","Cattaraugus Reservation","NY",540,978804
"TR48",458,"r","Seneca Nation of Indians","Oil Springs Reservation","NY",2535,959239
"TR48",457,"nd","Seneca-Cayuga Nation","Seneca-Cayuga OTSA","OK",5835,2419214
"AKNV",434,"nd","Shageluk Native Village","Shageluk ANVSA","AK",7440,2419215
"TR48",437,"nd","Shakopee Mdewakanton Sioux Community of Minnesota","Shakopee Mdewakanton Sioux Community","MN~SD",3680,649741
"TR48",432,"d","Shawnee Tribe","Ottawa OTSA","OK",5770,2419159
"TR48",440,"nd","Sherwood Valley Rancheria of Pomo Indians of California","Sherwood Valley Rancheria","CA",3735,232986
"TR48",442,"nd","Shingle Springs Band of Miwok Indians, Shingle Springs Rancheria (Verona Tract), California","Shingle Springs Rancheria","CA",3750,233021
"TR48",439,"nd","Shinnecock Indian Nation","Shinnecock (State) Reservation","NY",9370,979494
"TR48",436,"n","Shoalwater Bay Indian Tribe of the Shoalwater Bay Indian Reservation","Shoalwater Bay Indian Reservation","WA",3780,1508317
"TR48",433,"nd","Shoshone-Bannock Tribes of the Fort Hall Reservation","Fort Hall Reservation","ID",1185,399059
"TR48",441,"nd","Shoshone-Paiute Tribes of the Duck Valley Reservation, Nevada","Duck Valley Reservation","ID~NV",965,858264
"TR48",490,"nd","Sisseton-Wahpeton Oyate of the Lake Traverse Reservation, South Dakota","Lake Traverse Reservation","ND~SD",1860,1934336
"AKNV",445,"nd","Sitka Tribe of Alaska","Sitka ANVSA","AK",7475,2575190
"AKNV",446,"nd","Skagway Village","Skagway ANVSA","AK",7485,2575191
"TR48",448,"nd","Skokomish Indian Tribe","Skokomish Reservation","WA",3825,1525866
"TR48",450,"n","Skull Valley Band of Goshute Indians of Utah","Skull Valley Reservation","UT",3840,1445643
"TR48",462,"n","Snoqualmie Indian Tribe","Snoqualmie Reservation","WA",3860,2419473
"TR48",464,"nd","Soboba Band of Luiseno Indians, California","Soboba Reservation","CA",3870,249635
"TR48",447,"nd","Sokaogon Chippewa Community, Wisconsin","Sokaogon Chippewa Community","WI",3885,1577206
"AKNV",461,"nd","South Naknek Village","South Naknek ANVSA","AK",7505,2419226
"TR48",480,"nd","Southern Ute Indian Tribe of the Southern Ute Reservation, Colorado","Southern Ute Reservation","CO",3925,169585
"TR48",468,"nd","Spirit Lake Tribe, North Dakota","Spirit Lake Reservation","ND",3935,1934326
"TR48",466,"nd","Spokane Tribe of the Spokane Reservation","Spokane Reservation","WA",3940,1511576
"TR48",469,"nd","Squaxin Island Tribe of the Squaxin Island Reservation","Squaxin Island Reservation","WA",3955,1508671
"TR48",427,"nd","St. Croix Chippewa Indians of Wisconsin","St. Croix Reservation","WI",3305,1843172
"TR48",459,"nd","Standing Rock Sioux Tribe of North & South Dakota","Standing Rock Reservation","ND~SD",3970,1934335
"AKNV",477,"nd","Stebbins Community Association","Stebbins ANVSA","AK",7510,2419232
"TR48",481,"nd","Stillaguamish Tribe of Indians of Washington","Stillaguamish Reservation","WA",4000,2419481
"TR48",419,"n","Stockbridge Munsee Community, Wisconsin","Stockbridge Munsee Community","WI",4015,1577203
"TR48",485,"n","Summit Lake Paiute Tribe of Nevada","Summit Lake Reservation","NV",4045,858261
"AKNV",486,"n","Sun'aq Tribe of Kodiak","Kodiak ANVSA","AK",6795,2575184
"TR48",487,"nd","Suquamish Indian Tribe of the Port Madison Reservation","Port Madison Reservation","WA",2925,1507571
"TR48",488,"nd","Susanville Indian Rancheria, California","Susanville Indian Rancheria","CA",4060,235836
"TR48",489,"nd","Swinomish Indian Tribal Community","Swinomish Reservation","WA",4075,1528418
"TR48",491,"nd","Sycuan Band of the Kumeyaay Nation","Sycuan Reservation","CA",4090,273630
"TR48",493,"n","Table Mountain Rancheria","Table Mountain Rancheria","CA",4110,2419484
"AKNV",504,"nd","Takotna Village","Takotna ANVSA","AK",7530,2419241
"AKNV",512,"r","Tangirnaq Native Village","Lesnoi ANVSA","AK",6860,2575186
"TR48",497,"none","Tejon Indian Tribe","","",NA,NA
"AKNV",498,"n","Telida Village","Telida ANVSA","AK",7565,2419252
"AKNV",498,"d","Telida Village","Nikolai ANVSA","AK",7070,2418744
"TR48",500,"n","Te-Moak Tribe of Western Shoshone Indians of Nevada (Four constituent bands: Battle Mountain Band; Elko Band; South Fork Band; and Wells Band)","Battle Mountain Reservation","NV",165,838653
"TR48",500,"nd","Te-Moak Tribe of Western Shoshone Indians of Nevada (Four constituent bands: Battle Mountain Band; Elko Band; South Fork Band; and Wells Band)","Elko Colony","NV",1005,856239
"TR48",500,"n","Te-Moak Tribe of Western Shoshone Indians of Nevada (Four constituent bands: Battle Mountain Band; Elko Band; South Fork Band; and Wells Band)","South Fork Reservation","NV",3930,861680
"TR48",500,"n","Te-Moak Tribe of Western Shoshone Indians of Nevada (Four constituent bands: Battle Mountain Band; Elko Band; South Fork Band; and Wells Band)","Wells Colony","NV",4580,849846
"TR48",79,"nd","The Chickasaw Nation","Chickasaw OTSA","OK",5580,2418818
"TR48",72,"nd","The Choctaw Nation of Oklahoma","Choctaw OTSA","OK",5590,2418833
"TR48",266,"nd","The Muscogee (Creek) Nation","Creek OTSA","OK",5620,1925077
"TR48",266,"n","The Muscogee (Creek) Nation","Creek/Seminole joint-use OTSA","OK",5915,1925072
"TR48",346,"nd","The Osage Nation","Osage Reservation","OK",2595,1100113
"TR48",456,"n","The Seminole Nation of Oklahoma","Seminole OTSA","OK",5830,1925073
"TR48",456,"nd","The Seminole Nation of Oklahoma","Creek/Seminole joint-use OTSA","OK",5915,1925072
"TR48",507,"d","Thlopthlocco Tribal Town","Creek OTSA","OK",5620,1925077
"TR48",269,"nd","Three Affiliated Tribes of the Fort Berthold Reservation, North Dakota","Fort Berthold Reservation","ND",1160,1934325
"TR48",503,"n","Timbisha Shoshone Tribe","Timbi-Sha Shoshone Reservation","CA~NV",4180,2419492
"TR48",502,"nd","Tohono O'odham Nation of Arizona","Tohono O'odham Nation Reservation","AZ",4200,23763
"TR48",509,"d","Tolowa Dee-ni' Nation","Smith River Rancheria","CA",3855,274833
"TR48",515,"nd","Tonawanda Band of Seneca","Tonawanda Reservation","NY",4225,979554
"TR48",513,"nd","Tonkawa Tribe of Indians of Oklahoma","Tonkawa OTSA","OK",5860,1925069
"TR48",520,"nd","Tonto Apache Tribe of Arizona","Tonto Apache Reservation","AZ",4235,32748
"TR48",510,"nd","Torres Martinez Desert Cahuilla Indians, California","Torres-Martinez Reservation","CA",4255,255924
"AKNV",516,"nd","Traditional Village of Togiak","Togiak ANVSA","AK",7605,2419257
"TR48",521,"nd","Tulalip Tribes of Washington","Tulalip Reservation","WA",4290,1511575
"TR48",522,"nd","Tule River Indian Tribe of the Tule River Reservation, California","Tule River Reservation","CA",4300,275158
"AKNV",508,"nd","Tuluksak Native Community","Tuluksak ANVSA","AK",7630,2419263
"TR48",523,"nd","Tunica-Biloxi Indian Tribe","Tunica-Biloxi Reservation","LA",4315,2419503
"TR48",505,"nd","Tuolumne Band of Me-Wuk Indians of the Tuolumne Rancheria of California","Tuolumne Rancheria","CA",4330,236635
"TR48",517,"nd","Turtle Mountain Band of Chippewa Indians of North Dakota","Turtle Mountain Reservation","MT~ND~SD",4345,1934334
"TR48",518,"nd","Tuscarora Nation","Tuscarora Nation Reservation","NY",4360,979564
"TR48",526,"nd","Twenty-Nine Palms Band of Mission Indians of California","Twenty-Nine Palms Reservation","CA",4375,250737
"AKNV",525,"nd","Twin Hills Village","Twin Hills ANVSA","AK",7650,2419269
"AKNV",528,"n","Ugashik Village","Ugashik ANVSA","AK",7665,2419274
"AKNV",530,"d","Umkumiut Native Village","Nightmute ANVSA","AK",7065,2418741
"TR48",32,"n","United Auburn Indian Community of the Auburn Rancheria of California","Auburn Rancheria","CA",120,218454
"TR48",205,"nd","United Keetoowah Band of Cherokee Indians in Oklahoma","Cherokee OTSA","OK",5550,2418810
"TR48",531,"none","Upper Mattaponi Tribe","","",NA,NA
"TR48",533,"nd","Upper Sioux Community, Minnesota","Upper Sioux Community","MN",4445,653567
"TR48",534,"nd","Upper Skagit Indian Tribe","Upper Skagit Reservation","WA",4455,2419510
"TR48",536,"nd","Ute Indian Tribe of the Uintah & Ouray Reservation, Utah","Uintah and Ouray Reservation","UT",4390,1448012
"TR48",535,"nd","Ute Mountain Ute Tribe","Ute Mountain Reservation","CO~NM~UT",4470,169579
"TR48",537,"nd","Utu Utu Gwaitu Paiute Tribe of the Benton Paiute Reservation, California","Benton Paiute Reservation","CA",185,2419307
"AKNV",13,"nd","Village of Alakanuk","Alakanuk ANVSA","AK",6035,2418759
"AKNV",23,"nd","Village of Anaktuvuk Pass","Anaktuvuk Pass ANVSA","AK",6080,2418769
"AKNV",538,"nd","Village of Aniak","Aniak ANVSA","AK",6105,2418773
"AKNV",30,"nd","Village of Atmautluak","Atmautluak ANVSA","AK",6160,2418780
"AKNV",46,"n","Village of Bill Moore's Slough","Bill Moore's ANVSA","AK",6225,2418793
"AKNV",46,"d","Village of Bill Moore's Slough","Kotlik ANVSA","AK",6815,2418671
"AKNV",75,"nd","Village of Chefornak","Chefornak ANVSA","AK",6275,2418807
"AKNV",97,"nd","Village of Clarks Point","Clarks Point ANVSA","AK",6360,2418839
"AKNV",115,"nd","Village of Crooked Creek","Crooked Creek ANVSA","AK",6390,2418852
"AKNV",125,"nd","Village of Dot Lake","Dot Lake ANVSA","AK",6415,2418555
"AKNV",543,"nd","Village of Iliamna","Iliamna ANVSA","AK",6625,2418627
"AKNV",217,"nd","Village of Kalskag","Kalskag ANVSA","AK",6685,2418638
"AKNV",199,"nd","Village of Kaltag","Kaltag ANVSA","AK",6690,2418639
"AKNV",226,"nd","Village of Kotlik","Kotlik ANVSA","AK",6815,2418671
"AKNV",245,"nd","Village of Lower Kalskag","Lower Kalskag ANVSA","AK",6890,2418690
"AKNV",340,"n","Village of Ohogamiut","Ohogamiut ANVSA","AK",7145,2419155
"AKNV",340,"d","Village of Ohogamiut","Marshall ANVSA","AK",6910,2418697
"AKNV",406,"nd","Village of Red Devil","Red Devil ANVSA","AK",7305,2419197
"AKNV",454,"nd","Village of Sleetmute","Sleetmute ANVSA","AK",7495,2419223
"AKNV",465,"n","Village of Solomon","Solomon ANVSA","AK",7500,2419225
"AKNV",465,"d","Village of Solomon","Nome ANVSA","AK",7095,2575187
"AKNV",483,"nd","Village of Stony River","Stony River ANVSA","AK",7525,2419236
"AKNV",548,"nd","Village of Venetie (See Native Village of Venetie Tribal Government)","Venetie ANVSA","AK",7725,2575192
"AKNV",550,"nd","Village of Wainwright","Wainwright ANVSA","AK",7735,2419281
"TR48",555,"nd","Walker River Paiute Tribe of the Walker River Reservation, Nevada","Walker River Reservation","NV",4515,857504
"TR48",557,"nd","Wampanoag Tribe of Gay Head (Aquinnah)","Wampanoag-Aquinnah Trust Land","MA",4530,2419514
"TR48",551,"n","Washoe Tribe of Nevada & California (Carson Colony, Dresslerville Colony, Woodfords Community, Stewart Community, & Washoe Ranches)","Carson Colony","NV",510,859157
"TR48",551,"nd","Washoe Tribe of Nevada & California (Carson Colony, Dresslerville Colony, Woodfords Community, Stewart Community, & Washoe Ranches)","Dresslerville Colony","NV",940,862214
"TR48",551,"n","Washoe Tribe of Nevada & California (Carson Colony, Dresslerville Colony, Woodfords Community, Stewart Community, & Washoe Ranches)","Woodfords Community","CA",4665,1985241
"TR48",551,"n","Washoe Tribe of Nevada & California (Carson Colony, Dresslerville Colony, Woodfords Community, Stewart Community, & Washoe Ranches)","Stewart Community","NV",3980,2419480
"TR48",551,"n","Washoe Tribe of Nevada & California (Carson Colony, Dresslerville Colony, Woodfords Community, Stewart Community, & Washoe Ranches)","Washoe Ranches Trust Land","CA~NV",4560,2419516
"TR48",556,"nd","White Mountain Apache Tribe of the Fort Apache Reservation, Arizona","Fort Apache Reservation","AZ",1140,4741
"TR48",554,"nd","Wichita and Affiliated Tribes (Wichita, Keechi, Waco, & Tawakonie), Oklahoma","Caddo-Wichita-Delaware OTSA","OK",5540,1925075
"TR48",554,"n","Wichita and Affiliated Tribes (Wichita, Keechi, Waco, & Tawakonie), Oklahoma","Kiowa-Comanche-Apache-Ft Sill Apache/Caddo-Wichita-Delaware joint-use OTSA","OK",5955,2418655
"TR48",552,"none","Wilton Rancheria, California","","",NA,NA
"TR48",558,"nd","Winnebago Tribe of Nebraska","Winnebago Reservation","IA~NE",4625,834982
"TR48",559,"n","Winnemucca Indian Colony of Nevada","Winnemucca Indian Colony","NV",4635,849652
"TR48",553,"d","Wiyot Tribe, California","Table Bluff Reservation","CA",4095,1665550
"AKNV",561,"nd","Wrangell Cooperative Association","Wrangell ANVSA","AK",7755,2575193
"TR48",562,"nd","Wyandotte Nation","Wyandotte OTSA","OK",5890,2419290
"AKNV",566,"nd","Yakutat Tlingit Tribe","Yakutat ANVSA","AK",7765,2419292
"TR48",569,"nd","Yankton Sioux Tribe of South Dakota","Yankton Reservation","SD",4700,1891160
"TR48",570,"nd","Yavapai-Apache Nation of the Camp Verde Indian Reservation, Arizona","Yavapai-Apache Nation Reservation","AZ",4708,27214
"TR48",571,"nd","Yavapai-Prescott Indian Tribe","Yavapai-Prescott Reservation","AZ",4710,36443
"TR48",572,"nd","Yerington Paiute Tribe of the Yerington Colony & Campbell Ranch, Nevada","Campbell Ranch","NV",440,848690
"TR48",572,"nd","Yerington Paiute Tribe of the Yerington Colony & Campbell Ranch, Nevada","Yerington Colony","NV",4725,848133
"TR48",564,"d","Yocha Dehe Wintun Nation, California","Rumsey Indian Rancheria","CA",3265,232012
"TR48",568,"nd","Yomba Shoshone Tribe of the Yomba Reservation, Nevada","Yomba Reservation","NV",4740,862119
"TR48",567,"nd","Ysleta del Sur Pueblo","Ysleta del Sur Pueblo","TX",4755,2419529
"TR48",565,"nd","Yuhaaviatam of San Manuel Nation (previously listed as San Manuel Band of Mission Indians, California)","San Manuel Reservation","CA",3445,248904
"AKNV",573,"nod","Yupiit of Andreafski","Andreafsky ANVSA","AK",6095,2418771
"TR48",574,"nd","Yurok Tribe of the Yurok Reservation, California","Yurok Reservation","CA",4760,2419530
"TR48",576,"nd","Zuni Tribe of the Zuni Reservation, New Mexico","Zuni Reservation","AZ~NM",4785,1934346
